{
"__comment": "Designed by Corporalblober with BDcraft Cubik PRO 0.95 Beta - http://bdcraft.net",
"textures": {
    "0": "custom/black10",
    "1": "custom/rb3",
    "2": "custom/bt",
    "3": "custom/bt"
},
"elements": [ 
{
    "from": [ -11, 9.25, 7.5 ],
    "to": [ -0.25, 9.75, 7.75 ],
    "faces": {
        "down":  { "uv": [ 16, 7.75, 16, 7.5 ], "texture": "#0", "cullface": "west" },
        "up":    { "uv": [ 0, 7.5, 0, 7.75 ], "texture": "#0", "cullface": "west" },
        "north": { "uv": [ 16, 6.25, 16, 6.75 ], "texture": "#0", "cullface": "west" },
        "south": { "uv": [ 0, 6.25, 0, 6.75 ], "texture": "#0", "cullface": "west" },
        "west":  { "uv": [ 7.5, 6.25, 7.75, 6.75 ], "texture": "#0", "cullface": "west" }
    }
},
{
    "from": [ -11, 9, 7.75 ],
    "to": [ -0.25, 9.25, 8.25 ],
    "faces": {
        "down":  { "uv": [ 16, 8.25, 16, 7.75 ], "texture": "#0", "cullface": "west" },
        "up":    { "uv": [ 0, 7.75, 0, 8.25 ], "texture": "#0", "cullface": "west" },
        "north": { "uv": [ 16, 6.75, 16, 7 ], "texture": "#0", "cullface": "west" },
        "south": { "uv": [ 0, 6.75, 0, 7 ], "texture": "#0", "cullface": "west" },
        "west":  { "uv": [ 7.75, 6.75, 8.25, 7 ], "texture": "#0", "cullface": "west" }
    }
},
{
    "from": [ -11, 9.75, 7.75 ],
    "to": [ -0.25, 10, 8.25 ],
    "faces": {
        "down":  { "uv": [ 16, 8.25, 16, 7.75 ], "texture": "#0", "cullface": "west" },
        "up":    { "uv": [ 0, 7.75, 0, 8.25 ], "texture": "#0", "cullface": "west" },
        "north": { "uv": [ 16, 6, 16, 6.25 ], "texture": "#0", "cullface": "west" },
        "south": { "uv": [ 0, 6, 0, 6.25 ], "texture": "#0", "cullface": "west" },
        "west":  { "uv": [ 7.75, 6, 8.25, 6.25 ], "texture": "#0", "cullface": "west" }
    }
},
{
    "from": [ -11, 9.25, 8.25 ],
    "to": [ -0.25, 9.75, 8.5 ],
    "faces": {
        "down":  { "uv": [ 16, 8.5, 16, 8.25 ], "texture": "#0", "cullface": "west" },
        "up":    { "uv": [ 0, 8.25, 0, 8.5 ], "texture": "#0", "cullface": "west" },
        "north": { "uv": [ 16, 6.25, 16, 6.75 ], "texture": "#0", "cullface": "west" },
        "south": { "uv": [ 0, 6.25, 0, 6.75 ], "texture": "#0", "cullface": "west" },
        "west":  { "uv": [ 8.25, 6.25, 8.5, 6.75 ], "texture": "#0", "cullface": "west" }
    }
},
{
    "from": [ 16.5, 11, 7.5 ],
    "to": [ 17.25, 11.125, 8.5 ],
    "faces": {
        "down":  { "uv": [ 0, 8.5, 0, 7.5 ], "texture": "#2", "cullface": "east" },
        "up":    { "uv": [ 16, 7.5, 16, 8.5 ], "texture": "#2", "cullface": "east" },
        "north": { "uv": [ 0, 4.875, 0, 5 ], "texture": "#2", "cullface": "east" },
        "south": { "uv": [ 16, 4.875, 16, 5 ], "texture": "#2", "cullface": "east" },
        "east":  { "uv": [ 7.5, 4.875, 8.5, 5 ], "texture": "#2", "cullface": "east" }
    }
},
{
    "from": [ 10.75, 3.75, 7.25 ],
    "to": [ 12, 8, 8.75 ],
    "faces": {
        "down":  { "uv": [ 5.25, 8.75, 4, 7.25 ], "texture": "#0" },
        "north": { "uv": [ 4, 8, 5.25, 12.25 ], "texture": "#0" },
        "south": { "uv": [ 10.75, 8, 12, 12.25 ], "texture": "#0" },
        "west":  { "uv": [ 7.25, 8, 8.75, 12.25 ], "texture": "#0" },
        "east":  { "uv": [ 7.25, 8, 8.75, 12.25 ], "texture": "#0" }
    }
},
{
    "from": [ 12, 3.75, 7.5 ],
    "to": [ 12.25, 7.75, 8.5 ],
    "faces": {
        "down":  { "uv": [ 4, 8.5, 3.75, 7.5 ], "texture": "#0" },
        "north": { "uv": [ 3.75, 8.25, 4, 12.25 ], "texture": "#0" },
        "south": { "uv": [ 12, 8.25, 12.25, 12.25 ], "texture": "#0" }
    }
},
{
    "from": [ 12.25, 3.75, 7.25 ],
    "to": [ 15, 7.75, 8.75 ],
    "faces": {
        "down":  { "uv": [ 3.75, 8.75, 1, 7.25 ], "texture": "#0" },
        "north": { "uv": [ 1, 8.25, 3.75, 12.25 ], "texture": "#0" },
        "south": { "uv": [ 12.25, 8.25, 15, 12.25 ], "texture": "#0" },
        "west":  { "uv": [ 7.25, 8.25, 8.75, 12.25 ], "texture": "#0" },
        "east":  { "uv": [ 7.25, 8.25, 8.75, 12.25 ], "texture": "#0" }
    }
},
{
    "from": [ -13.25, 9, 8.5 ],
    "to": [ -11, 10, 8.75 ],
    "faces": {
        "down":  { "uv": [ 16, 8.75, 16, 8.5 ], "texture": "#0", "cullface": "west" },
        "up":    { "uv": [ 0, 8.5, 0, 8.75 ], "texture": "#0", "cullface": "west" },
        "north": { "uv": [ 16, 6, 16, 7 ], "texture": "#0", "cullface": "west" },
        "south": { "uv": [ 0, 6, 0, 7 ], "texture": "#0", "cullface": "west" },
        "west":  { "uv": [ 8.5, 6, 8.75, 7 ], "texture": "#0", "cullface": "west" },
        "east":  { "uv": [ 7.25, 6, 7.5, 7 ], "texture": "#0", "cullface": "west" }
    }
},
{
    "from": [ -13.25, 10, 7.5 ],
    "to": [ -11, 10.25, 8.5 ],
    "faces": {
        "down":  { "uv": [ 16, 8.5, 16, 7.5 ], "texture": "#0", "cullface": "west" },
        "up":    { "uv": [ 0, 7.5, 0, 8.5 ], "texture": "#0", "cullface": "west" },
        "north": { "uv": [ 16, 5.75, 16, 6 ], "texture": "#0", "cullface": "west" },
        "south": { "uv": [ 0, 5.75, 0, 6 ], "texture": "#0", "cullface": "west" },
        "west":  { "uv": [ 7.5, 5.75, 8.5, 6 ], "texture": "#0", "cullface": "west" },
        "east":  { "uv": [ 7.5, 5.75, 8.5, 6 ], "texture": "#0", "cullface": "west" }
    }
},
{
    "from": [ -13.25, 9, 7.25 ],
    "to": [ -11, 10, 7.5 ],
    "faces": {
        "down":  { "uv": [ 16, 7.5, 16, 7.25 ], "texture": "#0", "cullface": "west" },
        "up":    { "uv": [ 0, 7.25, 0, 7.5 ], "texture": "#0", "cullface": "west" },
        "north": { "uv": [ 16, 6, 16, 7 ], "texture": "#0", "cullface": "west" },
        "south": { "uv": [ 0, 6, 0, 7 ], "texture": "#0", "cullface": "west" },
        "west":  { "uv": [ 7.25, 6, 7.5, 7 ], "texture": "#0", "cullface": "west" },
        "east":  { "uv": [ 8.5, 6, 8.75, 7 ], "texture": "#0", "cullface": "west" }
    }
},
{
    "from": [ -13.25, 8.75, 7.5 ],
    "to": [ -11, 9, 8.5 ],
    "faces": {
        "down":  { "uv": [ 16, 8.5, 16, 7.5 ], "texture": "#0", "cullface": "west" },
        "up":    { "uv": [ 0, 7.5, 0, 8.5 ], "texture": "#0", "cullface": "west" },
        "north": { "uv": [ 16, 7, 16, 7.25 ], "texture": "#0", "cullface": "west" },
        "south": { "uv": [ 0, 7, 0, 7.25 ], "texture": "#0", "cullface": "west" },
        "west":  { "uv": [ 7.5, 7, 8.5, 7.25 ], "texture": "#0", "cullface": "west" },
        "east":  { "uv": [ 7.5, 7, 8.5, 7.25 ], "texture": "#0", "cullface": "west" }
    }
},
{
    "from": [ -11, 9, 7.5 ],
    "to": [ -10.5, 10, 8.5 ],
    "faces": {
        "down":  { "uv": [ 16, 8.5, 16, 7.5 ], "texture": "#0", "cullface": "west" },
        "up":    { "uv": [ 0, 7.5, 0, 8.5 ], "texture": "#0", "cullface": "west" },
        "north": { "uv": [ 16, 6, 16, 7 ], "texture": "#0", "cullface": "west" },
        "south": { "uv": [ 0, 6, 0, 7 ], "texture": "#0", "cullface": "west" },
        "west":  { "uv": [ 7.5, 6, 8.5, 7 ], "texture": "#0", "cullface": "west" },
        "east":  { "uv": [ 7.5, 6, 8.5, 7 ], "texture": "#0", "cullface": "west" }
    }
},
{
    "from": [ 10.875, 7.875, 7 ],
    "to": [ 15.375, 8.375, 9 ],
    "rotation": { "origin": [ 10.875, 8.375, 7 ], "axis": "z", "angle": -22.5 },
    "faces": {
        "down":  { "uv": [ 8.375, 7.3125, 12.875, 8.6875 ], "texture": "#1" },
        "up":    { "uv": [ 8.375, 7.3125, 12.875, 8.6875 ], "texture": "#1" },
        "north": { "uv": [ 8.375, 8.125, 12.875, 8.625 ], "texture": "#1" },
        "south": { "uv": [ 8.375, 8.125, 12.875, 8.625 ], "texture": "#1" },
        "west":  { "uv": [ 7.3125, 7.625, 8.6875, 8.125 ], "texture": "#1" },
        "east":  { "uv": [ 7.3125, 7.625, 8.6875, 8.125 ], "texture": "#1" }
    }
},
{
    "from": [ 10.5, 8, 7.25 ],
    "to": [ 29, 9.5, 9.25 ],
    "faces": {
        "down":  { "uv": [ 1, 6.75, 15, 9.25 ], "texture": "#1", "cullface": "east" },
        "up":    { "uv": [ 1, 6.75, 15, 9.25 ], "texture": "#1", "cullface": "east" },
        "north": { "uv": [ 1, 6.5, 15, 8 ], "texture": "#1", "cullface": "east" },
        "south": { "uv": [ 1, 6.5, 15, 8 ], "texture": "#1", "cullface": "east" },
        "west":  { "uv": [ 6.75, 6.5, 9.25, 8 ], "texture": "#1", "cullface": "east" }
    }
},
{
    "from": [ 14.8125, 6.1875, 7 ],
    "to": [ 15.25, 6.6875, 9 ],
    "faces": {
        "down":  { "uv": [ 12, 7.3125, 12.75, 8.6875 ], "texture": "#1" },
        "north": { "uv": [ 12, 9, 12.75, 9.5 ], "texture": "#1" },
        "south": { "uv": [ 12, 9, 12.75, 9.5 ], "texture": "#1" },
        "west":  { "uv": [ 7.3125, 8.25, 8.6875, 8.75 ], "texture": "#1" },
        "east":  { "uv": [ 7.3125, 8.25, 8.6875, 8.75 ], "texture": "#1" }
    }
},
{
    "from": [ 14.25, 6.5, 7 ],
    "to": [ 15.25, 7, 9 ],
    "faces": {
        "down":  { "uv": [ 5.25, 8.6875, 3.25, 7.3125 ], "texture": "#1" },
        "north": { "uv": [ 3.25, 7.5, 5.25, 8 ], "texture": "#1" },
        "south": { "uv": [ 10.75, 7.5, 12.75, 8 ], "texture": "#1" },
        "west":  { "uv": [ 7.3125, 7.75, 8.6875, 8.25 ], "texture": "#1" },
        "east":  { "uv": [ 7.3125, 7.75, 8.6875, 8.25 ], "texture": "#1" }
    }
},
{
    "from": [ 13, 7, 7 ],
    "to": [ 15.25, 7.5, 9 ],
    "faces": {
        "down":  { "uv": [ 10.5, 7.3125, 12.75, 8.6875 ], "texture": "#1" },
        "north": { "uv": [ 10.5, 8.5, 12.75, 9 ], "texture": "#1" },
        "south": { "uv": [ 10.5, 8.5, 12.75, 9 ], "texture": "#1" },
        "west":  { "uv": [ 7.3125, 8.5, 8.6875, 9 ], "texture": "#1" }
    }
},
{
    "from": [ 29.5, 5.5, 6.8125 ],
    "to": [ 30, 10.75, 9.1875 ],
    "faces": {
        "down":  { "uv": [ 0, 9.1875, 0, 6.8125 ], "texture": "#0", "cullface": "east" },
        "up":    { "uv": [ 16, 6.8125, 16, 9.1875 ], "texture": "#0", "cullface": "east" },
        "north": { "uv": [ 0, 5.25, 0, 10.5 ], "texture": "#0", "cullface": "east" },
        "south": { "uv": [ 16, 5.25, 16, 10.5 ], "texture": "#0", "cullface": "east" },
        "east":  { "uv": [ 6.8125, 5.25, 9.1875, 10.5 ], "texture": "#0", "cullface": "east" }
    }
},
{
    "from": [ 29.9822, 9, 6.8125 ],
    "to": [ 30.7322, 10.75, 9.1875 ],
    "rotation": { "origin": [ 29.9822, 10.75, 6.8125 ], "axis": "z", "angle": -22.5 },
    "faces": {
        "down":  { "uv": [ 0, 9.25, 0, 6.75 ], "texture": "#0", "cullface": "east" },
        "up":    { "uv": [ 16, 6.75, 16, 9.25 ], "texture": "#0", "cullface": "east" },
        "north": { "uv": [ 0, 0.25, 0, 3 ], "texture": "#0", "cullface": "east" },
        "south": { "uv": [ 16, 0.25, 16, 3 ], "texture": "#0", "cullface": "east" },
        "east":  { "uv": [ 6.75, 0.25, 9.25, 3 ], "texture": "#0", "cullface": "east" }
    }
},
{
    "from": [ 30, 6.25, 6.8125 ],
    "to": [ 30.25, 10, 9.1875 ],
    "faces": {
        "down":  { "uv": [ 0, 9.1875, 0, 6.8125 ], "texture": "#0", "cullface": "east" },
        "up":    { "uv": [ 16, 6.8125, 16, 9.1875 ], "texture": "#0", "cullface": "east" },
        "north": { "uv": [ 0, 6, 0, 9.75 ], "texture": "#0", "cullface": "east" },
        "south": { "uv": [ 16, 6, 16, 9.75 ], "texture": "#0", "cullface": "east" },
        "east":  { "uv": [ 6.8125, 6, 9.1875, 9.75 ], "texture": "#0", "cullface": "east" }
    }
},
{
    "from": [ 29.1875, 5.375, 6.8125 ],
    "to": [ 29.9375, 7.375, 9.1875 ],
    "rotation": { "origin": [ 29.1875, 7.375, 6.8125 ], "axis": "z", "angle": 22.5 },
    "faces": {
        "down":  { "uv": [ 0, 8.5, 0, 7.5 ], "texture": "#0", "cullface": "east" },
        "up":    { "uv": [ 16, 7.5, 16, 8.5 ], "texture": "#0", "cullface": "east" },
        "north": { "uv": [ 0, 7.25, 0, 9.25 ], "texture": "#0", "cullface": "east" },
        "south": { "uv": [ 16, 7.25, 16, 9.25 ], "texture": "#0", "cullface": "east" },
        "west":  { "uv": [ 7.5, 7.25, 8.5, 9.25 ], "texture": "#0", "cullface": "east" },
        "east":  { "uv": [ 7.5, 7.25, 8.5, 9.25 ], "texture": "#0", "cullface": "east" }
    }
},
{
    "from": [ 28.25, 5.5, 6.75 ],
    "to": [ 29.25, 6, 9.25 ],
    "rotation": { "origin": [ 28.25, 6, 6.75 ], "axis": "z", "angle": 22.5 },
    "faces": {
        "down":  { "uv": [ 0, 9.25, 0, 6.75 ], "texture": "#2", "cullface": "east" },
        "up":    { "uv": [ 16, 6.75, 16, 9.25 ], "texture": "#2", "cullface": "east" },
        "north": { "uv": [ 0, 0.25, 0, 1.5 ], "texture": "#2", "cullface": "east" },
        "south": { "uv": [ 16, 0.25, 16, 1.5 ], "texture": "#2", "cullface": "east" },
        "west":  { "uv": [ 6.75, 0.25, 9.25, 1.5 ], "texture": "#2", "cullface": "east" }
    }
},
{
    "from": [ 28.25, 5.5, 6.75 ],
    "to": [ 29, 6, 9.25 ],
    "faces": {
        "down":  { "uv": [ 0, 9.25, 0, 6.75 ], "texture": "#2", "cullface": "east" },
        "up":    { "uv": [ 16, 6.75, 16, 9.25 ], "texture": "#2", "cullface": "east" },
        "north": { "uv": [ 0, 10, 0, 10.5 ], "texture": "#2", "cullface": "east" },
        "south": { "uv": [ 16, 10, 16, 10.5 ], "texture": "#2", "cullface": "east" },
        "west":  { "uv": [ 6.75, 10, 9.25, 10.5 ], "texture": "#2", "cullface": "east" }
    }
},
{
    "from": [ 16.5, 11, 7.5 ],
    "to": [ 16.75, 11.25, 8.5 ],
    "faces": {
        "up":    { "uv": [ 16, 7.5, 16, 8.5 ], "texture": "#2", "cullface": "east" },
        "north": { "uv": [ 0, 4.75, 0, 5 ], "texture": "#2", "cullface": "east" },
        "south": { "uv": [ 16, 4.75, 16, 5 ], "texture": "#2", "cullface": "east" },
        "east":  { "uv": [ 7.5, 4.75, 8.5, 5 ], "texture": "#2", "cullface": "east" }
    }
},
{
    "from": [ 17, 11, 7.5 ],
    "to": [ 17.25, 11.25, 8.5 ],
    "faces": {
        "down":  { "uv": [ 0, 8.5, 0, 7.5 ], "texture": "#2", "cullface": "east" },
        "up":    { "uv": [ 16, 7.5, 16, 8.5 ], "texture": "#2", "cullface": "east" },
        "north": { "uv": [ 0, 4.75, 0, 5 ], "texture": "#2", "cullface": "east" },
        "south": { "uv": [ 16, 4.75, 16, 5 ], "texture": "#2", "cullface": "east" },
        "west":  { "uv": [ 7.5, 4.75, 8.5, 5 ], "texture": "#2", "cullface": "east" },
        "east":  { "uv": [ 7.5, 4.75, 8.5, 5 ], "texture": "#2", "cullface": "east" }
    }
},
{
    "from": [ 10, 11, 7.5 ],
    "to": [ 10.25, 11.25, 8.5 ],
    "faces": {
        "down":  { "uv": [ 6, 8.5, 5.75, 7.5 ], "texture": "#2" },
        "up":    { "uv": [ 10, 7.5, 10.25, 8.5 ], "texture": "#2" },
        "north": { "uv": [ 5.75, 4.75, 6, 5 ], "texture": "#2" },
        "south": { "uv": [ 10, 4.75, 10.25, 5 ], "texture": "#2" },
        "west":  { "uv": [ 7.5, 4.75, 8.5, 5 ], "texture": "#2" },
        "east":  { "uv": [ 7.5, 4.75, 8.5, 5 ], "texture": "#2" }
    }
},
{
    "from": [ 10.5, 11, 7.5 ],
    "to": [ 10.75, 11.25, 8.5 ],
    "faces": {
        "down":  { "uv": [ 5.5, 8.5, 5.25, 7.5 ], "texture": "#2" },
        "up":    { "uv": [ 10.5, 7.5, 10.75, 8.5 ], "texture": "#2" },
        "north": { "uv": [ 5.25, 4.75, 5.5, 5 ], "texture": "#2" },
        "south": { "uv": [ 10.5, 4.75, 10.75, 5 ], "texture": "#2" },
        "west":  { "uv": [ 7.5, 4.75, 8.5, 5 ], "texture": "#2" },
        "east":  { "uv": [ 7.5, 4.75, 8.5, 5 ], "texture": "#2" }
    }
},
{
    "from": [ 11, 11, 7.5 ],
    "to": [ 11.25, 11.25, 8.5 ],
    "faces": {
        "down":  { "uv": [ 5, 8.5, 4.75, 7.5 ], "texture": "#2" },
        "up":    { "uv": [ 11, 7.5, 11.25, 8.5 ], "texture": "#2" },
        "north": { "uv": [ 4.75, 4.75, 5, 5 ], "texture": "#2" },
        "south": { "uv": [ 11, 4.75, 11.25, 5 ], "texture": "#2" },
        "west":  { "uv": [ 7.5, 4.75, 8.5, 5 ], "texture": "#2" },
        "east":  { "uv": [ 7.5, 4.75, 8.5, 5 ], "texture": "#2" }
    }
},
{
    "from": [ 11.5, 11, 7.5 ],
    "to": [ 11.75, 11.25, 8.5 ],
    "faces": {
        "down":  { "uv": [ 4.5, 8.5, 4.25, 7.5 ], "texture": "#2" },
        "up":    { "uv": [ 11.5, 7.5, 11.75, 8.5 ], "texture": "#2" },
        "north": { "uv": [ 4.25, 4.75, 4.5, 5 ], "texture": "#2" },
        "south": { "uv": [ 11.5, 4.75, 11.75, 5 ], "texture": "#2" },
        "west":  { "uv": [ 7.5, 4.75, 8.5, 5 ], "texture": "#2" },
        "east":  { "uv": [ 7.5, 4.75, 8.5, 5 ], "texture": "#2" }
    }
},
{
    "from": [ 12, 11, 7.5 ],
    "to": [ 12.25, 11.25, 8.5 ],
    "faces": {
        "down":  { "uv": [ 4, 8.5, 3.75, 7.5 ], "texture": "#2" },
        "up":    { "uv": [ 12, 7.5, 12.25, 8.5 ], "texture": "#2" },
        "north": { "uv": [ 3.75, 4.75, 4, 5 ], "texture": "#2" },
        "south": { "uv": [ 12, 4.75, 12.25, 5 ], "texture": "#2" },
        "west":  { "uv": [ 7.5, 4.75, 8.5, 5 ], "texture": "#2" },
        "east":  { "uv": [ 7.5, 4.75, 8.5, 5 ], "texture": "#2" }
    }
},
{
    "from": [ 12.5, 11, 7.5 ],
    "to": [ 12.75, 11.25, 8.5 ],
    "faces": {
        "down":  { "uv": [ 3.5, 8.5, 3.25, 7.5 ], "texture": "#2" },
        "up":    { "uv": [ 12.5, 7.5, 12.75, 8.5 ], "texture": "#2" },
        "north": { "uv": [ 3.25, 4.75, 3.5, 5 ], "texture": "#2" },
        "south": { "uv": [ 12.5, 4.75, 12.75, 5 ], "texture": "#2" },
        "west":  { "uv": [ 7.5, 4.75, 8.5, 5 ], "texture": "#2" },
        "east":  { "uv": [ 7.5, 4.75, 8.5, 5 ], "texture": "#2" }
    }
},
{
    "from": [ 4, 11, 7.5 ],
    "to": [ 13.0625, 11.125, 8.5 ],
    "faces": {
        "down":  { "uv": [ 12, 8.5, 2.9375, 7.5 ], "texture": "#2" },
        "up":    { "uv": [ 4, 7.5, 13.0625, 8.5 ], "texture": "#2" },
        "north": { "uv": [ 2.9375, 4.875, 12, 5 ], "texture": "#2" },
        "south": { "uv": [ 4, 4.875, 13.0625, 5 ], "texture": "#2" }
    }
},
{
    "from": [ 13, 11.5, 7.75 ],
    "to": [ 13.5, 12.25, 8.25 ],
    "faces": {
        "north": { "uv": [ 2.5, 3.75, 3, 4.5 ], "texture": "#0" },
        "south": { "uv": [ 13, 3.75, 13.5, 4.5 ], "texture": "#0" },
        "west":  { "uv": [ 7.75, 3.75, 8.25, 4.5 ], "texture": "#0" },
        "east":  { "uv": [ 7.75, 3.75, 8.25, 4.5 ], "texture": "#0" }
    }
},
{
    "from": [ 16, 11.5, 7.75 ],
    "to": [ 16.5, 12.25, 8.25 ],
    "faces": {
        "north": { "uv": [ 0, 3.75, 0, 4.5 ], "texture": "#0", "cullface": "east" },
        "south": { "uv": [ 16, 3.75, 16, 4.5 ], "texture": "#0", "cullface": "east" },
        "west":  { "uv": [ 7.75, 3.75, 8.25, 4.5 ], "texture": "#0", "cullface": "east" },
        "east":  { "uv": [ 7.75, 3.75, 8.25, 4.5 ], "texture": "#0", "cullface": "east" }
    }
},
{
    "from": [ 13, 12.25, 7.5 ],
    "to": [ 13.5, 13.25, 8.5 ],
    "faces": {
        "down":  { "uv": [ 3, 8.5, 2.5, 7.5 ], "texture": "#0" },
        "up":    { "uv": [ 13, 7.5, 13.5, 8.5 ], "texture": "#0" },
        "north": { "uv": [ 2.5, 2.75, 3, 3.75 ], "texture": "#0" },
        "south": { "uv": [ 13, 2.75, 13.5, 3.75 ], "texture": "#0" },
        "west":  { "uv": [ 7.5, 2.75, 8.5, 3.75 ], "texture": "#0" },
        "east":  { "uv": [ 7.5, 2.75, 8.5, 3.75 ], "texture": "#0" }
    }
},
{
    "from": [ 16, 12.25, 7.5 ],
    "to": [ 16.5, 13.25, 8.5 ],
    "faces": {
        "down":  { "uv": [ 0, 8.5, 0, 7.5 ], "texture": "#0", "cullface": "east" },
        "up":    { "uv": [ 16, 7.5, 16, 8.5 ], "texture": "#0", "cullface": "east" },
        "north": { "uv": [ 0, 2.75, 0, 3.75 ], "texture": "#0", "cullface": "east" },
        "south": { "uv": [ 16, 2.75, 16, 3.75 ], "texture": "#0", "cullface": "east" },
        "west":  { "uv": [ 7.5, 2.75, 8.5, 3.75 ], "texture": "#0", "cullface": "east" },
        "east":  { "uv": [ 7.5, 2.75, 8.5, 3.75 ], "texture": "#0", "cullface": "east" }
    }
},
{
    "from": [ 12.25, 12.5, 7.5 ],
    "to": [ 17, 13, 8.5 ],
    "faces": {
        "down":  { "uv": [ 3.75, 8.5, 0, 7.5 ], "texture": "#0", "cullface": "east" },
        "up":    { "uv": [ 12.25, 7.5, 16, 8.5 ], "texture": "#0", "cullface": "east" },
        "north": { "uv": [ 0, 3, 3.75, 3.5 ], "texture": "#0", "cullface": "east" },
        "south": { "uv": [ 12.25, 3, 16, 3.5 ], "texture": "#0", "cullface": "east" }
    }
},
{
    "from": [ 12.25, 12.25, 7.75 ],
    "to": [ 17, 13.25, 8.25 ],
    "faces": {
        "down":  { "uv": [ 3.75, 8.25, 0, 7.75 ], "texture": "#0", "cullface": "east" },
        "up":    { "uv": [ 12.25, 7.75, 16, 8.25 ], "texture": "#0", "cullface": "east" },
        "north": { "uv": [ 0, 2.75, 3.75, 3.75 ], "texture": "#0", "cullface": "east" },
        "south": { "uv": [ 12.25, 2.75, 16, 3.75 ], "texture": "#0", "cullface": "east" }
    }
},
{
    "from": [ 17, 12.25, 7.5 ],
    "to": [ 17.5, 13.25, 8.5 ],
    "faces": {
        "down":  { "uv": [ 0, 8.5, 0, 7.5 ], "texture": "#0", "cullface": "east" },
        "up":    { "uv": [ 16, 7.5, 16, 8.5 ], "texture": "#0", "cullface": "east" },
        "north": { "uv": [ 0, 2.75, 0, 3.75 ], "texture": "#0", "cullface": "east" },
        "south": { "uv": [ 16, 2.75, 16, 3.75 ], "texture": "#0", "cullface": "east" },
        "west":  { "uv": [ 7.5, 2.75, 8.5, 3.75 ], "texture": "#0", "cullface": "east" }
    }
},
{
    "from": [ 12, 12.25, 7.5 ],
    "to": [ 12.25, 13.25, 8.5 ],
    "faces": {
        "down":  { "uv": [ 4, 8.5, 3.75, 7.5 ], "texture": "#0" },
        "up":    { "uv": [ 12, 7.5, 12.25, 8.5 ], "texture": "#0" },
        "north": { "uv": [ 3.75, 2.75, 4, 3.75 ], "texture": "#0" },
        "south": { "uv": [ 12, 2.75, 12.25, 3.75 ], "texture": "#0" },
        "east":  { "uv": [ 7.5, 2.75, 8.5, 3.75 ], "texture": "#0" }
    }
},
{
    "from": [ 17.5, 12, 7.5 ],
    "to": [ 19.5, 13.5, 8.5 ],
    "faces": {
        "down":  { "uv": [ 0, 8.5, 0, 7.5 ], "texture": "#0", "cullface": "east" },
        "up":    { "uv": [ 16, 7.5, 16, 8.5 ], "texture": "#0", "cullface": "east" },
        "north": { "uv": [ 0, 2.5, 0, 4 ], "texture": "#0", "cullface": "east" },
        "south": { "uv": [ 16, 2.5, 16, 4 ], "texture": "#0", "cullface": "east" },
        "west":  { "uv": [ 7.5, 2.5, 8.5, 4 ], "texture": "#0", "cullface": "east" },
        "east":  { "uv": [ 7.5, 2.5, 8.5, 4 ], "texture": "#0", "cullface": "east" }
    }
},
{
    "from": [ 17.5, 12.25, 7.25 ],
    "to": [ 19.5, 13.25, 8.75 ],
    "faces": {
        "down":  { "uv": [ 0, 8.75, 0, 7.25 ], "texture": "#0", "cullface": "east" },
        "up":    { "uv": [ 16, 7.25, 16, 8.75 ], "texture": "#0", "cullface": "east" },
        "north": { "uv": [ 0, 2.75, 0, 3.75 ], "texture": "#0", "cullface": "east" },
        "south": { "uv": [ 16, 2.75, 16, 3.75 ], "texture": "#0", "cullface": "east" },
        "west":  { "uv": [ 7.25, 2.75, 8.75, 3.75 ], "texture": "#0", "cullface": "east" },
        "east":  { "uv": [ 7.25, 2.75, 8.75, 3.75 ], "texture": "#0", "cullface": "east" }
    }
},
{
    "from": [ 19.5, 13.25, 7.5 ],
    "to": [ 20, 13.5, 8.5 ],
    "faces": {
        "down":  { "uv": [ 0, 8.5, 0, 7.5 ], "texture": "#0", "cullface": "east" },
        "up":    { "uv": [ 16, 7.5, 16, 8.5 ], "texture": "#0", "cullface": "east" },
        "north": { "uv": [ 0, 2.5, 0, 2.75 ], "texture": "#0", "cullface": "east" },
        "south": { "uv": [ 16, 2.5, 16, 2.75 ], "texture": "#0", "cullface": "east" },
        "east":  { "uv": [ 7.5, 2.5, 8.5, 2.75 ], "texture": "#0", "cullface": "east" }
    }
},
{
    "from": [ 19.5, 12.25, 7.25 ],
    "to": [ 20, 13.25, 7.5 ],
    "faces": {
        "down":  { "uv": [ 0, 7.5, 0, 7.25 ], "texture": "#0", "cullface": "east" },
        "up":    { "uv": [ 16, 7.25, 16, 7.5 ], "texture": "#0", "cullface": "east" },
        "north": { "uv": [ 0, 2.75, 0, 3.75 ], "texture": "#0", "cullface": "east" },
        "south": { "uv": [ 16, 2.75, 16, 3.75 ], "texture": "#0", "cullface": "east" },
        "east":  { "uv": [ 8.5, 2.75, 8.75, 3.75 ], "texture": "#0", "cullface": "east" }
    }
},
{
    "from": [ 19.5, 12, 7.5 ],
    "to": [ 20, 12.25, 8.5 ],
    "faces": {
        "down":  { "uv": [ 0, 8.5, 0, 7.5 ], "texture": "#0", "cullface": "east" },
        "up":    { "uv": [ 16, 7.5, 16, 8.5 ], "texture": "#0", "cullface": "east" },
        "north": { "uv": [ 0, 3.75, 0, 4 ], "texture": "#0", "cullface": "east" },
        "south": { "uv": [ 16, 3.75, 16, 4 ], "texture": "#0", "cullface": "east" },
        "east":  { "uv": [ 7.5, 3.75, 8.5, 4 ], "texture": "#0", "cullface": "east" }
    }
},
{
    "from": [ 19.5, 12.25, 8.5 ],
    "to": [ 20, 13.25, 8.75 ],
    "faces": {
        "down":  { "uv": [ 0, 8.75, 0, 8.5 ], "texture": "#0", "cullface": "east" },
        "up":    { "uv": [ 16, 8.5, 16, 8.75 ], "texture": "#0", "cullface": "east" },
        "north": { "uv": [ 0, 2.75, 0, 3.75 ], "texture": "#0", "cullface": "east" },
        "south": { "uv": [ 16, 2.75, 16, 3.75 ], "texture": "#0", "cullface": "east" },
        "east":  { "uv": [ 7.25, 2.75, 7.5, 3.75 ], "texture": "#0", "cullface": "east" }
    }
},
{
    "from": [ 11.5, 12, 7.5 ],
    "to": [ 12, 13.5, 8.5 ],
    "faces": {
        "down":  { "uv": [ 4.5, 8.5, 4, 7.5 ], "texture": "#0" },
        "up":    { "uv": [ 11.5, 7.5, 12, 8.5 ], "texture": "#0" },
        "north": { "uv": [ 4, 2.5, 4.5, 4 ], "texture": "#0" },
        "south": { "uv": [ 11.5, 2.5, 12, 4 ], "texture": "#0" },
        "east":  { "uv": [ 7.5, 2.5, 8.5, 4 ], "texture": "#0" }
    }
},
{
    "from": [ 11.5, 12.25, 7.25 ],
    "to": [ 12, 13.25, 8.75 ],
    "faces": {
        "down":  { "uv": [ 4.5, 8.75, 4, 7.25 ], "texture": "#0" },
        "up":    { "uv": [ 11.5, 7.25, 12, 8.75 ], "texture": "#0" },
        "north": { "uv": [ 4, 2.75, 4.5, 3.75 ], "texture": "#0" },
        "south": { "uv": [ 11.5, 2.75, 12, 3.75 ], "texture": "#0" },
        "east":  { "uv": [ 7.25, 2.75, 8.75, 3.75 ], "texture": "#0" }
    }
},
{
    "from": [ 8.25, 11.75, 7.25 ],
    "to": [ 11.5, 13.75, 8.75 ],
    "faces": {
        "down":  { "uv": [ 7.75, 8.75, 4.5, 7.25 ], "texture": "#0" },
        "up":    { "uv": [ 8.25, 7.25, 11.5, 8.75 ], "texture": "#0" },
        "north": { "uv": [ 4.5, 2.25, 7.75, 4.25 ], "texture": "#0" },
        "south": { "uv": [ 8.25, 2.25, 11.5, 4.25 ], "texture": "#0" },
        "west":  { "uv": [ 7.25, 2.25, 8.75, 4.25 ], "texture": "#0" },
        "east":  { "uv": [ 7.25, 2.25, 8.75, 4.25 ], "texture": "#0" }
    }
},
{
    "from": [ 8.25, 12, 7 ],
    "to": [ 11.5, 13.5, 9 ],
    "faces": {
        "down":  { "uv": [ 7.75, 9, 4.5, 7 ], "texture": "#0" },
        "up":    { "uv": [ 8.25, 7, 11.5, 9 ], "texture": "#0" },
        "north": { "uv": [ 4.5, 2.5, 7.75, 4 ], "texture": "#0" },
        "south": { "uv": [ 8.25, 2.5, 11.5, 4 ], "texture": "#0" },
        "west":  { "uv": [ 7, 2.5, 9, 4 ], "texture": "#0" },
        "east":  { "uv": [ 7, 2.5, 9, 4 ], "texture": "#0" }
    }
},
{
    "from": [ 7.75, 13.5, 7.25 ],
    "to": [ 8.25, 13.75, 8.75 ],
    "faces": {
        "down":  { "uv": [ 8.25, 8.75, 7.75, 7.25 ], "texture": "#0" },
        "up":    { "uv": [ 7.75, 7.25, 8.25, 8.75 ], "texture": "#0" },
        "north": { "uv": [ 7.75, 2.25, 8.25, 2.5 ], "texture": "#0" },
        "south": { "uv": [ 7.75, 2.25, 8.25, 2.5 ], "texture": "#0" },
        "west":  { "uv": [ 7.25, 2.25, 8.75, 2.5 ], "texture": "#0" }
    }
},
{
    "from": [ 7.75, 11.75, 7.25 ],
    "to": [ 8.25, 12, 8.75 ],
    "faces": {
        "down":  { "uv": [ 8.25, 8.75, 7.75, 7.25 ], "texture": "#0" },
        "up":    { "uv": [ 7.75, 7.25, 8.25, 8.75 ], "texture": "#0" },
        "north": { "uv": [ 7.75, 4, 8.25, 4.25 ], "texture": "#0" },
        "south": { "uv": [ 7.75, 4, 8.25, 4.25 ], "texture": "#0" },
        "west":  { "uv": [ 7.25, 4, 8.75, 4.25 ], "texture": "#0" }
    }
},
{
    "from": [ 7.75, 12, 7 ],
    "to": [ 8.25, 13.5, 7.25 ],
    "faces": {
        "down":  { "uv": [ 8.25, 7.25, 7.75, 7 ], "texture": "#0" },
        "up":    { "uv": [ 7.75, 7, 8.25, 7.25 ], "texture": "#0" },
        "north": { "uv": [ 7.75, 2.5, 8.25, 4 ], "texture": "#0" },
        "south": { "uv": [ 7.75, 2.5, 8.25, 4 ], "texture": "#0" },
        "west":  { "uv": [ 7, 2.5, 7.25, 4 ], "texture": "#0" }
    }
},
{
    "from": [ 7.75, 12, 8.75 ],
    "to": [ 8.25, 13.5, 9 ],
    "faces": {
        "down":  { "uv": [ 8.25, 9, 7.75, 8.75 ], "texture": "#0" },
        "up":    { "uv": [ 7.75, 8.75, 8.25, 9 ], "texture": "#0" },
        "north": { "uv": [ 7.75, 2.5, 8.25, 4 ], "texture": "#0" },
        "south": { "uv": [ 7.75, 2.5, 8.25, 4 ], "texture": "#0" },
        "west":  { "uv": [ 8.75, 2.5, 9, 4 ], "texture": "#0" }
    }
},
{
    "from": [ 14.25, 12.25, 7.5 ],
    "to": [ 15.25, 13.25, 8.5 ],
    "faces": {
        "down":  { "uv": [ 1.75, 8.5, 0.75, 7.5 ], "texture": "#0" },
        "up":    { "uv": [ 14.25, 7.5, 15.25, 8.5 ], "texture": "#0" },
        "north": { "uv": [ 0.75, 2.75, 1.75, 3.75 ], "texture": "#0" },
        "south": { "uv": [ 14.25, 2.75, 15.25, 3.75 ], "texture": "#0" },
        "west":  { "uv": [ 7.5, 2.75, 8.5, 3.75 ], "texture": "#0" },
        "east":  { "uv": [ 7.5, 2.75, 8.5, 3.75 ], "texture": "#0" }
    }
},
{
    "from": [ 14.5, 13.25, 7.75 ],
    "to": [ 15, 13.75, 8.25 ],
    "faces": {
        "up":    { "uv": [ 14.5, 7.75, 15, 8.25 ], "texture": "#0" },
        "north": { "uv": [ 1, 2.25, 1.5, 2.75 ], "texture": "#0" },
        "south": { "uv": [ 14.5, 2.25, 15, 2.75 ], "texture": "#0" },
        "west":  { "uv": [ 7.75, 2.25, 8.25, 2.75 ], "texture": "#0" },
        "east":  { "uv": [ 7.75, 2.25, 8.25, 2.75 ], "texture": "#0" }
    }
},
{
    "from": [ 14.5, 12.5, 7 ],
    "to": [ 15, 13, 7.5 ],
    "faces": {
        "down":  { "uv": [ 1.5, 7.5, 1, 7 ], "texture": "#0" },
        "up":    { "uv": [ 14.5, 7, 15, 7.5 ], "texture": "#0" },
        "north": { "uv": [ 1, 3, 1.5, 3.5 ], "texture": "#0" },
        "west":  { "uv": [ 7, 3, 7.5, 3.5 ], "texture": "#0" },
        "east":  { "uv": [ 8.5, 3, 9, 3.5 ], "texture": "#0" }
    }
},
{
    "from": [ 29, 5.5, 6.75 ],
    "to": [ 29.5, 10.75, 9.25 ],
    "faces": {
        "down":  { "uv": [ 0, 9.25, 0, 6.75 ], "texture": "#2", "cullface": "east" },
        "up":    { "uv": [ 16, 6.75, 16, 9.25 ], "texture": "#2", "cullface": "east" },
        "north": { "uv": [ 0, 5.25, 0, 10.5 ], "texture": "#2", "cullface": "east" },
        "south": { "uv": [ 16, 5.25, 16, 10.5 ], "texture": "#2", "cullface": "east" },
        "west":  { "uv": [ 6.75, 5.25, 9.25, 10.5 ], "texture": "#2", "cullface": "east" },
        "east":  { "uv": [ 6.75, 5.25, 9.25, 10.5 ], "texture": "#2", "cullface": "east" }
    }
},
{
    "from": [ 28.25, 10.25, 6.75 ],
    "to": [ 29, 10.75, 9.25 ],
    "faces": {
        "down":  { "uv": [ 0, 9.25, 0, 6.75 ], "texture": "#2", "cullface": "east" },
        "up":    { "uv": [ 16, 6.75, 16, 9.25 ], "texture": "#2", "cullface": "east" },
        "north": { "uv": [ 0, 5.25, 0, 5.75 ], "texture": "#2", "cullface": "east" },
        "south": { "uv": [ 16, 5.25, 16, 5.75 ], "texture": "#2", "cullface": "east" }
    }
},
{
    "from": [ 23.75, 10, 6.75 ],
    "to": [ 28.25, 11, 9.25 ],
    "faces": {
        "down":  { "uv": [ 0, 9.25, 0, 6.75 ], "texture": "#0", "cullface": "east" },
        "up":    { "uv": [ 16, 6.75, 16, 9.25 ], "texture": "#0", "cullface": "east" },
        "north": { "uv": [ 0, 5, 0, 6 ], "texture": "#0", "cullface": "east" },
        "south": { "uv": [ 16, 5, 16, 6 ], "texture": "#0", "cullface": "east" },
        "west":  { "uv": [ 6.75, 5, 9.25, 6 ], "texture": "#0", "cullface": "east" },
        "east":  { "uv": [ 6.75, 5, 9.25, 6 ], "texture": "#0", "cullface": "east" }
    }
},
{
    "from": [ 23.75, 10.25, 6.5 ],
    "to": [ 28.25, 10.75, 9.5 ],
    "faces": {
        "down":  { "uv": [ 0, 9.5, 0, 6.5 ], "texture": "#0", "cullface": "east" },
        "up":    { "uv": [ 16, 6.5, 16, 9.5 ], "texture": "#0", "cullface": "east" },
        "north": { "uv": [ 0, 5.25, 0, 5.75 ], "texture": "#0", "cullface": "east" },
        "south": { "uv": [ 16, 5.25, 16, 5.75 ], "texture": "#0", "cullface": "east" },
        "west":  { "uv": [ 6.5, 5.25, 9.5, 5.75 ], "texture": "#0", "cullface": "east" },
        "east":  { "uv": [ 6.5, 5.25, 9.5, 5.75 ], "texture": "#0", "cullface": "east" }
    }
},
{
    "from": [ 14, 6.75, 7 ],
    "to": [ 14.5, 7, 9 ],
    "faces": {
        "down":  { "uv": [ 2, 9, 1.5, 7 ], "texture": "#1" },
        "north": { "uv": [ 1.5, 9, 2, 9.25 ], "texture": "#1" },
        "south": { "uv": [ 14, 9, 14.5, 9.25 ], "texture": "#1" },
        "west":  { "uv": [ 7, 9, 9, 9.25 ], "texture": "#1" },
        "east":  { "uv": [ 7, 9, 9, 9.25 ], "texture": "#1" }
    }
},
{
    "from": [ 11.75, 7.5, 7 ],
    "to": [ 15.25, 8, 9 ],
    "faces": {
        "down":  { "uv": [ 4.25, 9, 0.75, 7 ], "texture": "#1" },
        "up":    { "uv": [ 11.75, 7, 15.25, 9 ], "texture": "#1" },
        "north": { "uv": [ 0.75, 8, 4.25, 8.5 ], "texture": "#1" },
        "south": { "uv": [ 11.75, 8, 15.25, 8.5 ], "texture": "#1" },
        "west":  { "uv": [ 7, 8, 9, 8.5 ], "texture": "#1" }
    }
},
{
    "from": [ 8.25, 9.5, 7.5 ],
    "to": [ 29, 10.25, 9 ],
    "faces": {
        "down":  { "uv": [ 1, 7, 15, 9 ], "texture": "#1", "cullface": "east" },
        "up":    { "uv": [ 1, 7, 15, 9 ], "texture": "#1", "cullface": "east" },
        "north": { "uv": [ 1, 6, 15, 7 ], "texture": "#1", "cullface": "east" },
        "south": { "uv": [ 1, 6, 15, 7 ], "texture": "#1", "cullface": "east" },
        "west":  { "uv": [ 7, 6, 9, 7 ], "texture": "#1", "cullface": "east" }
    }
},
{
    "from": [ 27.25, 7.5, 7 ],
    "to": [ 29, 8, 9 ],
    "faces": {
        "down":  { "uv": [ 0, 9, 0, 7 ], "texture": "#0", "cullface": "east" },
        "up":    { "uv": [ 16, 7, 16, 9 ], "texture": "#0", "cullface": "east" },
        "north": { "uv": [ 0, 8, 0, 8.5 ], "texture": "#0", "cullface": "east" },
        "south": { "uv": [ 16, 8, 16, 8.5 ], "texture": "#0", "cullface": "east" },
        "west":  { "uv": [ 7, 8, 9, 8.5 ], "texture": "#0", "cullface": "east" }
    }
},
{
    "from": [ 13, 11, 7.25 ],
    "to": [ 16.5, 11.5, 8.75 ],
    "faces": {
        "down":  { "uv": [ 3, 8.75, 0, 7.25 ], "texture": "#0", "cullface": "east" },
        "up":    { "uv": [ 13, 7.25, 16, 8.75 ], "texture": "#0", "cullface": "east" },
        "north": { "uv": [ 0, 4.5, 3, 5 ], "texture": "#0", "cullface": "east" },
        "south": { "uv": [ 13, 4.5, 16, 5 ], "texture": "#0", "cullface": "east" },
        "west":  { "uv": [ 7.25, 4.5, 8.75, 5 ], "texture": "#0", "cullface": "east" },
        "east":  { "uv": [ 7.25, 4.5, 8.75, 5 ], "texture": "#0", "cullface": "east" }
    }
},
{
    "from": [ 14.75, 6.1875, 6.75 ],
    "to": [ 15.25, 8, 9.25 ],
    "faces": {
        "down":  { "uv": [ 1.5, 9.25, 1, 6.75 ], "texture": "#1" },
        "up":    { "uv": [ 14.5, 6.75, 15, 9.25 ], "texture": "#1" },
        "north": { "uv": [ 1, 8, 1.5, 9.8125 ], "texture": "#1" },
        "south": { "uv": [ 14.5, 8, 15, 9.8125 ], "texture": "#1" },
        "west":  { "uv": [ 6.75, 8, 9.25, 9.8125 ], "texture": "#1" },
        "east":  { "uv": [ 6.75, 8, 9.25, 9.8125 ], "texture": "#1" }
    }
},
{
    "from": [ 13.5, 10.5, 7.75 ],
    "to": [ 16.5, 11, 8.25 ],
    "faces": {
        "north": { "uv": [ 0, 5, 2.5, 5.5 ], "texture": "#0", "cullface": "east" },
        "south": { "uv": [ 13.5, 5, 16, 5.5 ], "texture": "#0", "cullface": "east" },
        "west":  { "uv": [ 7.75, 5, 8.25, 5.5 ], "texture": "#0", "cullface": "east" },
        "east":  { "uv": [ 7.75, 5, 8.25, 5.5 ], "texture": "#0", "cullface": "east" }
    }
},
{
    "from": [ 9.5, 11, 7.5 ],
    "to": [ 9.75, 11.25, 8.5 ],
    "faces": {
        "down":  { "uv": [ 6.5, 8.5, 6.25, 7.5 ], "texture": "#2" },
        "up":    { "uv": [ 9.5, 7.5, 9.75, 8.5 ], "texture": "#2" },
        "north": { "uv": [ 6.25, 4.75, 6.5, 5 ], "texture": "#2" },
        "south": { "uv": [ 9.5, 4.75, 9.75, 5 ], "texture": "#2" },
        "west":  { "uv": [ 7.5, 4.75, 8.5, 5 ], "texture": "#2" },
        "east":  { "uv": [ 7.5, 4.75, 8.5, 5 ], "texture": "#2" }
    }
},
{
    "from": [ 9, 11, 7.5 ],
    "to": [ 9.25, 11.25, 8.5 ],
    "faces": {
        "up":    { "uv": [ 9, 7.5, 9.25, 8.5 ], "texture": "#2" },
        "north": { "uv": [ 6.75, 4.75, 7, 5 ], "texture": "#2" },
        "south": { "uv": [ 9, 4.75, 9.25, 5 ], "texture": "#2" },
        "west":  { "uv": [ 7.5, 4.75, 8.5, 5 ], "texture": "#2" },
        "east":  { "uv": [ 7.5, 4.75, 8.5, 5 ], "texture": "#2" }
    }
},
{
    "from": [ 8.5, 11, 7.5 ],
    "to": [ 8.75, 11.25, 8.5 ],
    "faces": {
        "down":  { "uv": [ 7.5, 8.5, 7.25, 7.5 ], "texture": "#2" },
        "up":    { "uv": [ 8.5, 7.5, 8.75, 8.5 ], "texture": "#2" },
        "north": { "uv": [ 7.25, 4.75, 7.5, 5 ], "texture": "#2" },
        "south": { "uv": [ 8.5, 4.75, 8.75, 5 ], "texture": "#2" },
        "west":  { "uv": [ 7.5, 4.75, 8.5, 5 ], "texture": "#2" },
        "east":  { "uv": [ 7.5, 4.75, 8.5, 5 ], "texture": "#2" }
    }
},
{
    "from": [ 7.5, 11, 7.5 ],
    "to": [ 7.75, 11.25, 8.5 ],
    "faces": {
        "down":  { "uv": [ 8.5, 8.5, 8.25, 7.5 ], "texture": "#2" },
        "up":    { "uv": [ 7.5, 7.5, 7.75, 8.5 ], "texture": "#2" },
        "north": { "uv": [ 8.25, 4.75, 8.5, 5 ], "texture": "#2" },
        "south": { "uv": [ 7.5, 4.75, 7.75, 5 ], "texture": "#2" },
        "west":  { "uv": [ 7.5, 4.75, 8.5, 5 ], "texture": "#2" },
        "east":  { "uv": [ 7.5, 4.75, 8.5, 5 ], "texture": "#2" }
    }
},
{
    "from": [ 7, 11, 7.5 ],
    "to": [ 7.25, 11.25, 8.5 ],
    "faces": {
        "down":  { "uv": [ 9, 8.5, 8.75, 7.5 ], "texture": "#2" },
        "up":    { "uv": [ 7, 7.5, 7.25, 8.5 ], "texture": "#2" },
        "north": { "uv": [ 8.75, 4.75, 9, 5 ], "texture": "#2" },
        "south": { "uv": [ 7, 4.75, 7.25, 5 ], "texture": "#2" },
        "west":  { "uv": [ 7.5, 4.75, 8.5, 5 ], "texture": "#2" },
        "east":  { "uv": [ 7.5, 4.75, 8.5, 5 ], "texture": "#2" }
    }
},
{
    "from": [ 6.5, 11, 7.5 ],
    "to": [ 6.75, 11.25, 8.5 ],
    "faces": {
        "down":  { "uv": [ 9.5, 8.5, 9.25, 7.5 ], "texture": "#2" },
        "up":    { "uv": [ 6.5, 7.5, 6.75, 8.5 ], "texture": "#2" },
        "north": { "uv": [ 9.25, 4.75, 9.5, 5 ], "texture": "#2" },
        "south": { "uv": [ 6.5, 4.75, 6.75, 5 ], "texture": "#2" },
        "west":  { "uv": [ 7.5, 4.75, 8.5, 5 ], "texture": "#2" },
        "east":  { "uv": [ 7.5, 4.75, 8.5, 5 ], "texture": "#2" }
    }
},
{
    "from": [ 5.5, 11, 7.5 ],
    "to": [ 5.75, 11.25, 8.5 ],
    "faces": {
        "up":    { "uv": [ 5.5, 7.5, 5.75, 8.5 ], "texture": "#2" },
        "north": { "uv": [ 10.25, 4.75, 10.5, 5 ], "texture": "#2" },
        "south": { "uv": [ 5.5, 4.75, 5.75, 5 ], "texture": "#2" },
        "west":  { "uv": [ 7.5, 4.75, 8.5, 5 ], "texture": "#2" },
        "east":  { "uv": [ 7.5, 4.75, 8.5, 5 ], "texture": "#2" }
    }
},
{
    "from": [ 8, 11, 7.5 ],
    "to": [ 8.25, 11.25, 8.5 ],
    "faces": {
        "down":  { "uv": [ 8, 8.5, 7.75, 7.5 ], "texture": "#2" },
        "up":    { "uv": [ 8, 7.5, 8.25, 8.5 ], "texture": "#2" },
        "north": { "uv": [ 7.75, 4.75, 8, 5 ], "texture": "#2" },
        "south": { "uv": [ 8, 4.75, 8.25, 5 ], "texture": "#2" },
        "west":  { "uv": [ 7.5, 4.75, 8.5, 5 ], "texture": "#2" },
        "east":  { "uv": [ 7.5, 4.75, 8.5, 5 ], "texture": "#2" }
    }
},
{
    "from": [ 5, 11, 7.5 ],
    "to": [ 5.25, 11.25, 8.5 ],
    "faces": {
        "down":  { "uv": [ 11, 8.5, 10.75, 7.5 ], "texture": "#2" },
        "up":    { "uv": [ 5, 7.5, 5.25, 8.5 ], "texture": "#2" },
        "north": { "uv": [ 10.75, 4.75, 11, 5 ], "texture": "#2" },
        "south": { "uv": [ 5, 4.75, 5.25, 5 ], "texture": "#2" },
        "west":  { "uv": [ 7.5, 4.75, 8.5, 5 ], "texture": "#2" },
        "east":  { "uv": [ 7.5, 4.75, 8.5, 5 ], "texture": "#2" }
    }
},
{
    "from": [ 4.5, 11, 7.5 ],
    "to": [ 4.75, 11.25, 8.5 ],
    "faces": {
        "down":  { "uv": [ 11.5, 8.5, 11.25, 7.5 ], "texture": "#2" },
        "up":    { "uv": [ 4.5, 7.5, 4.75, 8.5 ], "texture": "#2" },
        "north": { "uv": [ 11.25, 4.75, 11.5, 5 ], "texture": "#2" },
        "south": { "uv": [ 4.5, 4.75, 4.75, 5 ], "texture": "#2" },
        "west":  { "uv": [ 7.5, 4.75, 8.5, 5 ], "texture": "#2" },
        "east":  { "uv": [ 7.5, 4.75, 8.5, 5 ], "texture": "#2" }
    }
},
{
    "from": [ 4, 11, 7.5 ],
    "to": [ 4.25, 11.25, 8.5 ],
    "faces": {
        "down":  { "uv": [ 12, 8.5, 11.75, 7.5 ], "texture": "#2" },
        "up":    { "uv": [ 4, 7.5, 4.25, 8.5 ], "texture": "#2" },
        "north": { "uv": [ 11.75, 4.75, 12, 5 ], "texture": "#2" },
        "south": { "uv": [ 4, 4.75, 4.25, 5 ], "texture": "#2" },
        "west":  { "uv": [ 7.5, 4.75, 8.5, 5 ], "texture": "#2" },
        "east":  { "uv": [ 7.5, 4.75, 8.5, 5 ], "texture": "#2" }
    }
},
{
    "from": [ 6, 11, 7.5 ],
    "to": [ 6.25, 11.25, 8.5 ],
    "faces": {
        "down":  { "uv": [ 10, 8.5, 9.75, 7.5 ], "texture": "#2" },
        "up":    { "uv": [ 6, 7.5, 6.25, 8.5 ], "texture": "#2" },
        "north": { "uv": [ 9.75, 4.75, 10, 5 ], "texture": "#2" },
        "south": { "uv": [ 6, 4.75, 6.25, 5 ], "texture": "#2" },
        "west":  { "uv": [ 7.5, 4.75, 8.5, 5 ], "texture": "#2" },
        "east":  { "uv": [ 7.5, 4.75, 8.5, 5 ], "texture": "#2" }
    }
},
{
    "from": [ 5.5, 10.5, 7.5 ],
    "to": [ 5.75, 11, 8.5 ],
    "faces": {
        "north": { "uv": [ 10.25, 5, 10.5, 5.5 ], "texture": "#0" },
        "south": { "uv": [ 5.5, 5, 5.75, 5.5 ], "texture": "#0" },
        "west":  { "uv": [ 7.5, 5, 8.5, 5.5 ], "texture": "#0" },
        "east":  { "uv": [ 7.5, 5, 8.5, 5.5 ], "texture": "#0" }
    }
},
{
    "from": [ 7.25, 10.5, 7.5 ],
    "to": [ 7.5, 11, 8.5 ],
    "faces": {
        "north": { "uv": [ 8.5, 5, 8.75, 5.5 ], "texture": "#0" },
        "south": { "uv": [ 7.25, 5, 7.5, 5.5 ], "texture": "#0" },
        "west":  { "uv": [ 7.5, 5, 8.5, 5.5 ], "texture": "#0" },
        "east":  { "uv": [ 7.5, 5, 8.5, 5.5 ], "texture": "#0" }
    }
},
{
    "from": [ 9, 10.5, 7.5 ],
    "to": [ 9.25, 11, 8.5 ],
    "faces": {
        "north": { "uv": [ 6.75, 5, 7, 5.5 ], "texture": "#0" },
        "south": { "uv": [ 9, 5, 9.25, 5.5 ], "texture": "#0" },
        "west":  { "uv": [ 7.5, 5, 8.5, 5.5 ], "texture": "#0" },
        "east":  { "uv": [ 7.5, 5, 8.5, 5.5 ], "texture": "#0" }
    }
},
{
    "from": [ 10.75, 10.5, 7.5 ],
    "to": [ 11, 11, 8.5 ],
    "faces": {
        "north": { "uv": [ 5, 5, 5.25, 5.5 ], "texture": "#0" },
        "south": { "uv": [ 10.75, 5, 11, 5.5 ], "texture": "#0" },
        "west":  { "uv": [ 7.5, 5, 8.5, 5.5 ], "texture": "#0" },
        "east":  { "uv": [ 7.5, 5, 8.5, 5.5 ], "texture": "#0" }
    }
},
{
    "from": [ 0.25, 10, 7 ],
    "to": [ 8.25, 10.25, 9 ],
    "faces": {
        "down":  { "uv": [ 1, 7, 12.5, 9 ], "texture": "#1", "cullface": "west" },
        "up":    { "uv": [ 1, 7, 12.5, 9 ], "texture": "#1", "cullface": "west" },
        "north": { "uv": [ 1, 5.5, 12.5, 6 ], "texture": "#1", "cullface": "west" },
        "south": { "uv": [ 1, 5.5, 12.5, 6 ], "texture": "#1", "cullface": "west" },
        "west":  { "uv": [ 7, 5.5, 9, 6 ], "texture": "#1", "cullface": "west" },
        "east":  { "uv": [ 7, 5.5, 9, 6 ], "texture": "#1", "cullface": "west" }
    }
},
{
    "from": [ 0.5, 9.5, 7 ],
    "to": [ 8.25, 9.75, 9 ],
    "faces": {
        "up":    { "uv": [ 1, 7, 12.5, 9 ], "texture": "#1", "cullface": "west" },
        "north": { "uv": [ 1, 6.25, 12.5, 6.5 ], "texture": "#1", "cullface": "west" },
        "south": { "uv": [ 1, 6.25, 12.5, 6.5 ], "texture": "#1", "cullface": "west" },
        "west":  { "uv": [ 7, 6.25, 9, 6.5 ], "texture": "#1", "cullface": "west" },
        "east":  { "uv": [ 7, 6.25, 9, 6.5 ], "texture": "#1", "cullface": "west" }
    }
},
{
    "from": [ 0.5, 9, 6.75 ],
    "to": [ 10.5, 9.5, 9.25 ],
    "faces": {
        "down":  { "uv": [ 1, 6.75, 14.75, 9.25 ], "texture": "#1", "cullface": "west" },
        "up":    { "uv": [ 1, 6.75, 14.75, 9.25 ], "texture": "#1", "cullface": "west" },
        "north": { "uv": [ 1, 6.5, 14.75, 7 ], "texture": "#1", "cullface": "west" },
        "south": { "uv": [ 1, 6.5, 14.75, 7 ], "texture": "#1", "cullface": "west" },
        "west":  { "uv": [ 6.75, 6.5, 9.25, 7 ], "texture": "#1", "cullface": "west" },
        "east":  { "uv": [ 6.75, 6.5, 9.25, 7 ], "texture": "#1", "cullface": "west" }
    }
},
{
    "from": [ 10, 7.9375, 6.75 ],
    "to": [ 10.75, 9.1875, 9.25 ],
    "rotation": { "origin": [ 10, 9.1875, 6.75 ], "axis": "z", "angle": 22.5 },
    "faces": {
        "down":  { "uv": [ 5.25, 6.75, 6, 9.25 ], "texture": "#1" },
        "up":    { "uv": [ 5.25, 6.75, 6, 9.25 ], "texture": "#1" },
        "north": { "uv": [ 5.25, 7.75, 6, 9 ], "texture": "#1" },
        "south": { "uv": [ 5.25, 7.75, 6, 9 ], "texture": "#1" },
        "west":  { "uv": [ 6.75, 7.75, 9.25, 9 ], "texture": "#1" },
        "east":  { "uv": [ 6.75, 7.75, 9.25, 9 ], "texture": "#1" }
    }
},
{
    "from": [ 0.25, 8, 7.5 ],
    "to": [ 10.5, 8.25, 8.5 ],
    "faces": {
        "down":  { "uv": [ 1, 7.5, 14.75, 8.5 ], "texture": "#1", "cullface": "west" },
        "up":    { "uv": [ 1, 7.5, 14.75, 8.5 ], "texture": "#1", "cullface": "west" },
        "north": { "uv": [ 1, 7.75, 14.75, 8 ], "texture": "#1", "cullface": "west" },
        "south": { "uv": [ 1, 7.75, 14.75, 8 ], "texture": "#1", "cullface": "west" },
        "west":  { "uv": [ 7.5, 7.75, 8.5, 8 ], "texture": "#1", "cullface": "west" },
        "east":  { "uv": [ 7.5, 7.75, 8.5, 8 ], "texture": "#1", "cullface": "west" }
    }
},
{
    "from": [ 0.25, 8.25, 7.25 ],
    "to": [ 10.5, 8.5, 8.75 ],
    "faces": {
        "down":  { "uv": [ 1, 7.25, 14.75, 8.75 ], "texture": "#1", "cullface": "west" },
        "up":    { "uv": [ 1, 7.25, 14.75, 8.75 ], "texture": "#1", "cullface": "west" },
        "north": { "uv": [ 1, 7.5, 14.75, 7.75 ], "texture": "#1", "cullface": "west" },
        "south": { "uv": [ 1, 7.5, 14.75, 7.75 ], "texture": "#1", "cullface": "west" },
        "west":  { "uv": [ 7.25, 7.5, 8.75, 7.75 ], "texture": "#1", "cullface": "west" }
    }
},
{
    "from": [ 0.5, 8.75, 7 ],
    "to": [ 10.5, 9, 9 ],
    "faces": {
        "down":  { "uv": [ 1, 7, 14.75, 9 ], "texture": "#1", "cullface": "west" },
        "north": { "uv": [ 1, 7, 14.75, 7.25 ], "texture": "#1", "cullface": "west" },
        "south": { "uv": [ 1, 7, 14.75, 7.25 ], "texture": "#1", "cullface": "west" },
        "west":  { "uv": [ 7, 7, 9, 7.25 ], "texture": "#1", "cullface": "west" },
        "east":  { "uv": [ 7, 7, 9, 7.25 ], "texture": "#1", "cullface": "west" }
    }
},
{
    "from": [ 8.25, 8.5, 7 ],
    "to": [ 10.5, 8.75, 9 ],
    "faces": {
        "down":  { "uv": [ 7.75, 9, 5.5, 7 ], "texture": "#1" },
        "north": { "uv": [ 5.5, 7.25, 7.75, 7.5 ], "texture": "#1" },
        "south": { "uv": [ 8.25, 7.25, 10.5, 7.5 ], "texture": "#1" },
        "west":  { "uv": [ 7, 7.25, 9, 7.5 ], "texture": "#1" },
        "east":  { "uv": [ 7, 7.25, 9, 7.5 ], "texture": "#1" }
    }
},
{
    "from": [ 1.25, 8.5, 7 ],
    "to": [ 1.5, 10, 9 ],
    "faces": {
        "down":  { "uv": [ 1, 7, 1.25, 9 ], "texture": "#1" },
        "north": { "uv": [ 1, 6, 1.25, 7.5 ], "texture": "#1" },
        "south": { "uv": [ 1, 6, 1.25, 7.5 ], "texture": "#1" },
        "west":  { "uv": [ 7, 6, 9, 7.5 ], "texture": "#1" },
        "east":  { "uv": [ 7, 6, 9, 7.5 ], "texture": "#1" }
    }
},
{
    "from": [ 2.25, 8.5, 7 ],
    "to": [ 2.5, 10, 9 ],
    "faces": {
        "down":  { "uv": [ 1, 7, 1.25, 9 ], "texture": "#1" },
        "north": { "uv": [ 1, 6, 1.25, 7.5 ], "texture": "#1" },
        "south": { "uv": [ 1, 6, 1.25, 7.5 ], "texture": "#1" },
        "west":  { "uv": [ 7, 6, 9, 7.5 ], "texture": "#1" },
        "east":  { "uv": [ 7, 6, 9, 7.5 ], "texture": "#1" }
    }
},
{
    "from": [ 3.25, 8.5, 7 ],
    "to": [ 3.5, 10, 9 ],
    "faces": {
        "down":  { "uv": [ 1, 7, 1.25, 9 ], "texture": "#1" },
        "north": { "uv": [ 1, 6, 1.25, 7.5 ], "texture": "#1" },
        "south": { "uv": [ 1, 6, 1.25, 7.5 ], "texture": "#1" },
        "west":  { "uv": [ 7, 6, 9, 7.5 ], "texture": "#1" },
        "east":  { "uv": [ 7, 6, 9, 7.5 ], "texture": "#1" }
    }
},
{
    "from": [ 4.25, 8.5, 7 ],
    "to": [ 4.5, 10, 9 ],
    "faces": {
        "down":  { "uv": [ 11.75, 9, 11.5, 7 ], "texture": "#1" },
        "north": { "uv": [ 11.5, 6, 11.75, 7.5 ], "texture": "#1" },
        "south": { "uv": [ 4.25, 6, 4.5, 7.5 ], "texture": "#1" },
        "west":  { "uv": [ 7, 6, 9, 7.5 ], "texture": "#1" },
        "east":  { "uv": [ 7, 6, 9, 7.5 ], "texture": "#1" }
    }
},
{
    "from": [ 5.25, 8.5, 7 ],
    "to": [ 5.5, 10, 9 ],
    "faces": {
        "down":  { "uv": [ 10.75, 9, 10.5, 7 ], "texture": "#1" },
        "north": { "uv": [ 10.5, 6, 10.75, 7.5 ], "texture": "#1" },
        "south": { "uv": [ 5.25, 6, 5.5, 7.5 ], "texture": "#1" },
        "west":  { "uv": [ 7, 6, 9, 7.5 ], "texture": "#1" },
        "east":  { "uv": [ 7, 6, 9, 7.5 ], "texture": "#1" }
    }
},
{
    "from": [ 0.25, 8.5, 7 ],
    "to": [ 0.5, 10, 9 ],
    "faces": {
        "down":  { "uv": [ 1, 7, 1.25, 9 ], "texture": "#1" },
        "north": { "uv": [ 1, 6, 1.25, 7.5 ], "texture": "#1" },
        "south": { "uv": [ 1, 6, 1.25, 7.5 ], "texture": "#1" },
        "west":  { "uv": [ 7, 6, 9, 7.5 ], "texture": "#1" },
        "east":  { "uv": [ 7, 6, 9, 7.5 ], "texture": "#1" }
    }
},
{
    "from": [ 6.25, 8.5, 7 ],
    "to": [ 6.5, 10, 9 ],
    "faces": {
        "down":  { "uv": [ 9.75, 9, 9.5, 7 ], "texture": "#1" },
        "north": { "uv": [ 9.5, 6, 9.75, 7.5 ], "texture": "#1" },
        "south": { "uv": [ 6.25, 6, 6.5, 7.5 ], "texture": "#1" },
        "west":  { "uv": [ 7, 6, 9, 7.5 ], "texture": "#1" },
        "east":  { "uv": [ 7, 6, 9, 7.5 ], "texture": "#1" }
    }
},
{
    "from": [ 7.25, 8.5, 7 ],
    "to": [ 7.5, 10, 9 ],
    "faces": {
        "down":  { "uv": [ 8.75, 9, 8.5, 7 ], "texture": "#1" },
        "north": { "uv": [ 8.5, 6, 8.75, 7.5 ], "texture": "#1" },
        "south": { "uv": [ 7.25, 6, 7.5, 7.5 ], "texture": "#1" },
        "west":  { "uv": [ 7, 6, 9, 7.5 ], "texture": "#1" },
        "east":  { "uv": [ 7, 6, 9, 7.5 ], "texture": "#1" }
    }
},
{
    "from": [ 0.25, 10.25, 7.25 ],
    "to": [ 23.75, 10.5, 8.75 ],
    "faces": {
        "down":  { "uv": [ 15, 8.25, 1, 9.75 ], "texture": "#1" },
        "up":    { "uv": [ 1, 7.25, 15, 8.75 ], "texture": "#1" },
        "north": { "uv": [ 1, 5.5, 15, 5.75 ], "texture": "#1" },
        "south": { "uv": [ 1, 5.5, 15, 5.75 ], "texture": "#1" },
        "west":  { "uv": [ 7.25, 5.5, 8.75, 5.75 ], "texture": "#1" }
    }
},
{
    "from": [ 0.5, 8.5, 7.5 ],
    "to": [ 8.25, 10, 8.5 ],
    "faces": {
        "north": { "uv": [ 7.75, 6, 15.5, 7.5 ], "texture": "#0", "cullface": "west" },
        "south": { "uv": [ 0.5, 6, 8.25, 7.5 ], "texture": "#0", "cullface": "west" },
        "east":  { "uv": [ 7.5, 6, 8.5, 7.5 ], "texture": "#0", "cullface": "west" }
    }
},
{
    "from": [ 15.25, 7, 7 ],
    "to": [ 19, 8, 9 ],
    "faces": {
        "down":  { "uv": [ 4.75, 9, 1, 7 ], "texture": "#3", "cullface": "east" },
        "up":    { "uv": [ 11.25, 7, 15, 9 ], "texture": "#3", "cullface": "east" },
        "north": { "uv": [ 1, 8, 4.75, 9 ], "texture": "#3", "cullface": "east" },
        "south": { "uv": [ 11.25, 8, 15, 9 ], "texture": "#3", "cullface": "east" },
        "east":  { "uv": [ 7, 8, 9, 9 ], "texture": "#3", "cullface": "east" }
    }
},
{
    "from": [ 19, 7.5, 7 ],
    "to": [ 21.5, 8, 9 ],
    "faces": {
        "down":  { "uv": [ 12.5, 7, 15, 9 ], "texture": "#3", "cullface": "east" },
        "up":    { "uv": [ 12.5, 7, 15, 9 ], "texture": "#3", "cullface": "east" },
        "north": { "uv": [ 12.5, 8, 15, 8.5 ], "texture": "#3", "cullface": "east" },
        "south": { "uv": [ 12.5, 8, 15, 8.5 ], "texture": "#3", "cullface": "east" },
        "east":  { "uv": [ 7, 8, 9, 8.5 ], "texture": "#3", "cullface": "east" }
    }
},
{
    "from": [ 17.25, 5.5, 7.25 ],
    "to": [ 19, 7, 8.75 ],
    "faces": {
        "down":  { "uv": [ 0, 8.75, 0, 7.25 ], "texture": "#2", "cullface": "east" },
        "north": { "uv": [ 0, 9, 0, 10.5 ], "texture": "#2", "cullface": "east" },
        "south": { "uv": [ 16, 9, 16, 10.5 ], "texture": "#2", "cullface": "east" },
        "west":  { "uv": [ 7.25, 9, 8.75, 10.5 ], "texture": "#2", "cullface": "east" },
        "east":  { "uv": [ 7.25, 9, 8.75, 10.5 ], "texture": "#2", "cullface": "east" }
    }
},
{
    "from": [ 17.25, 2, 7.5 ],
    "to": [ 19.25, 5.5, 8.5 ],
    "rotation": { "origin": [ 17.25, 5.5, 7.5 ], "axis": "z", "angle": 22.5 },
    "faces": {
        "down":  { "uv": [ 1.75, 8.5, 0, 7.5 ], "texture": "#2", "cullface": "east" },
        "up":    { "uv": [ 14.25, 7.5, 16, 8.5 ], "texture": "#2", "cullface": "east" },
        "north": { "uv": [ 0, 10.5, 1.75, 14 ], "texture": "#2", "cullface": "east" },
        "south": { "uv": [ 14.25, 10.5, 16, 14 ], "texture": "#2", "cullface": "east" },
        "west":  { "uv": [ 7.5, 10.5, 8.5, 14 ], "texture": "#2", "cullface": "east" },
        "east":  { "uv": [ 7.5, 10.5, 8.5, 14 ], "texture": "#2", "cullface": "east" }
    }
},
{
    "from": [ 17.5, 2, 7.25 ],
    "to": [ 19, 5.5, 8.75 ],
    "rotation": { "origin": [ 17.5, 5.5, 7.25 ], "axis": "z", "angle": 22.5 },
    "faces": {
        "down":  { "uv": [ 1.5, 8.75, 0, 7.25 ], "texture": "#2", "cullface": "east" },
        "north": { "uv": [ 0, 10.5, 1.5, 14 ], "texture": "#2", "cullface": "east" },
        "south": { "uv": [ 14.5, 10.5, 16, 14 ], "texture": "#2", "cullface": "east" },
        "west":  { "uv": [ 7.25, 10.5, 8.75, 14 ], "texture": "#2", "cullface": "east" },
        "east":  { "uv": [ 7.25, 10.5, 8.75, 14 ], "texture": "#2", "cullface": "east" }
    }
},
{
    "from": [ 18.5, 1.75, 7.25 ],
    "to": [ 20.75, 2.25, 8.75 ],
    "rotation": { "origin": [ 18.5, 2.25, 7.25 ], "axis": "z", "angle": 22.5 },
    "faces": {
        "down":  { "uv": [ 0.75, 8.75, 0, 7.25 ], "texture": "#2", "cullface": "east" },
        "up":    { "uv": [ 15.25, 7.25, 16, 8.75 ], "texture": "#2", "cullface": "east" },
        "north": { "uv": [ 0, 13.5, 0.75, 14 ], "texture": "#2", "cullface": "east" },
        "south": { "uv": [ 15.25, 13.5, 16, 14 ], "texture": "#2", "cullface": "east" },
        "west":  { "uv": [ 7.25, 13.5, 8.75, 14 ], "texture": "#2", "cullface": "east" },
        "east":  { "uv": [ 7.25, 13.5, 8.75, 14 ], "texture": "#2", "cullface": "east" }
    }
},
{
    "from": [ 17, 5.5, 7.75 ],
    "to": [ 17.25, 7, 8.25 ],
    "faces": {
        "down":  { "uv": [ 0, 8.25, 0, 7.75 ], "texture": "#3", "cullface": "east" },
        "north": { "uv": [ 0, 9, 0, 10.5 ], "texture": "#3", "cullface": "east" },
        "south": { "uv": [ 16, 9, 16, 10.5 ], "texture": "#3", "cullface": "east" },
        "west":  { "uv": [ 7.75, 9, 8.25, 10.5 ], "texture": "#3", "cullface": "east" }
    }
},
{
    "from": [ 16.625, 4.9375, 7.75 ],
    "to": [ 17.375, 5.1875, 8.25 ],
    "rotation": { "origin": [ 16.625, 5.1875, 7.75 ], "axis": "z", "angle": 45 },
    "faces": {
        "down":  { "uv": [ 3.75, 8.25, 3, 7.75 ], "texture": "#3", "cullface": "east" },
        "up":    { "uv": [ 12.25, 7.75, 13, 8.25 ], "texture": "#3", "cullface": "east" },
        "north": { "uv": [ 3, 10.75, 3.75, 11 ], "texture": "#3", "cullface": "east" },
        "south": { "uv": [ 12.25, 10.75, 13, 11 ], "texture": "#3", "cullface": "east" },
        "west":  { "uv": [ 7.75, 10.75, 8.25, 11 ], "texture": "#3", "cullface": "east" },
        "east":  { "uv": [ 7.75, 10.75, 8.25, 11 ], "texture": "#3", "cullface": "east" }
    }
},
{
    "from": [ 15.25, 5, 7.75 ],
    "to": [ 16.75, 5.25, 8.25 ],
    "faces": {
        "down":  { "uv": [ 0.75, 8.25, 0, 7.75 ], "texture": "#3", "cullface": "east" },
        "up":    { "uv": [ 15.25, 7.75, 16, 8.25 ], "texture": "#3", "cullface": "east" },
        "north": { "uv": [ 0, 10.75, 0.75, 11 ], "texture": "#3", "cullface": "east" },
        "south": { "uv": [ 15.25, 10.75, 16, 11 ], "texture": "#3", "cullface": "east" },
        "west":  { "uv": [ 7.75, 10.75, 8.25, 11 ], "texture": "#3", "cullface": "east" },
        "east":  { "uv": [ 7.75, 10.75, 8.25, 11 ], "texture": "#3", "cullface": "east" }
    }
},
{
    "from": [ 15.25, 5.25, 7.75 ],
    "to": [ 15.5, 7, 8.25 ],
    "faces": {
        "north": { "uv": [ 0.5, 9, 0.75, 10.75 ], "texture": "#3" },
        "south": { "uv": [ 15.25, 9, 15.5, 10.75 ], "texture": "#3" },
        "west":  { "uv": [ 7.75, 9, 8.25, 10.75 ], "texture": "#3" },
        "east":  { "uv": [ 7.75, 9, 8.25, 10.75 ], "texture": "#3" }
    }
},
{
    "from": [ 16.75, 5.75, 7.875 ],
    "to": [ 17, 7.25, 8.125 ],
    "rotation": { "origin": [ 16.75, 7.25, 7.875 ], "axis": "z", "angle": -22.5 },
    "faces": {
        "down":  { "uv": [ 1.5, 8.125, 1.25, 7.875 ], "texture": "#3", "cullface": "east" },
        "up":    { "uv": [ 14.5, 7.875, 14.75, 8.125 ], "texture": "#3", "cullface": "east" },
        "north": { "uv": [ 1.25, 0.25, 1.5, 1.75 ], "texture": "#3", "cullface": "east" },
        "south": { "uv": [ 14.5, 0.25, 14.75, 1.75 ], "texture": "#3", "cullface": "east" },
        "west":  { "uv": [ 7.875, 0.25, 8.125, 1.75 ], "texture": "#3", "cullface": "east" },
        "east":  { "uv": [ 7.875, 0.25, 8.125, 1.75 ], "texture": "#3", "cullface": "east" }
    }
},
{
    "from": [ -0.25, 8.75, 7.5 ],
    "to": [ 0.25, 10.25, 8.5 ],
    "faces": {
        "down":  { "uv": [ 16, 8.5, 15.75, 7.5 ], "texture": "#0", "cullface": "west" },
        "up":    { "uv": [ 0, 7.5, 0.25, 8.5 ], "texture": "#0", "cullface": "west" },
        "north": { "uv": [ 15.75, 5.75, 16, 7.25 ], "texture": "#0", "cullface": "west" },
        "south": { "uv": [ 0, 5.75, 0.25, 7.25 ], "texture": "#0", "cullface": "west" },
        "west":  { "uv": [ 7.5, 5.75, 8.5, 7.25 ], "texture": "#0", "cullface": "west" },
        "east":  { "uv": [ 7.5, 5.75, 8.5, 7.25 ], "texture": "#0", "cullface": "west" }
    }
},
{
    "from": [ -0.25, 9, 7.25 ],
    "to": [ 0.25, 10, 8.75 ],
    "faces": {
        "down":  { "uv": [ 16, 8.75, 15.75, 7.25 ], "texture": "#0", "cullface": "west" },
        "up":    { "uv": [ 0, 7.25, 0.25, 8.75 ], "texture": "#0", "cullface": "west" },
        "north": { "uv": [ 15.75, 6, 16, 7 ], "texture": "#0", "cullface": "west" },
        "south": { "uv": [ 0, 6, 0.25, 7 ], "texture": "#0", "cullface": "west" },
        "west":  { "uv": [ 7.25, 6, 8.75, 7 ], "texture": "#0", "cullface": "west" }
    }
},
{
    "from": [ 8.25, 9.75, 7 ],
    "to": [ 29, 10.25, 7.25 ],
    "faces": {
        "down":  { "uv": [ 11.75, 7.25, 1, 7 ], "texture": "#1", "cullface": "east" },
        "up":    { "uv": [ 4.25, 7, 15, 7.25 ], "texture": "#1", "cullface": "east" },
        "north": { "uv": [ 1, 5.75, 11.75, 6.25 ], "texture": "#1", "cullface": "east" },
        "south": { "uv": [ 4.25, 5.75, 15, 6.25 ], "texture": "#1", "cullface": "east" },
        "west":  { "uv": [ 7, 5.75, 7.25, 6.25 ], "texture": "#1", "cullface": "east" }
    }
},
{
    "from": [ 8.25, 9.5, 7 ],
    "to": [ 11.25, 9.75, 7.25 ],
    "faces": {
        "down":  { "uv": [ 7.75, 7.25, 4.75, 7 ], "texture": "#1" },
        "north": { "uv": [ 4.75, 6.25, 7.75, 6.5 ], "texture": "#1" },
        "south": { "uv": [ 8.25, 6.25, 11.25, 6.5 ], "texture": "#1" },
        "east":  { "uv": [ 8.75, 6.25, 9, 6.5 ], "texture": "#1" }
    }
},
{
    "from": [ 10.5, 8, 6.75 ],
    "to": [ 11.25, 9.5, 7 ],
    "faces": {
        "down":  { "uv": [ 5.5, 7, 4.75, 6.75 ], "texture": "#1" },
        "up":    { "uv": [ 10.5, 6.75, 11.25, 7 ], "texture": "#1" },
        "north": { "uv": [ 4.75, 6.5, 5.5, 8 ], "texture": "#1" },
        "south": { "uv": [ 10.5, 6.5, 11.25, 8 ], "texture": "#1" },
        "west":  { "uv": [ 6.75, 6.5, 7, 8 ], "texture": "#1" },
        "east":  { "uv": [ 9, 6.5, 9.25, 8 ], "texture": "#1" }
    }
},
{
    "from": [ 11.25, 9.5, 7.25 ],
    "to": [ 20, 9.75, 7.5 ],
    "faces": {
        "up":    { "uv": [ 11.25, 7.25, 16, 7.5 ], "texture": "#3", "cullface": "east" },
        "north": { "uv": [ 0, 6.25, 4.75, 6.5 ], "texture": "#3", "cullface": "east" },
        "west":  { "uv": [ 7.25, 6.25, 7.5, 6.5 ], "texture": "#3", "cullface": "east" }
    }
},
{
    "from": [ 11.25, 9.25, 7 ],
    "to": [ 20, 9.5, 7.25 ],
    "faces": {
        "down":  { "uv": [ 4.75, 7.25, 0, 7 ], "texture": "#3", "cullface": "east" },
        "up":    { "uv": [ 11.25, 7, 16, 7.25 ], "texture": "#3", "cullface": "east" },
        "north": { "uv": [ 0, 6.5, 4.75, 6.75 ], "texture": "#3", "cullface": "east" },
        "west":  { "uv": [ 7, 6.5, 7.25, 6.75 ], "texture": "#3", "cullface": "east" }
    }
},
{
    "from": [ 11.25, 8.75, 7 ],
    "to": [ 17, 9.25, 7.25 ],
    "faces": {
        "north": { "uv": [ 0, 6.75, 4.75, 7.25 ], "texture": "#3", "cullface": "east" },
        "west":  { "uv": [ 7, 6.75, 7.25, 7.25 ], "texture": "#3", "cullface": "east" }
    }
},
{
    "from": [ 20, 9.5, 7.25 ],
    "to": [ 29, 9.75, 7.5 ],
    "faces": {
        "up":    { "uv": [ 6, 7.25, 15, 7.5 ], "texture": "#1", "cullface": "east" },
        "north": { "uv": [ 6, 6.25, 15, 6.5 ], "texture": "#1", "cullface": "east" }
    }
},
{
    "from": [ 20, 8, 7 ],
    "to": [ 29, 9.5, 7.25 ],
    "faces": {
        "down":  { "uv": [ 6, 7, 15, 7.25 ], "texture": "#1", "cullface": "east" },
        "up":    { "uv": [ 6, 7, 15, 7.25 ], "texture": "#1", "cullface": "east" },
        "north": { "uv": [ 6, 6.5, 15, 8 ], "texture": "#1", "cullface": "east" },
        "west":  { "uv": [ 7, 6.5, 7.25, 8 ], "texture": "#1", "cullface": "east" }
    }
},
{
    "from": [ 17, 8, 7 ],
    "to": [ 20, 9.25, 7.25 ],
    "faces": {
        "down":  { "uv": [ 12, 7, 15, 7.25 ], "texture": "#1", "cullface": "east" },
        "north": { "uv": [ 12, 6.75, 15, 8 ], "texture": "#1", "cullface": "east" },
        "west":  { "uv": [ 7, 6.75, 7.25, 8 ], "texture": "#1", "cullface": "east" }
    }
},
{
    "from": [ 11.25, 8, 7 ],
    "to": [ 17, 8.75, 7.25 ],
    "faces": {
        "down":  { "uv": [ 4.75, 7.25, 0, 7 ], "texture": "#1", "cullface": "east" },
        "north": { "uv": [ 0, 7.25, 4.75, 8 ], "texture": "#1", "cullface": "east" },
        "west":  { "uv": [ 7, 7.25, 7.25, 8 ], "texture": "#1", "cullface": "east" }
    }
},
{
    "from": [ 12.5625, 9, 4.625 ],
    "to": [ 13.0625, 9.5, 7.125 ],
    "rotation": { "origin": [ 12.5625, 9, 4.625 ], "axis": "y", "angle": -22.5 },
    "faces": {
        "down":  { "uv": [ 4.4375, 7.125, 3.9375, 4.625 ], "texture": "#3" },
        "up":    { "uv": [ 11.5625, 4.625, 12.0625, 7.125 ], "texture": "#3" },
        "north": { "uv": [ 3.9375, 6.5, 4.4375, 7 ], "texture": "#3" },
        "south": { "uv": [ 11.5625, 6.5, 12.0625, 7 ], "texture": "#3" },
        "west":  { "uv": [ 4.625, 6.5, 7.125, 7 ], "texture": "#3" },
        "east":  { "uv": [ 8.875, 6.5, 11.375, 7 ], "texture": "#3" }
    }
},
{
    "from": [ 12.5, 9, 4.5 ],
    "to": [ 13.75, 9.5, 5 ],
    "faces": {
        "down":  { "uv": [ 3.5, 5, 2.25, 4.5 ], "texture": "#3" },
        "up":    { "uv": [ 12.5, 4.5, 13.75, 5 ], "texture": "#3" },
        "north": { "uv": [ 2.25, 6.5, 3.5, 7 ], "texture": "#3" },
        "south": { "uv": [ 12.5, 6.5, 13.75, 7 ], "texture": "#3" },
        "west":  { "uv": [ 4.5, 6.5, 5, 7 ], "texture": "#3" },
        "east":  { "uv": [ 11, 6.5, 11.5, 7 ], "texture": "#3" }
    }
}
],
"display": {
    "thirdperson_righthand": {
        "rotation": [ -180, -90, -180 ],
        "translation": [ 0, 0.76, -8.8 ],
        "scale": [ 1, 1, 1 ]
    },
    "thirdperson_lefthand": {
        "rotation": [ -180, 90, -180 ],
        "translation": [ 0, 0.76, -8.8 ],
        "scale": [ 1, 1, 1 ]
    },
    "ground": {
        "rotation": [ 0, 0, 0 ],
        "translation": [ 0, 0, 0 ],
        "scale": [ 1, 1, 1 ]
    },
    "fixed": {
        "rotation": [ 0, 180, -45 ],
        "translation": [ 0.9, -0.2, -1.1 ],
        "scale": [ 1, 1, 1 ]
    },
    "firstperson_righthand": {
        "rotation": [ 0, -102, 1 ],
        "translation": [ 0, 3.02, -5.48 ],
        "scale": [ 0.9, 0.9, 0.9 ]
    },
    "firstperson_lefthand": {
        "rotation": [ 0, 78, 0 ],
        "translation": [ 0, 3.02, -5.48 ],
        "scale": [ 0.9, 0.9, 0.9 ]
    },
    "gui": {
        "rotation": [ 0, 0, -45 ],
        "translation": [ -0.38, 0, 0 ],
        "scale": [ 0.5, 0.5, 0.5 ]
    }
}
}