{
"__comment": "Designed by Yoyomg43 with BDcraft Cubik PRO 0.96 Beta - http://bdcraft.net",
"textures": {
    "texture": "custom/black8"
},
"elements": [ 
{
    "__comment": "?? x128",
    "from": [ 11.29, 2.286, 6.824 ],
    "to": [ 12.172, 3.168, 7.7648 ],
    "faces": {
        "down":  { "uv": [ 4.71, 7.7648, 3.828, 6.824 ], "texture": "#texture" },
        "up":    { "uv": [ 11.29, 6.824, 12.172, 7.7648 ], "texture": "#texture" },
        "north": { "uv": [ 3.828, 12.832, 4.71, 13.714 ], "texture": "#texture" },
        "south": { "uv": [ 11.29, 12.832, 12.172, 13.714 ], "texture": "#texture" },
        "west":  { "uv": [ 6.824, 12.832, 7.7648, 13.714 ], "texture": "#texture" },
        "east":  { "uv": [ 8.2352, 12.832, 9.176, 13.714 ], "texture": "#texture" }
    }
},
{
    "__comment": "?? x128",
    "from": [ 5.116, 1.992, 6.824 ],
    "to": [ 11.584, 2.286, 7.7648 ],
    "faces": {
        "down":  { "uv": [ 10.884, 7.7648, 4.416, 6.824 ], "texture": "#texture" },
        "up":    { "uv": [ 5.116, 6.824, 11.584, 7.7648 ], "texture": "#texture" },
        "north": { "uv": [ 4.416, 13.714, 10.884, 14.008 ], "texture": "#texture" },
        "south": { "uv": [ 5.116, 13.714, 11.584, 14.008 ], "texture": "#texture" },
        "west":  { "uv": [ 6.824, 13.714, 7.7648, 14.008 ], "texture": "#texture" },
        "east":  { "uv": [ 8.2352, 13.714, 9.176, 14.008 ], "texture": "#texture" }
    }
},
{
    "__comment": "?? x128",
    "from": [ 4.822, 2.286, 6.824 ],
    "to": [ 11.29, 2.874, 7.7648 ],
    "faces": {
        "down":  { "uv": [ 11.178, 7.7648, 4.71, 6.824 ], "texture": "#texture" },
        "up":    { "uv": [ 4.822, 6.824, 11.29, 7.7648 ], "texture": "#texture" },
        "north": { "uv": [ 4.71, 13.126, 11.178, 13.714 ], "texture": "#texture" },
        "south": { "uv": [ 4.822, 13.126, 11.29, 13.714 ], "texture": "#texture" },
        "west":  { "uv": [ 6.824, 13.126, 7.7648, 13.714 ], "texture": "#texture" },
        "east":  { "uv": [ 8.2352, 13.126, 9.176, 13.714 ], "texture": "#texture" }
    }
},
{
    "__comment": "?? x128",
    "from": [ 5.41, 1.698, 6.824 ],
    "to": [ 11.29, 1.992, 7.7648 ],
    "faces": {
        "down":  { "uv": [ 10.59, 7.7648, 4.71, 6.824 ], "texture": "#texture" },
        "up":    { "uv": [ 5.41, 6.824, 11.29, 7.7648 ], "texture": "#texture" },
        "north": { "uv": [ 4.71, 14.008, 10.59, 14.302 ], "texture": "#texture" },
        "south": { "uv": [ 5.41, 14.008, 11.29, 14.302 ], "texture": "#texture" },
        "west":  { "uv": [ 6.824, 14.008, 7.7648, 14.302 ], "texture": "#texture" },
        "east":  { "uv": [ 8.2352, 14.008, 9.176, 14.302 ], "texture": "#texture" }
    }
},
{
    "__comment": "?? x128",
    "from": [ 5.704, 1.404, 6.824 ],
    "to": [ 10.996, 1.698, 7.7648 ],
    "faces": {
        "down":  { "uv": [ 10.296, 7.7648, 5.004, 6.824 ], "texture": "#texture" },
        "up":    { "uv": [ 5.704, 6.824, 10.996, 7.7648 ], "texture": "#texture" },
        "north": { "uv": [ 5.004, 14.302, 10.296, 14.596 ], "texture": "#texture" },
        "south": { "uv": [ 5.704, 14.302, 10.996, 14.596 ], "texture": "#texture" },
        "west":  { "uv": [ 6.824, 14.302, 7.7648, 14.596 ], "texture": "#texture" },
        "east":  { "uv": [ 8.2352, 14.302, 9.176, 14.596 ], "texture": "#texture" }
    }
},
{
    "__comment": "?? x128",
    "from": [ 5.998, 10.518, 6.824 ],
    "to": [ 10.702, 11.106, 7.7648 ],
    "faces": {
        "down":  { "uv": [ 10.002, 7.7648, 5.298, 6.824 ], "texture": "#texture" },
        "up":    { "uv": [ 5.998, 6.824, 10.702, 7.7648 ], "texture": "#texture" },
        "north": { "uv": [ 5.298, 4.894, 10.002, 5.482 ], "texture": "#texture" },
        "south": { "uv": [ 5.998, 4.894, 10.702, 5.482 ], "texture": "#texture" },
        "west":  { "uv": [ 6.824, 4.894, 7.7648, 5.482 ], "texture": "#texture" },
        "east":  { "uv": [ 8.2352, 4.894, 9.176, 5.482 ], "texture": "#texture" }
    }
},
{
    "__comment": "?? x128",
    "from": [ 5.704, 12.282, 6.824 ],
    "to": [ 10.408, 12.87, 7.7648 ],
    "faces": {
        "down":  { "uv": [ 10.296, 7.7648, 5.592, 6.824 ], "texture": "#texture" },
        "up":    { "uv": [ 5.704, 6.824, 10.408, 7.7648 ], "texture": "#texture" },
        "north": { "uv": [ 5.592, 3.13, 10.296, 3.718 ], "texture": "#texture" },
        "south": { "uv": [ 5.704, 3.13, 10.408, 3.718 ], "texture": "#texture" },
        "west":  { "uv": [ 6.824, 3.13, 7.7648, 3.718 ], "texture": "#texture" },
        "east":  { "uv": [ 8.2352, 3.13, 9.176, 3.718 ], "texture": "#texture" }
    }
},
{
    "__comment": "?? x128",
    "from": [ 5.41, 11.106, 6.824 ],
    "to": [ 10.408, 11.4, 7.7648 ],
    "faces": {
        "down":  { "uv": [ 10.59, 7.7648, 5.592, 6.824 ], "texture": "#texture" },
        "up":    { "uv": [ 5.41, 6.824, 10.408, 7.7648 ], "texture": "#texture" },
        "north": { "uv": [ 5.592, 4.6, 10.59, 4.894 ], "texture": "#texture" },
        "south": { "uv": [ 5.41, 4.6, 10.408, 4.894 ], "texture": "#texture" },
        "west":  { "uv": [ 6.824, 4.6, 7.7648, 4.894 ], "texture": "#texture" },
        "east":  { "uv": [ 8.2352, 4.6, 9.176, 4.894 ], "texture": "#texture" }
    }
},
{
    "__comment": "?? x128",
    "from": [ 5.998, 1.11, 6.824 ],
    "to": [ 10.408, 1.404, 7.7648 ],
    "faces": {
        "down":  { "uv": [ 10.002, 7.7648, 5.592, 6.824 ], "texture": "#texture" },
        "up":    { "uv": [ 5.998, 6.824, 10.408, 7.7648 ], "texture": "#texture" },
        "north": { "uv": [ 5.592, 14.596, 10.002, 14.89 ], "texture": "#texture" },
        "south": { "uv": [ 5.998, 14.596, 10.408, 14.89 ], "texture": "#texture" },
        "west":  { "uv": [ 6.824, 14.596, 7.7648, 14.89 ], "texture": "#texture" },
        "east":  { "uv": [ 8.2352, 14.596, 9.176, 14.89 ], "texture": "#texture" }
    }
},
{
    "__comment": "?? x128",
    "from": [ 6.292, 11.988, 6.824 ],
    "to": [ 10.114, 12.282, 7.7648 ],
    "faces": {
        "down":  { "uv": [ 9.708, 7.7648, 5.886, 6.824 ], "texture": "#texture" },
        "up":    { "uv": [ 6.292, 6.824, 10.114, 7.7648 ], "texture": "#texture" },
        "north": { "uv": [ 5.886, 3.718, 9.708, 4.012 ], "texture": "#texture" },
        "south": { "uv": [ 6.292, 3.718, 10.114, 4.012 ], "texture": "#texture" },
        "west":  { "uv": [ 6.824, 3.718, 7.7648, 4.012 ], "texture": "#texture" },
        "east":  { "uv": [ 8.2352, 3.718, 9.176, 4.012 ], "texture": "#texture" }
    }
},
{
    "__comment": "?? x128",
    "from": [ 5.998, 2.874, 6.824 ],
    "to": [ 10.114, 6.108, 7.7648 ],
    "faces": {
        "down":  { "uv": [ 10.002, 7.7648, 5.886, 6.824 ], "texture": "#texture" },
        "up":    { "uv": [ 5.998, 6.824, 10.114, 7.7648 ], "texture": "#texture" },
        "north": { "uv": [ 5.886, 9.892, 10.002, 13.126 ], "texture": "#texture" },
        "south": { "uv": [ 5.998, 9.892, 10.114, 13.126 ], "texture": "#texture" },
        "west":  { "uv": [ 6.824, 9.892, 7.7648, 13.126 ], "texture": "#texture" },
        "east":  { "uv": [ 8.2352, 9.892, 9.176, 13.126 ], "texture": "#texture" }
    }
},
{
    "__comment": "?? x128",
    "from": [ 6.292, 0.816, 6.824 ],
    "to": [ 10.114, 1.11, 7.7648 ],
    "faces": {
        "down":  { "uv": [ 9.708, 7.7648, 5.886, 6.824 ], "texture": "#texture" },
        "up":    { "uv": [ 6.292, 6.824, 10.114, 7.7648 ], "texture": "#texture" },
        "north": { "uv": [ 5.886, 14.89, 9.708, 15.184 ], "texture": "#texture" },
        "south": { "uv": [ 6.292, 14.89, 10.114, 15.184 ], "texture": "#texture" },
        "west":  { "uv": [ 6.824, 14.89, 7.7648, 15.184 ], "texture": "#texture" },
        "east":  { "uv": [ 8.2352, 14.89, 9.176, 15.184 ], "texture": "#texture" }
    }
},
{
    "__comment": "?? x128",
    "from": [ 5.704, 12.87, 6.824 ],
    "to": [ 9.82, 13.164, 7.7648 ],
    "faces": {
        "down":  { "uv": [ 10.296, 7.7648, 6.18, 6.824 ], "texture": "#texture" },
        "up":    { "uv": [ 5.704, 6.824, 9.82, 7.7648 ], "texture": "#texture" },
        "north": { "uv": [ 6.18, 2.836, 10.296, 3.13 ], "texture": "#texture" },
        "south": { "uv": [ 5.704, 2.836, 9.82, 3.13 ], "texture": "#texture" },
        "west":  { "uv": [ 6.824, 2.836, 7.7648, 3.13 ], "texture": "#texture" },
        "east":  { "uv": [ 8.2352, 2.836, 9.176, 3.13 ], "texture": "#texture" }
    }
},
{
    "__comment": "?? x128",
    "from": [ 6.292, 6.108, 6.824 ],
    "to": [ 9.82, 10.518, 7.7648 ],
    "faces": {
        "down":  { "uv": [ 9.708, 7.7648, 6.18, 6.824 ], "texture": "#texture" },
        "up":    { "uv": [ 6.292, 6.824, 9.82, 7.7648 ], "texture": "#texture" },
        "north": { "uv": [ 6.18, 5.482, 9.708, 9.892 ], "texture": "#texture" },
        "south": { "uv": [ 6.292, 5.482, 9.82, 9.892 ], "texture": "#texture" },
        "west":  { "uv": [ 6.824, 5.482, 7.7648, 9.892 ], "texture": "#texture" },
        "east":  { "uv": [ 8.2352, 5.482, 9.176, 9.892 ], "texture": "#texture" }
    }
},
{
    "__comment": "?? x128",
    "from": [ 6.586, 0.522, 6.824 ],
    "to": [ 9.82, 0.816, 7.7648 ],
    "faces": {
        "down":  { "uv": [ 9.414, 7.7648, 6.18, 6.824 ], "texture": "#texture" },
        "up":    { "uv": [ 6.586, 6.824, 9.82, 7.7648 ], "texture": "#texture" },
        "north": { "uv": [ 6.18, 15.184, 9.414, 15.478 ], "texture": "#texture" },
        "south": { "uv": [ 6.586, 15.184, 9.82, 15.478 ], "texture": "#texture" },
        "west":  { "uv": [ 6.824, 15.184, 7.7648, 15.478 ], "texture": "#texture" },
        "east":  { "uv": [ 8.2352, 15.184, 9.176, 15.478 ], "texture": "#texture" }
    }
},
{
    "__comment": "?? x128",
    "from": [ 8.938, 13.164, 6.824 ],
    "to": [ 9.526, 16.986, 7.7648 ],
    "faces": {
        "down":  { "uv": [ 7.062, 7.7648, 6.474, 6.824 ], "texture": "#texture" },
        "up":    { "uv": [ 8.938, 6.824, 9.526, 7.7648 ], "texture": "#texture" },
        "north": { "uv": [ 6.474, 0, 7.062, 2.836 ], "texture": "#texture" },
        "south": { "uv": [ 8.938, 0, 9.526, 2.836 ], "texture": "#texture" },
        "west":  { "uv": [ 6.824, 0, 7.7648, 2.836 ], "texture": "#texture" },
        "east":  { "uv": [ 8.2352, 0, 9.176, 2.836 ], "texture": "#texture" }
    }
},
{
    "__comment": "?? x128",
    "from": [ 6.292, 11.4, 6.824 ],
    "to": [ 9.526, 11.988, 7.7648 ],
    "faces": {
        "down":  { "uv": [ 9.708, 7.7648, 6.474, 6.824 ], "texture": "#texture" },
        "up":    { "uv": [ 6.292, 6.824, 9.526, 7.7648 ], "texture": "#texture" },
        "north": { "uv": [ 6.474, 4.012, 9.708, 4.6 ], "texture": "#texture" },
        "south": { "uv": [ 6.292, 4.012, 9.526, 4.6 ], "texture": "#texture" },
        "west":  { "uv": [ 6.824, 4.012, 7.7648, 4.6 ], "texture": "#texture" },
        "east":  { "uv": [ 8.2352, 4.012, 9.176, 4.6 ], "texture": "#texture" }
    }
},
{
    "__comment": "?? x128",
    "from": [ 6.88, 0.228, 6.824 ],
    "to": [ 9.526, 0.522, 7.7648 ],
    "faces": {
        "down":  { "uv": [ 9.12, 7.7648, 6.474, 6.824 ], "texture": "#texture" },
        "up":    { "uv": [ 6.88, 6.824, 9.526, 7.7648 ], "texture": "#texture" },
        "north": { "uv": [ 6.474, 15.478, 9.12, 15.772 ], "texture": "#texture" },
        "south": { "uv": [ 6.88, 15.478, 9.526, 15.772 ], "texture": "#texture" },
        "west":  { "uv": [ 6.824, 15.478, 7.7648, 15.772 ], "texture": "#texture" },
        "east":  { "uv": [ 8.2352, 15.478, 9.176, 15.772 ], "texture": "#texture" }
    }
},
{
    "__comment": "?? x128",
    "from": [ 8.938, 16.986, 6.824 ],
    "to": [ 9.232, 17.28, 7.7648 ],
    "faces": {
        "down":  { "uv": [ 7.062, 7.7648, 6.768, 6.824 ], "texture": "#texture" },
        "up":    { "uv": [ 8.938, 6.824, 9.232, 7.7648 ], "texture": "#texture" },
        "north": { "uv": [ 6.768, 0.72, 7.062, 1.014 ], "texture": "#texture" },
        "south": { "uv": [ 8.938, 0.72, 9.232, 1.014 ], "texture": "#texture" },
        "west":  { "uv": [ 6.824, 0.72, 7.7648, 1.014 ], "texture": "#texture" },
        "east":  { "uv": [ 8.2352, 0.72, 9.176, 1.014 ], "texture": "#texture" }
    }
},
{
    "__comment": "?? x128",
    "from": [ 6.586, 13.164, 6.824 ],
    "to": [ 8.938, 16.692, 7.7648 ],
    "faces": {
        "down":  { "uv": [ 9.414, 7.7648, 7.062, 6.824 ], "texture": "#texture" },
        "up":    { "uv": [ 6.586, 6.824, 8.938, 7.7648 ], "texture": "#texture" },
        "north": { "uv": [ 7.062, 0, 9.414, 2.836 ], "texture": "#texture" },
        "south": { "uv": [ 6.586, 0, 8.938, 2.836 ], "texture": "#texture" },
        "west":  { "uv": [ 6.824, 0, 7.7648, 2.836 ], "texture": "#texture" },
        "east":  { "uv": [ 8.2352, 0, 9.176, 2.836 ], "texture": "#texture" }
    }
},
{
    "__comment": "?? x128",
    "from": [ 7.174, -0.066, 6.824 ],
    "to": [ 8.938, 0.228, 7.7648 ],
    "faces": {
        "down":  { "uv": [ 8.826, 7.7648, 7.062, 6.824 ], "texture": "#texture" },
        "up":    { "uv": [ 7.174, 6.824, 8.938, 7.7648 ], "texture": "#texture" },
        "north": { "uv": [ 7.062, 15.772, 8.826, 16 ], "texture": "#texture" },
        "south": { "uv": [ 7.174, 15.772, 8.938, 16 ], "texture": "#texture" },
        "west":  { "uv": [ 6.824, 15.772, 7.7648, 16 ], "texture": "#texture" },
        "east":  { "uv": [ 8.2352, 15.772, 9.176, 16 ], "texture": "#texture" }
    }
},
{
    "__comment": "?? x128",
    "from": [ 8.35, 16.692, 6.824 ],
    "to": [ 8.644, 17.28, 7.7648 ],
    "faces": {
        "down":  { "uv": [ 7.65, 7.7648, 7.356, 6.824 ], "texture": "#texture" },
        "up":    { "uv": [ 8.35, 6.824, 8.644, 7.7648 ], "texture": "#texture" },
        "north": { "uv": [ 7.356, 0.72, 7.65, 1.308 ], "texture": "#texture" },
        "south": { "uv": [ 8.35, 0.72, 8.644, 1.308 ], "texture": "#texture" },
        "west":  { "uv": [ 6.824, 0.72, 7.7648, 1.308 ], "texture": "#texture" },
        "east":  { "uv": [ 8.2352, 0.72, 9.176, 1.308 ], "texture": "#texture" }
    }
},
{
    "__comment": "?? x128",
    "from": [ 7.62, -0.4, 7.16 ],
    "to": [ 8.46, -0.19, 7.832 ],
    "faces": {
        "down":  { "uv": [ 4.75, 8.5, 5.25, 8.46735 ], "rotation": 180, "texture": "#texture" },
        "up":    { "uv": [ 4.75, 8.375, 5.25, 8.40765 ], "rotation": 180, "texture": "#texture" },
        "north": { "uv": [ 4.75, 8.375, 5.25, 8.5 ], "texture": "#texture" },
        "south": { "uv": [ 5.25, 8.375, 4.75, 8.5 ], "texture": "#texture" },
        "west":  { "uv": [ 5.25, 8.375, 5.21735, 8.5 ], "texture": "#texture" },
        "east":  { "uv": [ 4.75, 8.375, 4.78265, 8.5 ], "texture": "#texture" }
    }
},
{
    "__comment": "?? x128",
    "from": [ 7.468, 16.692, 6.824 ],
    "to": [ 7.762, 17.28, 7.7648 ],
    "faces": {
        "down":  { "uv": [ 8.532, 7.7648, 8.238, 6.824 ], "texture": "#texture" },
        "up":    { "uv": [ 7.468, 6.824, 7.762, 7.7648 ], "texture": "#texture" },
        "north": { "uv": [ 8.238, 0.72, 8.532, 1.308 ], "texture": "#texture" },
        "south": { "uv": [ 7.468, 0.72, 7.762, 1.308 ], "texture": "#texture" },
        "west":  { "uv": [ 6.824, 0.72, 7.7648, 1.308 ], "texture": "#texture" },
        "east":  { "uv": [ 8.2352, 0.72, 9.176, 1.308 ], "texture": "#texture" }
    }
},
{
    "__comment": "?? x128",
    "from": [ 7.62, -1.03, 7.16 ],
    "to": [ 7.83, -0.4, 7.832 ],
    "faces": {
        "down":  { "uv": [ 5.125, 8.875, 5.25, 8.84235 ], "rotation": 180, "texture": "#texture" },
        "up":    { "uv": [ 5.125, 8.5, 5.25, 8.53265 ], "rotation": 180, "texture": "#texture" },
        "north": { "uv": [ 5.125, 8.5, 5.25, 8.875 ], "texture": "#texture" },
        "south": { "uv": [ 5.25, 8.5, 5.125, 8.875 ], "texture": "#texture" },
        "west":  { "uv": [ 5.25, 8.5, 5.21735, 8.875 ], "texture": "#texture" },
        "east":  { "uv": [ 5.125, 8.5, 5.15765, 8.875 ], "texture": "#texture" }
    }
},
{
    "__comment": "?? x128",
    "from": [ 6.586, 16.692, 6.824 ],
    "to": [ 7.174, 17.28, 7.7648 ],
    "faces": {
        "down":  { "uv": [ 9.414, 7.7648, 8.826, 6.824 ], "texture": "#texture" },
        "up":    { "uv": [ 6.586, 6.824, 7.174, 7.7648 ], "texture": "#texture" },
        "north": { "uv": [ 8.826, 0.72, 9.414, 1.308 ], "texture": "#texture" },
        "south": { "uv": [ 6.586, 0.72, 7.174, 1.308 ], "texture": "#texture" },
        "west":  { "uv": [ 6.824, 0.72, 7.7648, 1.308 ], "texture": "#texture" },
        "east":  { "uv": [ 8.2352, 0.72, 9.176, 1.308 ], "texture": "#texture" }
    }
},
{
    "__comment": "?? x128",
    "from": [ 5.41, 10.812, 6.824 ],
    "to": [ 5.998, 11.106, 7.7648 ],
    "faces": {
        "down":  { "uv": [ 10.59, 7.7648, 10.002, 6.824 ], "texture": "#texture" },
        "up":    { "uv": [ 5.41, 6.824, 5.998, 7.7648 ], "texture": "#texture" },
        "north": { "uv": [ 10.002, 4.894, 10.59, 5.188 ], "texture": "#texture" },
        "south": { "uv": [ 5.41, 4.894, 5.998, 5.188 ], "texture": "#texture" },
        "west":  { "uv": [ 6.824, 4.894, 7.7648, 5.188 ], "texture": "#texture" },
        "east":  { "uv": [ 8.2352, 4.894, 9.176, 5.188 ], "texture": "#texture" }
    }
},
{
    "__comment": "?? x128",
    "from": [ 5.704, 3.756, 6.824 ],
    "to": [ 5.998, 4.05, 7.7648 ],
    "faces": {
        "down":  { "uv": [ 10.296, 7.7648, 10.002, 6.824 ], "texture": "#texture" },
        "up":    { "uv": [ 5.704, 6.824, 5.998, 7.7648 ], "texture": "#texture" },
        "north": { "uv": [ 10.002, 11.95, 10.296, 12.244 ], "texture": "#texture" },
        "south": { "uv": [ 5.704, 11.95, 5.998, 12.244 ], "texture": "#texture" },
        "west":  { "uv": [ 6.824, 11.95, 7.7648, 12.244 ], "texture": "#texture" },
        "east":  { "uv": [ 8.2352, 11.95, 9.176, 12.244 ], "texture": "#texture" }
    }
},
{
    "__comment": "?? x128",
    "from": [ 5.704, 2.874, 6.824 ],
    "to": [ 5.998, 3.462, 7.7648 ],
    "faces": {
        "down":  { "uv": [ 10.296, 7.7648, 10.002, 6.824 ], "texture": "#texture" },
        "up":    { "uv": [ 5.704, 6.824, 5.998, 7.7648 ], "texture": "#texture" },
        "north": { "uv": [ 10.002, 12.538, 10.296, 13.126 ], "texture": "#texture" },
        "south": { "uv": [ 5.704, 12.538, 5.998, 13.126 ], "texture": "#texture" },
        "west":  { "uv": [ 6.824, 12.538, 7.7648, 13.126 ], "texture": "#texture" },
        "east":  { "uv": [ 8.2352, 12.538, 9.176, 13.126 ], "texture": "#texture" }
    }
},
{
    "__comment": "?? x128",
    "from": [ 5.41, 12.576, 6.824 ],
    "to": [ 5.704, 12.87, 7.7648 ],
    "faces": {
        "down":  { "uv": [ 10.59, 7.7648, 10.296, 6.824 ], "texture": "#texture" },
        "up":    { "uv": [ 5.41, 6.824, 5.704, 7.7648 ], "texture": "#texture" },
        "north": { "uv": [ 10.296, 3.13, 10.59, 3.424 ], "texture": "#texture" },
        "south": { "uv": [ 5.41, 3.13, 5.704, 3.424 ], "texture": "#texture" },
        "west":  { "uv": [ 6.824, 3.13, 7.7648, 3.424 ], "texture": "#texture" },
        "east":  { "uv": [ 8.2352, 3.13, 9.176, 3.424 ], "texture": "#texture" }
    }
},
{
    "__comment": "?? x128",
    "from": [ 4.234, 2.874, 6.824 ],
    "to": [ 5.704, 3.168, 7.7648 ],
    "faces": {
        "down":  { "uv": [ 11.766, 7.7648, 10.296, 6.824 ], "texture": "#texture" },
        "up":    { "uv": [ 4.234, 6.824, 5.704, 7.7648 ], "texture": "#texture" },
        "north": { "uv": [ 10.296, 12.832, 11.766, 13.126 ], "texture": "#texture" },
        "south": { "uv": [ 4.234, 12.832, 5.704, 13.126 ], "texture": "#texture" },
        "west":  { "uv": [ 6.824, 12.832, 7.7648, 13.126 ], "texture": "#texture" },
        "east":  { "uv": [ 8.2352, 12.832, 9.176, 13.126 ], "texture": "#texture" }
    }
},
{
    "__comment": "?? x128",
    "from": [ 3.94, 3.168, 6.824 ],
    "to": [ 5.116, 3.462, 7.7648 ],
    "faces": {
        "down":  { "uv": [ 12.06, 7.7648, 10.884, 6.824 ], "texture": "#texture" },
        "up":    { "uv": [ 3.94, 6.824, 5.116, 7.7648 ], "texture": "#texture" },
        "north": { "uv": [ 10.884, 12.538, 12.06, 12.832 ], "texture": "#texture" },
        "south": { "uv": [ 3.94, 12.538, 5.116, 12.832 ], "texture": "#texture" },
        "west":  { "uv": [ 6.824, 12.538, 7.7648, 12.832 ], "texture": "#texture" },
        "east":  { "uv": [ 8.2352, 12.538, 9.176, 12.832 ], "texture": "#texture" }
    }
},
{
    "__comment": "?? x128",
    "from": [ 4.528, 2.58, 6.824 ],
    "to": [ 4.822, 2.874, 7.7648 ],
    "faces": {
        "down":  { "uv": [ 11.472, 7.7648, 11.178, 6.824 ], "texture": "#texture" },
        "up":    { "uv": [ 4.528, 6.824, 4.822, 7.7648 ], "texture": "#texture" },
        "north": { "uv": [ 11.178, 13.126, 11.472, 13.42 ], "texture": "#texture" },
        "south": { "uv": [ 4.528, 13.126, 4.822, 13.42 ], "texture": "#texture" },
        "west":  { "uv": [ 6.824, 13.126, 7.7648, 13.42 ], "texture": "#texture" },
        "east":  { "uv": [ 8.2352, 13.126, 9.176, 13.42 ], "texture": "#texture" }
    }
},
{
    "__comment": "?? x128",
    "from": [ 3.94, 3.315, 6.824 ],
    "to": [ 4.528, 3.756, 7.7648 ],
    "faces": {
        "down":  { "uv": [ 12.06, 7.7648, 11.472, 6.824 ], "texture": "#texture" },
        "up":    { "uv": [ 3.94, 6.824, 4.528, 7.7648 ], "texture": "#texture" },
        "north": { "uv": [ 11.472, 12.244, 12.06, 12.685 ], "texture": "#texture" },
        "south": { "uv": [ 3.94, 12.244, 4.528, 12.685 ], "texture": "#texture" },
        "west":  { "uv": [ 6.824, 12.244, 7.7648, 12.685 ], "texture": "#texture" },
        "east":  { "uv": [ 8.2352, 12.244, 9.176, 12.685 ], "texture": "#texture" }
    }
},
{
    "__comment": "?? x128",
    "from": [ 11.675, 2.7305, 6.8625 ],
    "to": [ 12.557, 3.6125, 7.8033 ],
    "faces": {
        "down":  { "uv": [ 4.325, 7.8033, 3.443, 6.8625 ], "texture": "#texture" },
        "up":    { "uv": [ 11.675, 6.8625, 12.557, 7.8033 ], "texture": "#texture" },
        "north": { "uv": [ 3.443, 12.3875, 4.325, 13.2695 ], "texture": "#texture" },
        "south": { "uv": [ 11.675, 12.3875, 12.557, 13.2695 ], "texture": "#texture" },
        "west":  { "uv": [ 6.8625, 12.3875, 7.8033, 13.2695 ], "texture": "#texture" },
        "east":  { "uv": [ 8.1967, 12.3875, 9.1375, 13.2695 ], "texture": "#texture" }
    }
},
{
    "__comment": "?? x128",
    "from": [ 4.822, 2.286, 6.824 ],
    "to": [ 11.29, 2.874, 7.7648 ],
    "faces": {
        "down":  { "uv": [ 11.178, 7.7648, 4.71, 6.824 ], "texture": "#texture" },
        "up":    { "uv": [ 4.822, 6.824, 11.29, 7.7648 ], "texture": "#texture" },
        "north": { "uv": [ 4.71, 13.126, 11.178, 13.714 ], "texture": "#texture" },
        "south": { "uv": [ 4.822, 13.126, 11.29, 13.714 ], "texture": "#texture" },
        "west":  { "uv": [ 6.824, 13.126, 7.7648, 13.714 ], "texture": "#texture" },
        "east":  { "uv": [ 8.2352, 13.126, 9.176, 13.714 ], "texture": "#texture" }
    }
},
{
    "__comment": "?? x128",
    "from": [ 5.41, 1.698, 6.824 ],
    "to": [ 11.29, 1.992, 7.7648 ],
    "faces": {
        "down":  { "uv": [ 10.59, 7.7648, 4.71, 6.824 ], "texture": "#texture" },
        "up":    { "uv": [ 5.41, 6.824, 11.29, 7.7648 ], "texture": "#texture" },
        "north": { "uv": [ 4.71, 14.008, 10.59, 14.302 ], "texture": "#texture" },
        "south": { "uv": [ 5.41, 14.008, 11.29, 14.302 ], "texture": "#texture" },
        "west":  { "uv": [ 6.824, 14.008, 7.7648, 14.302 ], "texture": "#texture" },
        "east":  { "uv": [ 8.2352, 14.008, 9.176, 14.302 ], "texture": "#texture" }
    }
},
{
    "__comment": "?? x128",
    "from": [ 5.704, 1.404, 6.824 ],
    "to": [ 10.996, 1.698, 7.7648 ],
    "faces": {
        "down":  { "uv": [ 10.296, 7.7648, 5.004, 6.824 ], "texture": "#texture" },
        "up":    { "uv": [ 5.704, 6.824, 10.996, 7.7648 ], "texture": "#texture" },
        "north": { "uv": [ 5.004, 14.302, 10.296, 14.596 ], "texture": "#texture" },
        "south": { "uv": [ 5.704, 14.302, 10.996, 14.596 ], "texture": "#texture" },
        "west":  { "uv": [ 6.824, 14.302, 7.7648, 14.596 ], "texture": "#texture" },
        "east":  { "uv": [ 8.2352, 14.302, 9.176, 14.596 ], "texture": "#texture" }
    }
},
{
    "__comment": "?? x128",
    "from": [ 5.998, 10.518, 6.824 ],
    "to": [ 10.702, 11.106, 7.7648 ],
    "faces": {
        "down":  { "uv": [ 10.002, 7.7648, 5.298, 6.824 ], "texture": "#texture" },
        "up":    { "uv": [ 5.998, 6.824, 10.702, 7.7648 ], "texture": "#texture" },
        "north": { "uv": [ 5.298, 4.894, 10.002, 5.482 ], "texture": "#texture" },
        "south": { "uv": [ 5.998, 4.894, 10.702, 5.482 ], "texture": "#texture" },
        "west":  { "uv": [ 6.824, 4.894, 7.7648, 5.482 ], "texture": "#texture" },
        "east":  { "uv": [ 8.2352, 4.894, 9.176, 5.482 ], "texture": "#texture" }
    }
},
{
    "__comment": "?? x128",
    "from": [ 5.704, 12.282, 6.824 ],
    "to": [ 10.408, 12.87, 7.7648 ],
    "faces": {
        "down":  { "uv": [ 10.296, 7.7648, 5.592, 6.824 ], "texture": "#texture" },
        "up":    { "uv": [ 5.704, 6.824, 10.408, 7.7648 ], "texture": "#texture" },
        "north": { "uv": [ 5.592, 3.13, 10.296, 3.718 ], "texture": "#texture" },
        "south": { "uv": [ 5.704, 3.13, 10.408, 3.718 ], "texture": "#texture" },
        "west":  { "uv": [ 6.824, 3.13, 7.7648, 3.718 ], "texture": "#texture" },
        "east":  { "uv": [ 8.2352, 3.13, 9.176, 3.718 ], "texture": "#texture" }
    }
},
{
    "__comment": "?? x128",
    "from": [ 5.41, 11.106, 6.824 ],
    "to": [ 10.408, 11.4, 7.7648 ],
    "faces": {
        "down":  { "uv": [ 10.59, 7.7648, 5.592, 6.824 ], "texture": "#texture" },
        "up":    { "uv": [ 5.41, 6.824, 10.408, 7.7648 ], "texture": "#texture" },
        "north": { "uv": [ 5.592, 4.6, 10.59, 4.894 ], "texture": "#texture" },
        "south": { "uv": [ 5.41, 4.6, 10.408, 4.894 ], "texture": "#texture" },
        "west":  { "uv": [ 6.824, 4.6, 7.7648, 4.894 ], "texture": "#texture" },
        "east":  { "uv": [ 8.2352, 4.6, 9.176, 4.894 ], "texture": "#texture" }
    }
},
{
    "__comment": "?? x128",
    "from": [ 5.998, 1.11, 6.824 ],
    "to": [ 10.408, 1.404, 7.7648 ],
    "faces": {
        "down":  { "uv": [ 10.002, 7.7648, 5.592, 6.824 ], "texture": "#texture" },
        "up":    { "uv": [ 5.998, 6.824, 10.408, 7.7648 ], "texture": "#texture" },
        "north": { "uv": [ 5.592, 14.596, 10.002, 14.89 ], "texture": "#texture" },
        "south": { "uv": [ 5.998, 14.596, 10.408, 14.89 ], "texture": "#texture" },
        "west":  { "uv": [ 6.824, 14.596, 7.7648, 14.89 ], "texture": "#texture" },
        "east":  { "uv": [ 8.2352, 14.596, 9.176, 14.89 ], "texture": "#texture" }
    }
},
{
    "__comment": "?? x128",
    "from": [ 6.292, 11.988, 6.824 ],
    "to": [ 10.114, 12.282, 7.7648 ],
    "faces": {
        "down":  { "uv": [ 9.708, 7.7648, 5.886, 6.824 ], "texture": "#texture" },
        "up":    { "uv": [ 6.292, 6.824, 10.114, 7.7648 ], "texture": "#texture" },
        "north": { "uv": [ 5.886, 3.718, 9.708, 4.012 ], "texture": "#texture" },
        "south": { "uv": [ 6.292, 3.718, 10.114, 4.012 ], "texture": "#texture" },
        "west":  { "uv": [ 6.824, 3.718, 7.7648, 4.012 ], "texture": "#texture" },
        "east":  { "uv": [ 8.2352, 3.718, 9.176, 4.012 ], "texture": "#texture" }
    }
},
{
    "__comment": "?? x128",
    "from": [ 5.998, 2.874, 6.824 ],
    "to": [ 10.114, 6.108, 7.7648 ],
    "faces": {
        "down":  { "uv": [ 10.002, 7.7648, 5.886, 6.824 ], "texture": "#texture" },
        "up":    { "uv": [ 5.998, 6.824, 10.114, 7.7648 ], "texture": "#texture" },
        "north": { "uv": [ 5.886, 9.892, 10.002, 13.126 ], "texture": "#texture" },
        "south": { "uv": [ 5.998, 9.892, 10.114, 13.126 ], "texture": "#texture" },
        "west":  { "uv": [ 6.824, 9.892, 7.7648, 13.126 ], "texture": "#texture" },
        "east":  { "uv": [ 8.2352, 9.892, 9.176, 13.126 ], "texture": "#texture" }
    }
},
{
    "__comment": "?? x128",
    "from": [ 6.292, 0.816, 6.824 ],
    "to": [ 10.114, 1.11, 7.7648 ],
    "faces": {
        "down":  { "uv": [ 9.708, 7.7648, 5.886, 6.824 ], "texture": "#texture" },
        "up":    { "uv": [ 6.292, 6.824, 10.114, 7.7648 ], "texture": "#texture" },
        "north": { "uv": [ 5.886, 14.89, 9.708, 15.184 ], "texture": "#texture" },
        "south": { "uv": [ 6.292, 14.89, 10.114, 15.184 ], "texture": "#texture" },
        "west":  { "uv": [ 6.824, 14.89, 7.7648, 15.184 ], "texture": "#texture" },
        "east":  { "uv": [ 8.2352, 14.89, 9.176, 15.184 ], "texture": "#texture" }
    }
},
{
    "__comment": "?? x128",
    "from": [ 5.704, 12.87, 6.824 ],
    "to": [ 9.82, 13.164, 7.7648 ],
    "faces": {
        "down":  { "uv": [ 10.296, 7.7648, 6.18, 6.824 ], "texture": "#texture" },
        "up":    { "uv": [ 5.704, 6.824, 9.82, 7.7648 ], "texture": "#texture" },
        "north": { "uv": [ 6.18, 2.836, 10.296, 3.13 ], "texture": "#texture" },
        "south": { "uv": [ 5.704, 2.836, 9.82, 3.13 ], "texture": "#texture" },
        "west":  { "uv": [ 6.824, 2.836, 7.7648, 3.13 ], "texture": "#texture" },
        "east":  { "uv": [ 8.2352, 2.836, 9.176, 3.13 ], "texture": "#texture" }
    }
},
{
    "__comment": "?? x128",
    "from": [ 6.292, 6.108, 6.824 ],
    "to": [ 9.82, 10.518, 7.7648 ],
    "faces": {
        "down":  { "uv": [ 9.708, 7.7648, 6.18, 6.824 ], "texture": "#texture" },
        "up":    { "uv": [ 6.292, 6.824, 9.82, 7.7648 ], "texture": "#texture" },
        "north": { "uv": [ 6.18, 5.482, 9.708, 9.892 ], "texture": "#texture" },
        "south": { "uv": [ 6.292, 5.482, 9.82, 9.892 ], "texture": "#texture" },
        "west":  { "uv": [ 6.824, 5.482, 7.7648, 9.892 ], "texture": "#texture" },
        "east":  { "uv": [ 8.2352, 5.482, 9.176, 9.892 ], "texture": "#texture" }
    }
},
{
    "__comment": "?? x128",
    "from": [ 6.586, 0.522, 6.824 ],
    "to": [ 9.82, 0.816, 7.7648 ],
    "faces": {
        "down":  { "uv": [ 9.414, 7.7648, 6.18, 6.824 ], "texture": "#texture" },
        "up":    { "uv": [ 6.586, 6.824, 9.82, 7.7648 ], "texture": "#texture" },
        "north": { "uv": [ 6.18, 15.184, 9.414, 15.478 ], "texture": "#texture" },
        "south": { "uv": [ 6.586, 15.184, 9.82, 15.478 ], "texture": "#texture" },
        "west":  { "uv": [ 6.824, 15.184, 7.7648, 15.478 ], "texture": "#texture" },
        "east":  { "uv": [ 8.2352, 15.184, 9.176, 15.478 ], "texture": "#texture" }
    }
},
{
    "__comment": "?? x128",
    "from": [ 8.938, 13.164, 6.824 ],
    "to": [ 9.526, 16.986, 7.7648 ],
    "faces": {
        "down":  { "uv": [ 7.062, 7.7648, 6.474, 6.824 ], "texture": "#texture" },
        "up":    { "uv": [ 8.938, 6.824, 9.526, 7.7648 ], "texture": "#texture" },
        "north": { "uv": [ 6.474, 0, 7.062, 2.836 ], "texture": "#texture" },
        "south": { "uv": [ 8.938, 0, 9.526, 2.836 ], "texture": "#texture" },
        "west":  { "uv": [ 6.824, 0, 7.7648, 2.836 ], "texture": "#texture" },
        "east":  { "uv": [ 8.2352, 0, 9.176, 2.836 ], "texture": "#texture" }
    }
},
{
    "__comment": "?? x128",
    "from": [ 6.292, 11.4, 6.824 ],
    "to": [ 9.526, 11.988, 7.7648 ],
    "faces": {
        "down":  { "uv": [ 9.708, 7.7648, 6.474, 6.824 ], "texture": "#texture" },
        "up":    { "uv": [ 6.292, 6.824, 9.526, 7.7648 ], "texture": "#texture" },
        "north": { "uv": [ 6.474, 4.012, 9.708, 4.6 ], "texture": "#texture" },
        "south": { "uv": [ 6.292, 4.012, 9.526, 4.6 ], "texture": "#texture" },
        "west":  { "uv": [ 6.824, 4.012, 7.7648, 4.6 ], "texture": "#texture" },
        "east":  { "uv": [ 8.2352, 4.012, 9.176, 4.6 ], "texture": "#texture" }
    }
},
{
    "__comment": "?? x128",
    "from": [ 6.88, 0.228, 6.824 ],
    "to": [ 9.526, 0.522, 7.7648 ],
    "faces": {
        "down":  { "uv": [ 9.12, 7.7648, 6.474, 6.824 ], "texture": "#texture" },
        "up":    { "uv": [ 6.88, 6.824, 9.526, 7.7648 ], "texture": "#texture" },
        "north": { "uv": [ 6.474, 15.478, 9.12, 15.772 ], "texture": "#texture" },
        "south": { "uv": [ 6.88, 15.478, 9.526, 15.772 ], "texture": "#texture" },
        "west":  { "uv": [ 6.824, 15.478, 7.7648, 15.772 ], "texture": "#texture" },
        "east":  { "uv": [ 8.2352, 15.478, 9.176, 15.772 ], "texture": "#texture" }
    }
},
{
    "__comment": "?? x128",
    "from": [ 9, 16.875, 6.875 ],
    "to": [ 9.5, 17.8125, 7.8158 ],
    "faces": {
        "down":  { "uv": [ 7, 7.8158, 6.5, 6.875 ], "texture": "#texture" },
        "up":    { "uv": [ 9, 6.875, 9.5, 7.8158 ], "texture": "#texture" },
        "north": { "uv": [ 6.5, 0.1875, 7, 1.125 ], "texture": "#texture" },
        "south": { "uv": [ 9, 0.1875, 9.5, 1.125 ], "texture": "#texture" },
        "west":  { "uv": [ 6.875, 0.1875, 7.8158, 1.125 ], "texture": "#texture" },
        "east":  { "uv": [ 8.1842, 0.1875, 9.125, 1.125 ], "texture": "#texture" }
    }
},
{
    "__comment": "?? x128",
    "from": [ 6.586, 13.164, 6.824 ],
    "to": [ 8.938, 16.692, 7.7648 ],
    "faces": {
        "down":  { "uv": [ 9.414, 7.7648, 7.062, 6.824 ], "texture": "#texture" },
        "up":    { "uv": [ 6.586, 6.824, 8.938, 7.7648 ], "texture": "#texture" },
        "north": { "uv": [ 7.062, 0, 9.414, 2.836 ], "texture": "#texture" },
        "south": { "uv": [ 6.586, 0, 8.938, 2.836 ], "texture": "#texture" },
        "west":  { "uv": [ 6.824, 0, 7.7648, 2.836 ], "texture": "#texture" },
        "east":  { "uv": [ 8.2352, 0, 9.176, 2.836 ], "texture": "#texture" }
    }
},
{
    "__comment": "?? x128",
    "from": [ 7.174, -0.066, 6.824 ],
    "to": [ 8.938, 0.228, 7.7648 ],
    "faces": {
        "down":  { "uv": [ 8.826, 7.7648, 7.062, 6.824 ], "texture": "#texture" },
        "up":    { "uv": [ 7.174, 6.824, 8.938, 7.7648 ], "texture": "#texture" },
        "north": { "uv": [ 7.062, 15.772, 8.826, 16 ], "texture": "#texture" },
        "south": { "uv": [ 7.174, 15.772, 8.938, 16 ], "texture": "#texture" },
        "west":  { "uv": [ 6.824, 15.772, 7.7648, 16 ], "texture": "#texture" },
        "east":  { "uv": [ 8.2352, 15.772, 9.176, 16 ], "texture": "#texture" }
    }
},
{
    "__comment": "?? x128",
    "from": [ 3.5, 3.3495, 6.75 ],
    "to": [ 3.941, 3.9375, 7.6908 ],
    "faces": {
        "down":  { "uv": [ 12.5, 7.6908, 12.059, 6.75 ], "texture": "#texture" },
        "up":    { "uv": [ 3.5, 6.75, 3.941, 7.6908 ], "texture": "#texture" },
        "north": { "uv": [ 12.059, 12.0625, 12.5, 12.6505 ], "texture": "#texture" },
        "south": { "uv": [ 3.5, 12.0625, 3.941, 12.6505 ], "texture": "#texture" },
        "west":  { "uv": [ 6.75, 12.0625, 7.6908, 12.6505 ], "texture": "#texture" },
        "east":  { "uv": [ 8.3092, 12.0625, 9.25, 12.6505 ], "texture": "#texture" }
    }
},
{
    "__comment": "?? x128",
    "from": [ 8.35, 16.692, 6.824 ],
    "to": [ 8.644, 17.28, 7.7648 ],
    "faces": {
        "down":  { "uv": [ 7.65, 7.7648, 7.356, 6.824 ], "texture": "#texture" },
        "up":    { "uv": [ 8.35, 6.824, 8.644, 7.7648 ], "texture": "#texture" },
        "north": { "uv": [ 7.356, 0.72, 7.65, 1.308 ], "texture": "#texture" },
        "south": { "uv": [ 8.35, 0.72, 8.644, 1.308 ], "texture": "#texture" },
        "west":  { "uv": [ 6.824, 0.72, 7.7648, 1.308 ], "texture": "#texture" },
        "east":  { "uv": [ 8.2352, 0.72, 9.176, 1.308 ], "texture": "#texture" }
    }
},
{
    "__comment": "?? x128",
    "from": [ 7.62, -0.4, 7.16 ],
    "to": [ 8.46, -0.19, 7.832 ],
    "faces": {
        "down":  { "uv": [ 4.75, 8.5, 5.25, 8.46735 ], "rotation": 180, "texture": "#texture" },
        "up":    { "uv": [ 4.75, 8.375, 5.25, 8.40765 ], "rotation": 180, "texture": "#texture" },
        "north": { "uv": [ 4.75, 8.375, 5.25, 8.5 ], "texture": "#texture" },
        "south": { "uv": [ 5.25, 8.375, 4.75, 8.5 ], "texture": "#texture" },
        "west":  { "uv": [ 5.25, 8.375, 5.21735, 8.5 ], "texture": "#texture" },
        "east":  { "uv": [ 4.75, 8.375, 4.78265, 8.5 ], "texture": "#texture" }
    }
},
{
    "__comment": "?? x128",
    "from": [ 7.468, 16.692, 6.824 ],
    "to": [ 7.762, 17.28, 7.7648 ],
    "faces": {
        "down":  { "uv": [ 8.532, 7.7648, 8.238, 6.824 ], "texture": "#texture" },
        "up":    { "uv": [ 7.468, 6.824, 7.762, 7.7648 ], "texture": "#texture" },
        "north": { "uv": [ 8.238, 0.72, 8.532, 1.308 ], "texture": "#texture" },
        "south": { "uv": [ 7.468, 0.72, 7.762, 1.308 ], "texture": "#texture" },
        "west":  { "uv": [ 6.824, 0.72, 7.7648, 1.308 ], "texture": "#texture" },
        "east":  { "uv": [ 8.2352, 0.72, 9.176, 1.308 ], "texture": "#texture" }
    }
},
{
    "__comment": "?? x128",
    "from": [ 7.62, -1.03, 7.16 ],
    "to": [ 7.83, -0.4, 7.832 ],
    "faces": {
        "down":  { "uv": [ 5.125, 8.875, 5.25, 8.84235 ], "rotation": 180, "texture": "#texture" },
        "up":    { "uv": [ 5.125, 8.5, 5.25, 8.53265 ], "rotation": 180, "texture": "#texture" },
        "north": { "uv": [ 5.125, 8.5, 5.25, 8.875 ], "texture": "#texture" },
        "south": { "uv": [ 5.25, 8.5, 5.125, 8.875 ], "texture": "#texture" },
        "west":  { "uv": [ 5.25, 8.5, 5.21735, 8.875 ], "texture": "#texture" },
        "east":  { "uv": [ 5.125, 8.5, 5.15765, 8.875 ], "texture": "#texture" }
    }
},
{
    "__comment": "?? x128",
    "from": [ 6.625, 17.0625, 6.875 ],
    "to": [ 7.1875, 17.9375, 7.8158 ],
    "faces": {
        "down":  { "uv": [ 9.375, 7.8158, 8.8125, 6.875 ], "texture": "#texture" },
        "up":    { "uv": [ 6.625, 6.875, 7.1875, 7.8158 ], "texture": "#texture" },
        "north": { "uv": [ 8.8125, 0.0625, 9.375, 0.9375 ], "texture": "#texture" },
        "south": { "uv": [ 6.625, 0.0625, 7.1875, 0.9375 ], "texture": "#texture" },
        "west":  { "uv": [ 6.875, 0.0625, 7.8158, 0.9375 ], "texture": "#texture" },
        "east":  { "uv": [ 8.1842, 0.0625, 9.125, 0.9375 ], "texture": "#texture" }
    }
},
{
    "__comment": "?? x128",
    "from": [ 5.41, 10.812, 6.824 ],
    "to": [ 5.998, 11.106, 7.7648 ],
    "faces": {
        "down":  { "uv": [ 10.59, 7.7648, 10.002, 6.824 ], "texture": "#texture" },
        "up":    { "uv": [ 5.41, 6.824, 5.998, 7.7648 ], "texture": "#texture" },
        "north": { "uv": [ 10.002, 4.894, 10.59, 5.188 ], "texture": "#texture" },
        "south": { "uv": [ 5.41, 4.894, 5.998, 5.188 ], "texture": "#texture" },
        "west":  { "uv": [ 6.824, 4.894, 7.7648, 5.188 ], "texture": "#texture" },
        "east":  { "uv": [ 8.2352, 4.894, 9.176, 5.188 ], "texture": "#texture" }
    }
},
{
    "__comment": "?? x128",
    "from": [ 5.704, 3.756, 6.824 ],
    "to": [ 5.998, 4.05, 7.7648 ],
    "faces": {
        "down":  { "uv": [ 10.296, 7.7648, 10.002, 6.824 ], "texture": "#texture" },
        "up":    { "uv": [ 5.704, 6.824, 5.998, 7.7648 ], "texture": "#texture" },
        "north": { "uv": [ 10.002, 11.95, 10.296, 12.244 ], "texture": "#texture" },
        "south": { "uv": [ 5.704, 11.95, 5.998, 12.244 ], "texture": "#texture" },
        "west":  { "uv": [ 6.824, 11.95, 7.7648, 12.244 ], "texture": "#texture" },
        "east":  { "uv": [ 8.2352, 11.95, 9.176, 12.244 ], "texture": "#texture" }
    }
},
{
    "__comment": "?? x128",
    "from": [ 5.704, 2.874, 6.824 ],
    "to": [ 5.998, 3.462, 7.7648 ],
    "faces": {
        "down":  { "uv": [ 10.296, 7.7648, 10.002, 6.824 ], "texture": "#texture" },
        "up":    { "uv": [ 5.704, 6.824, 5.998, 7.7648 ], "texture": "#texture" },
        "north": { "uv": [ 10.002, 12.538, 10.296, 13.126 ], "texture": "#texture" },
        "south": { "uv": [ 5.704, 12.538, 5.998, 13.126 ], "texture": "#texture" },
        "west":  { "uv": [ 6.824, 12.538, 7.7648, 13.126 ], "texture": "#texture" },
        "east":  { "uv": [ 8.2352, 12.538, 9.176, 13.126 ], "texture": "#texture" }
    }
},
{
    "__comment": "?? x128",
    "from": [ 5.41, 12.576, 6.824 ],
    "to": [ 5.704, 12.87, 7.7648 ],
    "faces": {
        "down":  { "uv": [ 10.59, 7.7648, 10.296, 6.824 ], "texture": "#texture" },
        "up":    { "uv": [ 5.41, 6.824, 5.704, 7.7648 ], "texture": "#texture" },
        "north": { "uv": [ 10.296, 3.13, 10.59, 3.424 ], "texture": "#texture" },
        "south": { "uv": [ 5.41, 3.13, 5.704, 3.424 ], "texture": "#texture" },
        "west":  { "uv": [ 6.824, 3.13, 7.7648, 3.424 ], "texture": "#texture" },
        "east":  { "uv": [ 8.2352, 3.13, 9.176, 3.424 ], "texture": "#texture" }
    }
},
{
    "__comment": "?? x128",
    "from": [ 4.234, 2.874, 6.824 ],
    "to": [ 5.704, 3.168, 7.7648 ],
    "faces": {
        "down":  { "uv": [ 11.766, 7.7648, 10.296, 6.824 ], "texture": "#texture" },
        "up":    { "uv": [ 4.234, 6.824, 5.704, 7.7648 ], "texture": "#texture" },
        "north": { "uv": [ 10.296, 12.832, 11.766, 13.126 ], "texture": "#texture" },
        "south": { "uv": [ 4.234, 12.832, 5.704, 13.126 ], "texture": "#texture" },
        "west":  { "uv": [ 6.824, 12.832, 7.7648, 13.126 ], "texture": "#texture" },
        "east":  { "uv": [ 8.2352, 12.832, 9.176, 13.126 ], "texture": "#texture" }
    }
},
{
    "__comment": "?? x128",
    "from": [ 3.94, 3.168, 6.824 ],
    "to": [ 5.116, 3.462, 7.7648 ],
    "faces": {
        "down":  { "uv": [ 12.06, 7.7648, 10.884, 6.824 ], "texture": "#texture" },
        "up":    { "uv": [ 3.94, 6.824, 5.116, 7.7648 ], "texture": "#texture" },
        "north": { "uv": [ 10.884, 12.538, 12.06, 12.832 ], "texture": "#texture" },
        "south": { "uv": [ 3.94, 12.538, 5.116, 12.832 ], "texture": "#texture" },
        "west":  { "uv": [ 6.824, 12.538, 7.7648, 12.832 ], "texture": "#texture" },
        "east":  { "uv": [ 8.2352, 12.538, 9.176, 12.832 ], "texture": "#texture" }
    }
},
{
    "__comment": "?? x128",
    "from": [ 4.528, 2.58, 6.824 ],
    "to": [ 4.822, 2.874, 7.7648 ],
    "faces": {
        "down":  { "uv": [ 11.472, 7.7648, 11.178, 6.824 ], "texture": "#texture" },
        "up":    { "uv": [ 4.528, 6.824, 4.822, 7.7648 ], "texture": "#texture" },
        "north": { "uv": [ 11.178, 13.126, 11.472, 13.42 ], "texture": "#texture" },
        "south": { "uv": [ 4.528, 13.126, 4.822, 13.42 ], "texture": "#texture" },
        "west":  { "uv": [ 6.824, 13.126, 7.7648, 13.42 ], "texture": "#texture" },
        "east":  { "uv": [ 8.2352, 13.126, 9.176, 13.42 ], "texture": "#texture" }
    }
},
{
    "__comment": "?? x128",
    "from": [ 3.94, 3.462, 6.824 ],
    "to": [ 4.528, 3.756, 7.7648 ],
    "faces": {
        "down":  { "uv": [ 12.06, 7.7648, 11.472, 6.824 ], "texture": "#texture" },
        "up":    { "uv": [ 3.94, 6.824, 4.528, 7.7648 ], "texture": "#texture" },
        "north": { "uv": [ 11.472, 12.244, 12.06, 12.538 ], "texture": "#texture" },
        "south": { "uv": [ 3.94, 12.244, 4.528, 12.538 ], "texture": "#texture" },
        "west":  { "uv": [ 6.824, 12.244, 7.7648, 12.538 ], "texture": "#texture" },
        "east":  { "uv": [ 8.2352, 12.244, 9.176, 12.538 ], "texture": "#texture" }
    }
},
{
    "__comment": "?? x128",
    "from": [ 7.468, 2.286, 3.443 ],
    "to": [ 8.497, 2.874, 4.178 ],
    "faces": {
        "down":  { "uv": [ 8.532, 4.178, 7.503, 3.443 ], "texture": "#texture" },
        "up":    { "uv": [ 7.468, 3.443, 8.497, 4.178 ], "texture": "#texture" },
        "north": { "uv": [ 7.503, 13.126, 8.532, 13.714 ], "texture": "#texture" },
        "south": { "uv": [ 7.468, 13.126, 8.497, 13.714 ], "texture": "#texture" },
        "west":  { "uv": [ 3.443, 13.126, 4.178, 13.714 ], "texture": "#texture" },
        "east":  { "uv": [ 11.822, 13.126, 12.557, 13.714 ], "texture": "#texture" }
    }
},
{
    "__comment": "?? x128",
    "from": [ 7.3504, 1.992, 3.7664 ],
    "to": [ 8.2912, 2.286, 10.2344 ],
    "faces": {
        "down":  { "uv": [ 8.6496, 10.2344, 7.7088, 3.7664 ], "texture": "#texture" },
        "up":    { "uv": [ 7.3504, 3.7664, 8.2912, 10.2344 ], "texture": "#texture" },
        "north": { "uv": [ 7.7088, 13.714, 8.6496, 14.008 ], "texture": "#texture" },
        "south": { "uv": [ 7.3504, 13.714, 8.2912, 14.008 ], "texture": "#texture" },
        "west":  { "uv": [ 3.7664, 13.714, 10.2344, 14.008 ], "texture": "#texture" },
        "east":  { "uv": [ 5.7656, 13.714, 12.2336, 14.008 ], "texture": "#texture" }
    }
},
{
    "__comment": "?? x128",
    "from": [ 7.3504, 2.286, 4.0604 ],
    "to": [ 8.2912, 2.874, 10.5284 ],
    "faces": {
        "down":  { "uv": [ 8.6496, 10.5284, 7.7088, 4.0604 ], "texture": "#texture" },
        "up":    { "uv": [ 7.3504, 4.0604, 8.2912, 10.5284 ], "texture": "#texture" },
        "north": { "uv": [ 7.7088, 13.126, 8.6496, 13.714 ], "texture": "#texture" },
        "south": { "uv": [ 7.3504, 13.126, 8.2912, 13.714 ], "texture": "#texture" },
        "west":  { "uv": [ 4.0604, 13.126, 10.5284, 13.714 ], "texture": "#texture" },
        "east":  { "uv": [ 5.4716, 13.126, 11.9396, 13.714 ], "texture": "#texture" }
    }
},
{
    "__comment": "?? x128",
    "from": [ 7.3504, 1.698, 4.0604 ],
    "to": [ 8.2912, 1.992, 9.9404 ],
    "faces": {
        "down":  { "uv": [ 8.6496, 9.9404, 7.7088, 4.0604 ], "texture": "#texture" },
        "up":    { "uv": [ 7.3504, 4.0604, 8.2912, 9.9404 ], "texture": "#texture" },
        "north": { "uv": [ 7.7088, 14.008, 8.6496, 14.302 ], "texture": "#texture" },
        "south": { "uv": [ 7.3504, 14.008, 8.2912, 14.302 ], "texture": "#texture" },
        "west":  { "uv": [ 4.0604, 14.008, 9.9404, 14.302 ], "texture": "#texture" },
        "east":  { "uv": [ 6.0596, 14.008, 11.9396, 14.302 ], "texture": "#texture" }
    }
},
{
    "__comment": "?? x128",
    "from": [ 7.3504, 1.404, 4.3544 ],
    "to": [ 8.2912, 1.698, 9.6464 ],
    "faces": {
        "down":  { "uv": [ 8.6496, 9.6464, 7.7088, 4.3544 ], "texture": "#texture" },
        "up":    { "uv": [ 7.3504, 4.3544, 8.2912, 9.6464 ], "texture": "#texture" },
        "north": { "uv": [ 7.7088, 14.302, 8.6496, 14.596 ], "texture": "#texture" },
        "south": { "uv": [ 7.3504, 14.302, 8.2912, 14.596 ], "texture": "#texture" },
        "west":  { "uv": [ 4.3544, 14.302, 9.6464, 14.596 ], "texture": "#texture" },
        "east":  { "uv": [ 6.3536, 14.302, 11.6456, 14.596 ], "texture": "#texture" }
    }
},
{
    "__comment": "?? x128",
    "from": [ 7.3504, 10.518, 4.6484 ],
    "to": [ 8.2912, 11.106, 9.3524 ],
    "faces": {
        "down":  { "uv": [ 8.6496, 9.3524, 7.7088, 4.6484 ], "texture": "#texture" },
        "up":    { "uv": [ 7.3504, 4.6484, 8.2912, 9.3524 ], "texture": "#texture" },
        "north": { "uv": [ 7.7088, 4.894, 8.6496, 5.482 ], "texture": "#texture" },
        "south": { "uv": [ 7.3504, 4.894, 8.2912, 5.482 ], "texture": "#texture" },
        "west":  { "uv": [ 4.6484, 4.894, 9.3524, 5.482 ], "texture": "#texture" },
        "east":  { "uv": [ 6.6476, 4.894, 11.3516, 5.482 ], "texture": "#texture" }
    }
},
{
    "__comment": "?? x128",
    "from": [ 7.3504, 12.282, 4.9424 ],
    "to": [ 8.2912, 12.87, 9.6464 ],
    "faces": {
        "down":  { "uv": [ 8.6496, 9.6464, 7.7088, 4.9424 ], "texture": "#texture" },
        "up":    { "uv": [ 7.3504, 4.9424, 8.2912, 9.6464 ], "texture": "#texture" },
        "north": { "uv": [ 7.7088, 3.13, 8.6496, 3.718 ], "texture": "#texture" },
        "south": { "uv": [ 7.3504, 3.13, 8.2912, 3.718 ], "texture": "#texture" },
        "west":  { "uv": [ 4.9424, 3.13, 9.6464, 3.718 ], "texture": "#texture" },
        "east":  { "uv": [ 6.3536, 3.13, 11.0576, 3.718 ], "texture": "#texture" }
    }
},
{
    "__comment": "?? x128",
    "from": [ 7.3504, 11.106, 4.9424 ],
    "to": [ 8.2912, 11.4, 9.9404 ],
    "faces": {
        "down":  { "uv": [ 8.6496, 9.9404, 7.7088, 4.9424 ], "texture": "#texture" },
        "up":    { "uv": [ 7.3504, 4.9424, 8.2912, 9.9404 ], "texture": "#texture" },
        "north": { "uv": [ 7.7088, 4.6, 8.6496, 4.894 ], "texture": "#texture" },
        "south": { "uv": [ 7.3504, 4.6, 8.2912, 4.894 ], "texture": "#texture" },
        "west":  { "uv": [ 4.9424, 4.6, 9.9404, 4.894 ], "texture": "#texture" },
        "east":  { "uv": [ 6.0596, 4.6, 11.0576, 4.894 ], "texture": "#texture" }
    }
},
{
    "__comment": "?? x128",
    "from": [ 7.3504, 1.11, 4.9424 ],
    "to": [ 8.2912, 1.404, 9.3524 ],
    "faces": {
        "down":  { "uv": [ 8.6496, 9.3524, 7.7088, 4.9424 ], "texture": "#texture" },
        "up":    { "uv": [ 7.3504, 4.9424, 8.2912, 9.3524 ], "texture": "#texture" },
        "north": { "uv": [ 7.7088, 14.596, 8.6496, 14.89 ], "texture": "#texture" },
        "south": { "uv": [ 7.3504, 14.596, 8.2912, 14.89 ], "texture": "#texture" },
        "west":  { "uv": [ 4.9424, 14.596, 9.3524, 14.89 ], "texture": "#texture" },
        "east":  { "uv": [ 6.6476, 14.596, 11.0576, 14.89 ], "texture": "#texture" }
    }
},
{
    "__comment": "?? x128",
    "from": [ 7.3504, 11.988, 5.2364 ],
    "to": [ 8.2912, 12.282, 9.0584 ],
    "faces": {
        "down":  { "uv": [ 8.6496, 9.0584, 7.7088, 5.2364 ], "texture": "#texture" },
        "up":    { "uv": [ 7.3504, 5.2364, 8.2912, 9.0584 ], "texture": "#texture" },
        "north": { "uv": [ 7.7088, 3.718, 8.6496, 4.012 ], "texture": "#texture" },
        "south": { "uv": [ 7.3504, 3.718, 8.2912, 4.012 ], "texture": "#texture" },
        "west":  { "uv": [ 5.2364, 3.718, 9.0584, 4.012 ], "texture": "#texture" },
        "east":  { "uv": [ 6.9416, 3.718, 10.7636, 4.012 ], "texture": "#texture" }
    }
},
{
    "__comment": "?? x128",
    "from": [ 7.3504, 2.874, 5.2364 ],
    "to": [ 8.2912, 6.108, 9.3524 ],
    "faces": {
        "down":  { "uv": [ 8.6496, 9.3524, 7.7088, 5.2364 ], "texture": "#texture" },
        "up":    { "uv": [ 7.3504, 5.2364, 8.2912, 9.3524 ], "texture": "#texture" },
        "north": { "uv": [ 7.7088, 9.892, 8.6496, 13.126 ], "texture": "#texture" },
        "south": { "uv": [ 7.3504, 9.892, 8.2912, 13.126 ], "texture": "#texture" },
        "west":  { "uv": [ 5.2364, 9.892, 9.3524, 13.126 ], "texture": "#texture" },
        "east":  { "uv": [ 6.6476, 9.892, 10.7636, 13.126 ], "texture": "#texture" }
    }
},
{
    "__comment": "?? x128",
    "from": [ 7.3504, 0.816, 5.2364 ],
    "to": [ 8.2912, 1.11, 9.0584 ],
    "faces": {
        "down":  { "uv": [ 8.6496, 9.0584, 7.7088, 5.2364 ], "texture": "#texture" },
        "up":    { "uv": [ 7.3504, 5.2364, 8.2912, 9.0584 ], "texture": "#texture" },
        "north": { "uv": [ 7.7088, 14.89, 8.6496, 15.184 ], "texture": "#texture" },
        "south": { "uv": [ 7.3504, 14.89, 8.2912, 15.184 ], "texture": "#texture" },
        "west":  { "uv": [ 5.2364, 14.89, 9.0584, 15.184 ], "texture": "#texture" },
        "east":  { "uv": [ 6.9416, 14.89, 10.7636, 15.184 ], "texture": "#texture" }
    }
},
{
    "__comment": "?? x128",
    "from": [ 7.3504, 12.87, 5.5304 ],
    "to": [ 8.2912, 13.164, 9.6464 ],
    "faces": {
        "down":  { "uv": [ 8.6496, 9.6464, 7.7088, 5.5304 ], "texture": "#texture" },
        "up":    { "uv": [ 7.3504, 5.5304, 8.2912, 9.6464 ], "texture": "#texture" },
        "north": { "uv": [ 7.7088, 2.836, 8.6496, 3.13 ], "texture": "#texture" },
        "south": { "uv": [ 7.3504, 2.836, 8.2912, 3.13 ], "texture": "#texture" },
        "west":  { "uv": [ 5.5304, 2.836, 9.6464, 3.13 ], "texture": "#texture" },
        "east":  { "uv": [ 6.3536, 2.836, 10.4696, 3.13 ], "texture": "#texture" }
    }
},
{
    "__comment": "?? x128",
    "from": [ 7.3504, 6.108, 5.5304 ],
    "to": [ 8.2912, 10.518, 9.0584 ],
    "faces": {
        "down":  { "uv": [ 8.6496, 9.0584, 7.7088, 5.5304 ], "texture": "#texture" },
        "up":    { "uv": [ 7.3504, 5.5304, 8.2912, 9.0584 ], "texture": "#texture" },
        "north": { "uv": [ 7.7088, 5.482, 8.6496, 9.892 ], "texture": "#texture" },
        "south": { "uv": [ 7.3504, 5.482, 8.2912, 9.892 ], "texture": "#texture" },
        "west":  { "uv": [ 5.5304, 5.482, 9.0584, 9.892 ], "texture": "#texture" },
        "east":  { "uv": [ 6.9416, 5.482, 10.4696, 9.892 ], "texture": "#texture" }
    }
},
{
    "__comment": "?? x128",
    "from": [ 7.3504, 0.522, 5.5304 ],
    "to": [ 8.2912, 0.816, 8.7644 ],
    "faces": {
        "down":  { "uv": [ 8.6496, 8.7644, 7.7088, 5.5304 ], "texture": "#texture" },
        "up":    { "uv": [ 7.3504, 5.5304, 8.2912, 8.7644 ], "texture": "#texture" },
        "north": { "uv": [ 7.7088, 15.184, 8.6496, 15.478 ], "texture": "#texture" },
        "south": { "uv": [ 7.3504, 15.184, 8.2912, 15.478 ], "texture": "#texture" },
        "west":  { "uv": [ 5.5304, 15.184, 8.7644, 15.478 ], "texture": "#texture" },
        "east":  { "uv": [ 7.2356, 15.184, 10.4696, 15.478 ], "texture": "#texture" }
    }
},
{
    "__comment": "?? x128",
    "from": [ 7.3504, 13.164, 5.8244 ],
    "to": [ 8.2912, 16.986, 6.4124 ],
    "faces": {
        "down":  { "uv": [ 8.6496, 6.4124, 7.7088, 5.8244 ], "texture": "#texture" },
        "up":    { "uv": [ 7.3504, 5.8244, 8.2912, 6.4124 ], "texture": "#texture" },
        "north": { "uv": [ 7.7088, 0, 8.6496, 2.836 ], "texture": "#texture" },
        "south": { "uv": [ 7.3504, 0, 8.2912, 2.836 ], "texture": "#texture" },
        "west":  { "uv": [ 5.8244, 0, 6.4124, 2.836 ], "texture": "#texture" },
        "east":  { "uv": [ 9.5876, 0, 10.1756, 2.836 ], "texture": "#texture" }
    }
},
{
    "__comment": "?? x128",
    "from": [ 7.3504, 11.4, 5.8244 ],
    "to": [ 8.2912, 11.988, 9.0584 ],
    "faces": {
        "down":  { "uv": [ 8.6496, 9.0584, 7.7088, 5.8244 ], "texture": "#texture" },
        "up":    { "uv": [ 7.3504, 5.8244, 8.2912, 9.0584 ], "texture": "#texture" },
        "north": { "uv": [ 7.7088, 4.012, 8.6496, 4.6 ], "texture": "#texture" },
        "south": { "uv": [ 7.3504, 4.012, 8.2912, 4.6 ], "texture": "#texture" },
        "west":  { "uv": [ 5.8244, 4.012, 9.0584, 4.6 ], "texture": "#texture" },
        "east":  { "uv": [ 6.9416, 4.012, 10.1756, 4.6 ], "texture": "#texture" }
    }
},
{
    "__comment": "?? x128",
    "from": [ 7.3504, 0.228, 5.8244 ],
    "to": [ 8.2912, 0.522, 8.4704 ],
    "faces": {
        "down":  { "uv": [ 8.6496, 8.4704, 7.7088, 5.8244 ], "texture": "#texture" },
        "up":    { "uv": [ 7.3504, 5.8244, 8.2912, 8.4704 ], "texture": "#texture" },
        "north": { "uv": [ 7.7088, 15.478, 8.6496, 15.772 ], "texture": "#texture" },
        "south": { "uv": [ 7.3504, 15.478, 8.2912, 15.772 ], "texture": "#texture" },
        "west":  { "uv": [ 5.8244, 15.478, 8.4704, 15.772 ], "texture": "#texture" },
        "east":  { "uv": [ 7.5296, 15.478, 10.1756, 15.772 ], "texture": "#texture" }
    }
},
{
    "__comment": "?? x128",
    "from": [ 7.3125, 16.3125, 6.1875 ],
    "to": [ 8.375, 17.9375, 6.5 ],
    "faces": {
        "down":  { "uv": [ 8.6875, 6.5, 7.625, 6.1875 ], "texture": "#texture" },
        "up":    { "uv": [ 7.3125, 6.1875, 8.375, 6.5 ], "texture": "#texture" },
        "north": { "uv": [ 7.625, 0.0625, 8.6875, 1.6875 ], "texture": "#texture" },
        "south": { "uv": [ 7.3125, 0.0625, 8.375, 1.6875 ], "texture": "#texture" },
        "west":  { "uv": [ 6.1875, 0.0625, 6.5, 1.6875 ], "texture": "#texture" },
        "east":  { "uv": [ 9.5, 0.0625, 9.8125, 1.6875 ], "texture": "#texture" }
    }
},
{
    "__comment": "?? x128",
    "from": [ 7.3125, 13.164, 6.375 ],
    "to": [ 8.2533, 16.692, 8.727 ],
    "faces": {
        "down":  { "uv": [ 8.6875, 8.727, 7.7467, 6.375 ], "texture": "#texture" },
        "up":    { "uv": [ 7.3125, 6.375, 8.2533, 8.727 ], "texture": "#texture" },
        "north": { "uv": [ 7.7467, 0, 8.6875, 2.836 ], "texture": "#texture" },
        "south": { "uv": [ 7.3125, 0, 8.2533, 2.836 ], "texture": "#texture" },
        "west":  { "uv": [ 6.375, 0, 8.727, 2.836 ], "texture": "#texture" },
        "east":  { "uv": [ 7.273, 0, 9.625, 2.836 ], "texture": "#texture" }
    }
},
{
    "__comment": "?? x128",
    "from": [ 7.3504, -0.066, 6.4124 ],
    "to": [ 8.2912, 0.228, 8.1764 ],
    "faces": {
        "down":  { "uv": [ 8.6496, 8.1764, 7.7088, 6.4124 ], "texture": "#texture" },
        "up":    { "uv": [ 7.3504, 6.4124, 8.2912, 8.1764 ], "texture": "#texture" },
        "north": { "uv": [ 7.7088, 15.772, 8.6496, 16 ], "texture": "#texture" },
        "south": { "uv": [ 7.3504, 15.772, 8.2912, 16 ], "texture": "#texture" },
        "west":  { "uv": [ 6.4124, 15.772, 8.1764, 16 ], "texture": "#texture" },
        "east":  { "uv": [ 7.8236, 15.772, 9.5876, 16 ], "texture": "#texture" }
    }
},
{
    "__comment": "?? x128",
    "from": [ 7.3504, 16.692, 6.7064 ],
    "to": [ 8.2912, 17.28, 7.0004 ],
    "faces": {
        "down":  { "uv": [ 8.6496, 7.0004, 7.7088, 6.7064 ], "texture": "#texture" },
        "up":    { "uv": [ 7.3504, 6.7064, 8.2912, 7.0004 ], "texture": "#texture" },
        "north": { "uv": [ 7.7088, 0.72, 8.6496, 1.308 ], "texture": "#texture" },
        "south": { "uv": [ 7.3504, 0.72, 8.2912, 1.308 ], "texture": "#texture" },
        "west":  { "uv": [ 6.7064, 0.72, 7.0004, 1.308 ], "texture": "#texture" },
        "east":  { "uv": [ 8.9996, 0.72, 9.2936, 1.308 ], "texture": "#texture" }
    }
},
{
    "__comment": "?? x128",
    "from": [ 7.536, -0.4, 7.076 ],
    "to": [ 8.208, -0.19, 7.916 ],
    "faces": {
        "down":  { "uv": [ 4.75, 8.5, 5.25, 8.46735 ], "rotation": 270, "texture": "#texture" },
        "up":    { "uv": [ 4.75, 8.375, 5.25, 8.40765 ], "rotation": 90, "texture": "#texture" },
        "north": { "uv": [ 4.75, 8.375, 4.78265, 8.5 ], "texture": "#texture" },
        "south": { "uv": [ 5.25, 8.375, 5.21735, 8.5 ], "texture": "#texture" },
        "west":  { "uv": [ 4.75, 8.375, 5.25, 8.5 ], "texture": "#texture" },
        "east":  { "uv": [ 5.25, 8.375, 4.75, 8.5 ], "texture": "#texture" }
    }
},
{
    "__comment": "?? x128",
    "from": [ 7.625, -15.375, 6.9375 ],
    "to": [ 8.375, 0.25, 7.75 ],
    "faces": {
        "down":  { "uv": [ 2.1875, 7.75, 1.4375, 6.9375 ], "texture": "#texture" },
        "up":    { "uv": [ 13.8125, 6.9375, 14.5625, 7.75 ], "texture": "#texture" },
        "north": { "uv": [ 1.4375, 0.0625, 2.1875, 15.6875 ], "texture": "#texture" },
        "south": { "uv": [ 13.8125, 0.0625, 14.5625, 15.6875 ], "texture": "#texture" },
        "west":  { "uv": [ 6.9375, 0.0625, 7.75, 15.6875 ], "texture": "#texture" },
        "east":  { "uv": [ 8.25, 0.0625, 9.0625, 15.6875 ], "texture": "#texture" }
    }
},
{
    "__comment": "?? x128",
    "from": [ 7.3125, 16.5625, 8 ],
    "to": [ 8.25, 17.9375, 8.3125 ],
    "faces": {
        "down":  { "uv": [ 8.6875, 8.3125, 7.75, 8 ], "texture": "#texture" },
        "up":    { "uv": [ 7.3125, 8, 8.25, 8.3125 ], "texture": "#texture" },
        "north": { "uv": [ 7.75, 0.0625, 8.6875, 1.4375 ], "texture": "#texture" },
        "south": { "uv": [ 7.3125, 0.0625, 8.25, 1.4375 ], "texture": "#texture" },
        "west":  { "uv": [ 8, 0.0625, 8.3125, 1.4375 ], "texture": "#texture" },
        "east":  { "uv": [ 7.6875, 0.0625, 8, 1.4375 ], "texture": "#texture" }
    }
},
{
    "__comment": "?? x128",
    "from": [ 7.3504, 10.812, 9.3524 ],
    "to": [ 8.2912, 11.106, 9.9404 ],
    "faces": {
        "down":  { "uv": [ 8.6496, 9.9404, 7.7088, 9.3524 ], "texture": "#texture" },
        "up":    { "uv": [ 7.3504, 9.3524, 8.2912, 9.9404 ], "texture": "#texture" },
        "north": { "uv": [ 7.7088, 4.894, 8.6496, 5.188 ], "texture": "#texture" },
        "south": { "uv": [ 7.3504, 4.894, 8.2912, 5.188 ], "texture": "#texture" },
        "west":  { "uv": [ 9.3524, 4.894, 9.9404, 5.188 ], "texture": "#texture" },
        "east":  { "uv": [ 6.0596, 4.894, 6.6476, 5.188 ], "texture": "#texture" }
    }
},
{
    "__comment": "?? x128",
    "from": [ 7.3504, 3.756, 9.3524 ],
    "to": [ 8.2912, 4.05, 9.6464 ],
    "faces": {
        "down":  { "uv": [ 8.6496, 9.6464, 7.7088, 9.3524 ], "texture": "#texture" },
        "up":    { "uv": [ 7.3504, 9.3524, 8.2912, 9.6464 ], "texture": "#texture" },
        "north": { "uv": [ 7.7088, 11.95, 8.6496, 12.244 ], "texture": "#texture" },
        "south": { "uv": [ 7.3504, 11.95, 8.2912, 12.244 ], "texture": "#texture" },
        "west":  { "uv": [ 9.3524, 11.95, 9.6464, 12.244 ], "texture": "#texture" },
        "east":  { "uv": [ 6.3536, 11.95, 6.6476, 12.244 ], "texture": "#texture" }
    }
},
{
    "__comment": "?? x128",
    "from": [ 7.3504, 2.874, 9.3524 ],
    "to": [ 8.2912, 3.462, 9.6464 ],
    "faces": {
        "down":  { "uv": [ 8.6496, 9.6464, 7.7088, 9.3524 ], "texture": "#texture" },
        "up":    { "uv": [ 7.3504, 9.3524, 8.2912, 9.6464 ], "texture": "#texture" },
        "north": { "uv": [ 7.7088, 12.538, 8.6496, 13.126 ], "texture": "#texture" },
        "south": { "uv": [ 7.3504, 12.538, 8.2912, 13.126 ], "texture": "#texture" },
        "west":  { "uv": [ 9.3524, 12.538, 9.6464, 13.126 ], "texture": "#texture" },
        "east":  { "uv": [ 6.3536, 12.538, 6.6476, 13.126 ], "texture": "#texture" }
    }
},
{
    "__comment": "?? x128",
    "from": [ 7.3504, 12.576, 9.6464 ],
    "to": [ 8.2912, 12.87, 9.9404 ],
    "faces": {
        "down":  { "uv": [ 8.6496, 9.9404, 7.7088, 9.6464 ], "texture": "#texture" },
        "up":    { "uv": [ 7.3504, 9.6464, 8.2912, 9.9404 ], "texture": "#texture" },
        "north": { "uv": [ 7.7088, 3.13, 8.6496, 3.424 ], "texture": "#texture" },
        "south": { "uv": [ 7.3504, 3.13, 8.2912, 3.424 ], "texture": "#texture" },
        "west":  { "uv": [ 9.6464, 3.13, 9.9404, 3.424 ], "texture": "#texture" },
        "east":  { "uv": [ 6.0596, 3.13, 6.3536, 3.424 ], "texture": "#texture" }
    }
},
{
    "__comment": "?? x128",
    "from": [ 7.3504, 2.874, 9.6464 ],
    "to": [ 8.2912, 3.168, 11.1164 ],
    "faces": {
        "down":  { "uv": [ 8.6496, 11.1164, 7.7088, 9.6464 ], "texture": "#texture" },
        "up":    { "uv": [ 7.3504, 9.6464, 8.2912, 11.1164 ], "texture": "#texture" },
        "north": { "uv": [ 7.7088, 12.832, 8.6496, 13.126 ], "texture": "#texture" },
        "south": { "uv": [ 7.3504, 12.832, 8.2912, 13.126 ], "texture": "#texture" },
        "west":  { "uv": [ 9.6464, 12.832, 11.1164, 13.126 ], "texture": "#texture" },
        "east":  { "uv": [ 4.8836, 12.832, 6.3536, 13.126 ], "texture": "#texture" }
    }
},
{
    "__comment": "?? x128",
    "from": [ 7.3504, 3.168, 10.2344 ],
    "to": [ 8.2912, 3.462, 11.4104 ],
    "faces": {
        "down":  { "uv": [ 8.6496, 11.4104, 7.7088, 10.2344 ], "texture": "#texture" },
        "up":    { "uv": [ 7.3504, 10.2344, 8.2912, 11.4104 ], "texture": "#texture" },
        "north": { "uv": [ 7.7088, 12.538, 8.6496, 12.832 ], "texture": "#texture" },
        "south": { "uv": [ 7.3504, 12.538, 8.2912, 12.832 ], "texture": "#texture" },
        "west":  { "uv": [ 10.2344, 12.538, 11.4104, 12.832 ], "texture": "#texture" },
        "east":  { "uv": [ 4.5896, 12.538, 5.7656, 12.832 ], "texture": "#texture" }
    }
},
{
    "__comment": "?? x128",
    "from": [ 7.3504, 2.58, 10.5284 ],
    "to": [ 8.2912, 2.874, 10.8224 ],
    "faces": {
        "down":  { "uv": [ 8.6496, 10.8224, 7.7088, 10.5284 ], "texture": "#texture" },
        "up":    { "uv": [ 7.3504, 10.5284, 8.2912, 10.8224 ], "texture": "#texture" },
        "north": { "uv": [ 7.7088, 13.126, 8.6496, 13.42 ], "texture": "#texture" },
        "south": { "uv": [ 7.3504, 13.126, 8.2912, 13.42 ], "texture": "#texture" },
        "west":  { "uv": [ 10.5284, 13.126, 10.8224, 13.42 ], "texture": "#texture" },
        "east":  { "uv": [ 5.1776, 13.126, 5.4716, 13.42 ], "texture": "#texture" }
    }
},
{
    "__comment": "?? x128",
    "from": [ 7.3504, 3.462, 10.8224 ],
    "to": [ 8.2912, 3.756, 11.4104 ],
    "faces": {
        "down":  { "uv": [ 8.6496, 11.4104, 7.7088, 10.8224 ], "texture": "#texture" },
        "up":    { "uv": [ 7.3504, 10.8224, 8.2912, 11.4104 ], "texture": "#texture" },
        "north": { "uv": [ 7.7088, 12.244, 8.6496, 12.538 ], "texture": "#texture" },
        "south": { "uv": [ 7.3504, 12.244, 8.2912, 12.538 ], "texture": "#texture" },
        "west":  { "uv": [ 10.8224, 12.244, 11.4104, 12.538 ], "texture": "#texture" },
        "east":  { "uv": [ 4.5896, 12.244, 5.1776, 12.538 ], "texture": "#texture" }
    }
},
{
    "__comment": "?? x128",
    "from": [ 7.2125, 2.727, 3.1 ],
    "to": [ 8.4375, 3.462, 4.0625 ],
    "faces": {
        "down":  { "uv": [ 8.7875, 4.0625, 7.5625, 3.1 ], "texture": "#texture" },
        "up":    { "uv": [ 7.2125, 3.1, 8.4375, 4.0625 ], "texture": "#texture" },
        "north": { "uv": [ 7.5625, 12.538, 8.7875, 13.273 ], "texture": "#texture" },
        "south": { "uv": [ 7.2125, 12.538, 8.4375, 13.273 ], "texture": "#texture" },
        "west":  { "uv": [ 3.1, 12.538, 4.0625, 13.273 ], "texture": "#texture" },
        "east":  { "uv": [ 11.9375, 12.538, 12.9, 13.273 ], "texture": "#texture" }
    }
}
],
"display": {
    "thirdperson_righthand": {
        "rotation": [ -18, -9, -18 ],
        "translation": [ 5.29, 15.31, -1.32 ],
        "scale": [ 1.6, 1.6, 1.6 ]
    },
    "thirdperson_lefthand": {
        "rotation": [ -18, -9, -18 ],
        "translation": [ 5.29, 15.31, -1.32 ],
        "scale": [ 1.6, 1.6, 1.6 ]
    },
    "head": {
        "rotation": [ 0, 0, 0 ],
        "translation": [ 0, 0, 0 ],
        "scale": [ 1, 1, 1 ]
    },
    "ground": {
        "rotation": [ 0, 0, 0 ],
        "translation": [ 0, 12.09, 0 ],
        "scale": [ 1, 1, 1 ]
    },
    "fixed": {
        "rotation": [ 0, 180, 0 ],
        "translation": [ 1.13, 3.02, -1.32 ],
        "scale": [ 1, 1, 1 ]
    },
    "firstperson_righthand": {
        "rotation": [ -28, 23, -1 ],
        "translation": [ 9.45, 8.88, -15.87 ],
        "scale": [ 1.8, 1.8, 1.8 ]
    },
    "firstperson_lefthand": {
        "rotation": [ -28, 23, -1 ],
        "translation": [ 6.61, 8.88, -15.12 ],
        "scale": [ 1.8, 1.8, 1.8 ]
    },
    "gui": {
        "rotation": [ 27, -6, 45 ],
        "translation": [ -2.83, 3.21, 0 ],
        "scale": [ 0.6, 0.6, 0.6 ]
    }
}
}