{
"__comment": "Designed by Yoyomg43 with BDcraft Cubik PRO 0.96 Beta - http://bdcraft.net",
"textures": {
    "particle": "custom/black10",
    "texture": "custom/black8"
},
"elements": [ 
{
    "__comment": "Metal-Weapon-Hammer-Spear-Grey-color-for-Bandai-_57 x128",
    "from": [ 5.6, 10.05, 7.4 ],
    "to": [ 10.4, 10.2, 8 ],
    "faces": {
        "down":  { "uv": [ 6, 7.625, 10, 7.60367 ], "rotation": 180, "texture": "#texture" },
        "up":    { "uv": [ 6, 7.5, 10, 7.52133 ], "rotation": 180, "texture": "#texture" },
        "north": { "uv": [ 6, 7.5, 10, 7.625 ], "texture": "#texture" },
        "south": { "uv": [ 10, 7.5, 6, 7.625 ], "texture": "#texture" },
        "west":  { "uv": [ 10, 7.5, 9.97867, 7.625 ], "texture": "#texture" },
        "east":  { "uv": [ 6, 7.5, 6.02133, 7.625 ], "texture": "#texture" }
    }
},
{
    "__comment": "Metal-Weapon-Hammer-Spear-Grey-color-for-Bandai-_57 x128",
    "from": [ 10.1, 10.2, 7.4 ],
    "to": [ 10.25, 10.35, 8 ],
    "faces": {
        "down":  { "uv": [ 6.125, 7.5, 6.25, 7.47867 ], "rotation": 180, "texture": "#texture" },
        "up":    { "uv": [ 6.125, 7.375, 6.25, 7.39633 ], "rotation": 180, "texture": "#texture" },
        "north": { "uv": [ 6.125, 7.375, 6.25, 7.5 ], "texture": "#texture" },
        "south": { "uv": [ 6.25, 7.375, 6.125, 7.5 ], "texture": "#texture" },
        "west":  { "uv": [ 6.25, 7.375, 6.22867, 7.5 ], "texture": "#texture" },
        "east":  { "uv": [ 6.125, 7.375, 6.14633, 7.5 ], "texture": "#texture" }
    }
},
{
    "__comment": "Metal-Weapon-Hammer-Spear-Grey-color-for-Bandai-_57 x128",
    "from": [ 5.75, 9.75, 7.4 ],
    "to": [ 10.25, 10.05, 8 ],
    "faces": {
        "down":  { "uv": [ 6.125, 7.875, 9.875, 7.85367 ], "rotation": 180, "texture": "#texture" },
        "up":    { "uv": [ 6.125, 7.625, 9.875, 7.64633 ], "rotation": 180, "texture": "#texture" },
        "north": { "uv": [ 6.125, 7.625, 9.875, 7.875 ], "texture": "#texture" },
        "south": { "uv": [ 9.875, 7.625, 6.125, 7.875 ], "texture": "#texture" },
        "west":  { "uv": [ 9.875, 7.625, 9.85367, 7.875 ], "texture": "#texture" },
        "east":  { "uv": [ 6.125, 7.625, 6.14633, 7.875 ], "texture": "#texture" }
    }
},
{
    "__comment": "Metal-Weapon-Hammer-Spear-Grey-color-for-Bandai-_57 x128",
    "from": [ 5.9, 9.6, 7.4 ],
    "to": [ 10.1, 9.75, 8 ],
    "faces": {
        "down":  { "uv": [ 6.25, 8, 9.75, 7.97867 ], "rotation": 180, "texture": "#texture" },
        "up":    { "uv": [ 6.25, 7.875, 9.75, 7.89633 ], "rotation": 180, "texture": "#texture" },
        "north": { "uv": [ 6.25, 7.875, 9.75, 8 ], "texture": "#texture" },
        "south": { "uv": [ 9.75, 7.875, 6.25, 8 ], "texture": "#texture" },
        "west":  { "uv": [ 9.75, 7.875, 9.72867, 8 ], "texture": "#texture" },
        "east":  { "uv": [ 6.25, 7.875, 6.27133, 8 ], "texture": "#texture" }
    }
},
{
    "__comment": "Metal-Weapon-Hammer-Spear-Grey-color-for-Bandai-_57 x128",
    "from": [ 5.9, 9.45, 7.4 ],
    "to": [ 9.95, 9.6, 8 ],
    "faces": {
        "down":  { "uv": [ 6.375, 8.125, 9.75, 8.10367 ], "rotation": 180, "texture": "#texture" },
        "up":    { "uv": [ 6.375, 8, 9.75, 8.02133 ], "rotation": 180, "texture": "#texture" },
        "north": { "uv": [ 6.375, 8, 9.75, 8.125 ], "texture": "#texture" },
        "south": { "uv": [ 9.75, 8, 6.375, 8.125 ], "texture": "#texture" },
        "west":  { "uv": [ 9.75, 8, 9.72867, 8.125 ], "texture": "#texture" },
        "east":  { "uv": [ 6.375, 8, 6.39633, 8.125 ], "texture": "#texture" }
    }
},
{
    "__comment": "Metal-Weapon-Hammer-Spear-Grey-color-for-Bandai-_57 x128",
    "from": [ 6.35, 15.75, 7.4 ],
    "to": [ 9.8, 16.2, 8 ],
    "faces": {
        "down":  { "uv": [ 6.5, 2.875, 9.375, 2.85367 ], "rotation": 180, "texture": "#texture" },
        "up":    { "uv": [ 6.5, 2.5, 9.375, 2.52133 ], "rotation": 180, "texture": "#texture" },
        "north": { "uv": [ 6.5, 2.5, 9.375, 2.875 ], "texture": "#texture" },
        "south": { "uv": [ 9.375, 2.5, 6.5, 2.875 ], "texture": "#texture" },
        "west":  { "uv": [ 9.375, 2.5, 9.35367, 2.875 ], "texture": "#texture" },
        "east":  { "uv": [ 6.5, 2.5, 6.52133, 2.875 ], "texture": "#texture" }
    }
},
{
    "__comment": "Metal-Weapon-Hammer-Spear-Grey-color-for-Bandai-_57 x128",
    "from": [ 6.05, 9.15, 7.4 ],
    "to": [ 9.8, 9.45, 8 ],
    "faces": {
        "down":  { "uv": [ 6.5, 8.375, 9.625, 8.35367 ], "rotation": 180, "texture": "#texture" },
        "up":    { "uv": [ 6.5, 8.125, 9.625, 8.14633 ], "rotation": 180, "texture": "#texture" },
        "north": { "uv": [ 6.5, 8.125, 9.625, 8.375 ], "texture": "#texture" },
        "south": { "uv": [ 9.625, 8.125, 6.5, 8.375 ], "texture": "#texture" },
        "west":  { "uv": [ 9.625, 8.125, 9.60367, 8.375 ], "texture": "#texture" },
        "east":  { "uv": [ 6.5, 8.125, 6.52133, 8.375 ], "texture": "#texture" }
    }
},
{
    "__comment": "Metal-Weapon-Hammer-Spear-Grey-color-for-Bandai-_57 x128",
    "from": [ 6.35, 16.2, 7.4 ],
    "to": [ 9.65, 16.35, 8 ],
    "faces": {
        "down":  { "uv": [ 6.625, 2.5, 9.375, 2.47867 ], "rotation": 180, "texture": "#texture" },
        "up":    { "uv": [ 6.625, 2.375, 9.375, 2.39633 ], "rotation": 180, "texture": "#texture" },
        "north": { "uv": [ 6.625, 2.375, 9.375, 2.5 ], "texture": "#texture" },
        "south": { "uv": [ 9.375, 2.375, 6.625, 2.5 ], "texture": "#texture" },
        "west":  { "uv": [ 9.375, 2.375, 9.35367, 2.5 ], "texture": "#texture" },
        "east":  { "uv": [ 6.625, 2.375, 6.64633, 2.5 ], "texture": "#texture" }
    }
},
{
    "__comment": "Metal-Weapon-Hammer-Spear-Grey-color-for-Bandai-_57 x128",
    "from": [ 6.5, 15.6, 7.4 ],
    "to": [ 9.65, 15.75, 8 ],
    "faces": {
        "down":  { "uv": [ 6.625, 3, 9.25, 2.97867 ], "rotation": 180, "texture": "#texture" },
        "up":    { "uv": [ 6.625, 2.875, 9.25, 2.89633 ], "rotation": 180, "texture": "#texture" },
        "north": { "uv": [ 6.625, 2.875, 9.25, 3 ], "texture": "#texture" },
        "south": { "uv": [ 9.25, 2.875, 6.625, 3 ], "texture": "#texture" },
        "west":  { "uv": [ 9.25, 2.875, 9.22867, 3 ], "texture": "#texture" },
        "east":  { "uv": [ 6.625, 2.875, 6.64633, 3 ], "texture": "#texture" }
    }
},
{
    "__comment": "Metal-Weapon-Hammer-Spear-Grey-color-for-Bandai-_57 x128",
    "from": [ 6.2, 9, 7.4 ],
    "to": [ 9.65, 9.15, 8 ],
    "faces": {
        "down":  { "uv": [ 6.625, 8.5, 9.5, 8.47867 ], "rotation": 180, "texture": "#texture" },
        "up":    { "uv": [ 6.625, 8.375, 9.5, 8.39633 ], "rotation": 180, "texture": "#texture" },
        "north": { "uv": [ 6.625, 8.375, 9.5, 8.5 ], "texture": "#texture" },
        "south": { "uv": [ 9.5, 8.375, 6.625, 8.5 ], "texture": "#texture" },
        "west":  { "uv": [ 9.5, 8.375, 9.47867, 8.5 ], "texture": "#texture" },
        "east":  { "uv": [ 6.625, 8.375, 6.64633, 8.5 ], "texture": "#texture" }
    }
},
{
    "__comment": "Metal-Weapon-Hammer-Spear-Grey-color-for-Bandai-_57 x128",
    "from": [ 9.35, 15.3, 7.4 ],
    "to": [ 9.5, 15.6, 8 ],
    "faces": {
        "down":  { "uv": [ 6.75, 3.25, 6.875, 3.22867 ], "rotation": 180, "texture": "#texture" },
        "up":    { "uv": [ 6.75, 3, 6.875, 3.02133 ], "rotation": 180, "texture": "#texture" },
        "north": { "uv": [ 6.75, 3, 6.875, 3.25 ], "texture": "#texture" },
        "south": { "uv": [ 6.875, 3, 6.75, 3.25 ], "texture": "#texture" },
        "west":  { "uv": [ 6.875, 3, 6.85367, 3.25 ], "texture": "#texture" },
        "east":  { "uv": [ 6.75, 3, 6.77133, 3.25 ], "texture": "#texture" }
    }
},
{
    "__comment": "Metal-Weapon-Hammer-Spear-Grey-color-for-Bandai-_57 x128",
    "from": [ 6.35, 10.2, 7.4 ],
    "to": [ 9.5, 10.35, 8 ],
    "faces": {
        "down":  { "uv": [ 6.75, 7.5, 9.375, 7.47867 ], "rotation": 180, "texture": "#texture" },
        "up":    { "uv": [ 6.75, 7.375, 9.375, 7.39633 ], "rotation": 180, "texture": "#texture" },
        "north": { "uv": [ 6.75, 7.375, 9.375, 7.5 ], "texture": "#texture" },
        "south": { "uv": [ 9.375, 7.375, 6.75, 7.5 ], "texture": "#texture" },
        "west":  { "uv": [ 9.375, 7.375, 9.35367, 7.5 ], "texture": "#texture" },
        "east":  { "uv": [ 6.75, 7.375, 6.77133, 7.5 ], "texture": "#texture" }
    }
},
{
    "__comment": "Metal-Weapon-Hammer-Spear-Grey-color-for-Bandai-_57 x128",
    "from": [ 6.35, 8.85, 7.4 ],
    "to": [ 9.5, 9, 8 ],
    "faces": {
        "down":  { "uv": [ 6.75, 8.625, 9.375, 8.60367 ], "rotation": 180, "texture": "#texture" },
        "up":    { "uv": [ 6.75, 8.5, 9.375, 8.52133 ], "rotation": 180, "texture": "#texture" },
        "north": { "uv": [ 6.75, 8.5, 9.375, 8.625 ], "texture": "#texture" },
        "south": { "uv": [ 9.375, 8.5, 6.75, 8.625 ], "texture": "#texture" },
        "west":  { "uv": [ 9.375, 8.5, 9.35367, 8.625 ], "texture": "#texture" },
        "east":  { "uv": [ 6.75, 8.5, 6.77133, 8.625 ], "texture": "#texture" }
    }
},
{
    "__comment": "Metal-Weapon-Hammer-Spear-Grey-color-for-Bandai-_57 x128",
    "from": [ 6.65, 15.45, 7.4 ],
    "to": [ 9.35, 15.6, 8 ],
    "faces": {
        "down":  { "uv": [ 6.875, 3.125, 9.125, 3.10367 ], "rotation": 180, "texture": "#texture" },
        "up":    { "uv": [ 6.875, 3, 9.125, 3.02133 ], "rotation": 180, "texture": "#texture" },
        "north": { "uv": [ 6.875, 3, 9.125, 3.125 ], "texture": "#texture" },
        "south": { "uv": [ 9.125, 3, 6.875, 3.125 ], "texture": "#texture" },
        "west":  { "uv": [ 9.125, 3, 9.10367, 3.125 ], "texture": "#texture" },
        "east":  { "uv": [ 6.875, 3, 6.89633, 3.125 ], "texture": "#texture" }
    }
},
{
    "__comment": "Metal-Weapon-Hammer-Spear-Grey-color-for-Bandai-_57 x128",
    "from": [ 6.5, 10.35, 7.4 ],
    "to": [ 9.35, 10.5, 8 ],
    "faces": {
        "down":  { "uv": [ 6.875, 7.375, 9.25, 7.35367 ], "rotation": 180, "texture": "#texture" },
        "up":    { "uv": [ 6.875, 7.25, 9.25, 7.27133 ], "rotation": 180, "texture": "#texture" },
        "north": { "uv": [ 6.875, 7.25, 9.25, 7.375 ], "texture": "#texture" },
        "south": { "uv": [ 9.25, 7.25, 6.875, 7.375 ], "texture": "#texture" },
        "west":  { "uv": [ 9.25, 7.25, 9.22867, 7.375 ], "texture": "#texture" },
        "east":  { "uv": [ 6.875, 7.25, 6.89633, 7.375 ], "texture": "#texture" }
    }
},
{
    "__comment": "Metal-Weapon-Hammer-Spear-Grey-color-for-Bandai-_57 x128",
    "from": [ 6.35, 8.7, 7.4 ],
    "to": [ 9.35, 8.85, 8 ],
    "faces": {
        "down":  { "uv": [ 6.875, 8.75, 9.375, 8.72867 ], "rotation": 180, "texture": "#texture" },
        "up":    { "uv": [ 6.875, 8.625, 9.375, 8.64633 ], "rotation": 180, "texture": "#texture" },
        "north": { "uv": [ 6.875, 8.625, 9.375, 8.75 ], "texture": "#texture" },
        "south": { "uv": [ 9.375, 8.625, 6.875, 8.75 ], "texture": "#texture" },
        "west":  { "uv": [ 9.375, 8.625, 9.35367, 8.75 ], "texture": "#texture" },
        "east":  { "uv": [ 6.875, 8.625, 6.89633, 8.75 ], "texture": "#texture" }
    }
},
{
    "__comment": "Metal-Weapon-Hammer-Spear-Grey-color-for-Bandai-_57 x128",
    "from": [ 6.65, 16.35, 7.4 ],
    "to": [ 9.2, 16.5, 8 ],
    "faces": {
        "down":  { "uv": [ 7, 2.375, 9.125, 2.35367 ], "rotation": 180, "texture": "#texture" },
        "up":    { "uv": [ 7, 2.25, 9.125, 2.27133 ], "rotation": 180, "texture": "#texture" },
        "north": { "uv": [ 7, 2.25, 9.125, 2.375 ], "texture": "#texture" },
        "south": { "uv": [ 9.125, 2.25, 7, 2.375 ], "texture": "#texture" },
        "west":  { "uv": [ 9.125, 2.25, 9.10367, 2.375 ], "texture": "#texture" },
        "east":  { "uv": [ 7, 2.25, 7.02133, 2.375 ], "texture": "#texture" }
    }
},
{
    "__comment": "Metal-Weapon-Hammer-Spear-Grey-color-for-Bandai-_57 x128",
    "from": [ 6.95, 15.15, 7.4 ],
    "to": [ 9.2, 15.45, 8 ],
    "faces": {
        "down":  { "uv": [ 7, 3.375, 8.875, 3.35367 ], "rotation": 180, "texture": "#texture" },
        "up":    { "uv": [ 7, 3.125, 8.875, 3.14633 ], "rotation": 180, "texture": "#texture" },
        "north": { "uv": [ 7, 3.125, 8.875, 3.375 ], "texture": "#texture" },
        "south": { "uv": [ 8.875, 3.125, 7, 3.375 ], "texture": "#texture" },
        "west":  { "uv": [ 8.875, 3.125, 8.85367, 3.375 ], "texture": "#texture" },
        "east":  { "uv": [ 7, 3.125, 7.02133, 3.375 ], "texture": "#texture" }
    }
},
{
    "__comment": "Metal-Weapon-Hammer-Spear-Grey-color-for-Bandai-_57 x128",
    "from": [ 6.95, 14.55, 7.4 ],
    "to": [ 9.2, 14.7, 8 ],
    "faces": {
        "down":  { "uv": [ 7, 3.875, 8.875, 3.85367 ], "rotation": 180, "texture": "#texture" },
        "up":    { "uv": [ 7, 3.75, 8.875, 3.77133 ], "rotation": 180, "texture": "#texture" },
        "north": { "uv": [ 7, 3.75, 8.875, 3.875 ], "texture": "#texture" },
        "south": { "uv": [ 8.875, 3.75, 7, 3.875 ], "texture": "#texture" },
        "west":  { "uv": [ 8.875, 3.75, 8.85367, 3.875 ], "texture": "#texture" },
        "east":  { "uv": [ 7, 3.75, 7.02133, 3.875 ], "texture": "#texture" }
    }
},
{
    "__comment": "Metal-Weapon-Hammer-Spear-Grey-color-for-Bandai-_57 x128",
    "from": [ 6.65, 10.5, 7.4 ],
    "to": [ 9.2, 10.8, 8 ],
    "faces": {
        "down":  { "uv": [ 7, 7.25, 9.125, 7.22867 ], "rotation": 180, "texture": "#texture" },
        "up":    { "uv": [ 7, 7, 9.125, 7.02133 ], "rotation": 180, "texture": "#texture" },
        "north": { "uv": [ 7, 7, 9.125, 7.25 ], "texture": "#texture" },
        "south": { "uv": [ 9.125, 7, 7, 7.25 ], "texture": "#texture" },
        "west":  { "uv": [ 9.125, 7, 9.10367, 7.25 ], "texture": "#texture" },
        "east":  { "uv": [ 7, 7, 7.02133, 7.25 ], "texture": "#texture" }
    }
},
{
    "__comment": "Metal-Weapon-Hammer-Spear-Grey-color-for-Bandai-_57 x128",
    "from": [ 6.65, 8.4, 7.4 ],
    "to": [ 9.2, 8.7, 8 ],
    "faces": {
        "down":  { "uv": [ 7, 9, 9.125, 8.97867 ], "rotation": 180, "texture": "#texture" },
        "up":    { "uv": [ 7, 8.75, 9.125, 8.77133 ], "rotation": 180, "texture": "#texture" },
        "north": { "uv": [ 7, 8.75, 9.125, 9 ], "texture": "#texture" },
        "south": { "uv": [ 9.125, 8.75, 7, 9 ], "texture": "#texture" },
        "west":  { "uv": [ 9.125, 8.75, 9.10367, 9 ], "texture": "#texture" },
        "east":  { "uv": [ 7, 8.75, 7.02133, 9 ], "texture": "#texture" }
    }
},
{
    "__comment": "Metal-Weapon-Hammer-Spear-Grey-color-for-Bandai-_57 x128",
    "from": [ 7.1, 16.5, 7.4 ],
    "to": [ 9.05, 16.65, 8 ],
    "faces": {
        "down":  { "uv": [ 7.125, 2.25, 8.75, 2.22867 ], "rotation": 180, "texture": "#texture" },
        "up":    { "uv": [ 7.125, 2.125, 8.75, 2.14633 ], "rotation": 180, "texture": "#texture" },
        "north": { "uv": [ 7.125, 2.125, 8.75, 2.25 ], "texture": "#texture" },
        "south": { "uv": [ 8.75, 2.125, 7.125, 2.25 ], "texture": "#texture" },
        "west":  { "uv": [ 8.75, 2.125, 8.72867, 2.25 ], "texture": "#texture" },
        "east":  { "uv": [ 7.125, 2.125, 7.14633, 2.25 ], "texture": "#texture" }
    }
},
{
    "__comment": "Metal-Weapon-Hammer-Spear-Grey-color-for-Bandai-_57 x128",
    "from": [ 6.95, 14.7, 7.4 ],
    "to": [ 9.05, 15.15, 8 ],
    "faces": {
        "down":  { "uv": [ 7.125, 3.75, 8.875, 3.72867 ], "rotation": 180, "texture": "#texture" },
        "up":    { "uv": [ 7.125, 3.375, 8.875, 3.39633 ], "rotation": 180, "texture": "#texture" },
        "north": { "uv": [ 7.125, 3.375, 8.875, 3.75 ], "texture": "#texture" },
        "south": { "uv": [ 8.875, 3.375, 7.125, 3.75 ], "texture": "#texture" },
        "west":  { "uv": [ 8.875, 3.375, 8.85367, 3.75 ], "texture": "#texture" },
        "east":  { "uv": [ 7.125, 3.375, 7.14633, 3.75 ], "texture": "#texture" }
    }
},
{
    "__comment": "Metal-Weapon-Hammer-Spear-Grey-color-for-Bandai-_57 x128",
    "from": [ 6.95, 10.8, 7.4 ],
    "to": [ 9.05, 14.55, 8 ],
    "faces": {
        "down":  { "uv": [ 7.125, 7, 8.875, 6.97867 ], "rotation": 180, "texture": "#texture" },
        "up":    { "uv": [ 7.125, 3.875, 8.875, 3.89633 ], "rotation": 180, "texture": "#texture" },
        "north": { "uv": [ 7.125, 3.875, 8.875, 7 ], "texture": "#texture" },
        "south": { "uv": [ 8.875, 3.875, 7.125, 7 ], "texture": "#texture" },
        "west":  { "uv": [ 8.875, 3.875, 8.85367, 7 ], "texture": "#texture" },
        "east":  { "uv": [ 7.125, 3.875, 7.14633, 7 ], "texture": "#texture" }
    }
},
{
    "__comment": "Metal-Weapon-Hammer-Spear-Grey-color-for-Bandai-_57 x128",
    "from": [ 6.65, 8.25, 7.4 ],
    "to": [ 9.05, 8.4, 8 ],
    "faces": {
        "down":  { "uv": [ 7.125, 9.125, 9.125, 9.10367 ], "rotation": 180, "texture": "#texture" },
        "up":    { "uv": [ 7.125, 9, 9.125, 9.02133 ], "rotation": 180, "texture": "#texture" },
        "north": { "uv": [ 7.125, 9, 9.125, 9.125 ], "texture": "#texture" },
        "south": { "uv": [ 9.125, 9, 7.125, 9.125 ], "texture": "#texture" },
        "west":  { "uv": [ 9.125, 9, 9.10367, 9.125 ], "texture": "#texture" },
        "east":  { "uv": [ 7.125, 9, 7.14633, 9.125 ], "texture": "#texture" }
    }
},
{
    "__comment": "Metal-Weapon-Hammer-Spear-Grey-color-for-Bandai-_57 x128",
    "from": [ 7.25, 16.65, 7.4 ],
    "to": [ 8.9, 17.4, 8 ],
    "faces": {
        "down":  { "uv": [ 7.25, 2.125, 8.625, 2.10367 ], "rotation": 180, "texture": "#texture" },
        "up":    { "uv": [ 7.25, 1.5, 8.625, 1.52133 ], "rotation": 180, "texture": "#texture" },
        "north": { "uv": [ 7.25, 1.5, 8.625, 2.125 ], "texture": "#texture" },
        "south": { "uv": [ 8.625, 1.5, 7.25, 2.125 ], "texture": "#texture" },
        "west":  { "uv": [ 8.625, 1.5, 8.60367, 2.125 ], "texture": "#texture" },
        "east":  { "uv": [ 7.25, 1.5, 7.27133, 2.125 ], "texture": "#texture" }
    }
},
{
    "__comment": "Metal-Weapon-Hammer-Spear-Grey-color-for-Bandai-_57 x128",
    "from": [ 6.8, 8.1, 7.4 ],
    "to": [ 8.9, 8.25, 8 ],
    "faces": {
        "down":  { "uv": [ 7.25, 9.25, 9, 9.22867 ], "rotation": 180, "texture": "#texture" },
        "up":    { "uv": [ 7.25, 9.125, 9, 9.14633 ], "rotation": 180, "texture": "#texture" },
        "north": { "uv": [ 7.25, 9.125, 9, 9.25 ], "texture": "#texture" },
        "south": { "uv": [ 9, 9.125, 7.25, 9.25 ], "texture": "#texture" },
        "west":  { "uv": [ 9, 9.125, 8.97867, 9.25 ], "texture": "#texture" },
        "east":  { "uv": [ 7.25, 9.125, 7.27133, 9.25 ], "texture": "#texture" }
    }
},
{
    "__comment": "Metal-Weapon-Hammer-Spear-Grey-color-for-Bandai-_57 x128",
    "from": [ 8.57, 17.4, 7.4 ],
    "to": [ 8.72, 17.85, 8 ],
    "faces": {
        "down":  { "uv": [ 7.375, 1.5, 7.5, 1.47867 ], "rotation": 180, "texture": "#texture" },
        "up":    { "uv": [ 7.375, 1.125, 7.5, 1.14633 ], "rotation": 180, "texture": "#texture" },
        "north": { "uv": [ 7.375, 1.125, 7.5, 1.5 ], "texture": "#texture" },
        "south": { "uv": [ 7.5, 1.125, 7.375, 1.5 ], "texture": "#texture" },
        "west":  { "uv": [ 7.5, 1.125, 7.47867, 1.5 ], "texture": "#texture" },
        "east":  { "uv": [ 7.375, 1.125, 7.39633, 1.5 ], "texture": "#texture" }
    }
},
{
    "__comment": "Metal-Weapon-Hammer-Spear-Grey-color-for-Bandai-_57 x128",
    "from": [ 6.95, 7.95, 7.4 ],
    "to": [ 8.75, 8.1, 8 ],
    "faces": {
        "down":  { "uv": [ 7.375, 9.375, 8.875, 9.35367 ], "rotation": 180, "texture": "#texture" },
        "up":    { "uv": [ 7.375, 9.25, 8.875, 9.27133 ], "rotation": 180, "texture": "#texture" },
        "north": { "uv": [ 7.375, 9.25, 8.875, 9.375 ], "texture": "#texture" },
        "south": { "uv": [ 8.875, 9.25, 7.375, 9.375 ], "texture": "#texture" },
        "west":  { "uv": [ 8.875, 9.25, 8.85367, 9.375 ], "texture": "#texture" },
        "east":  { "uv": [ 7.375, 9.25, 7.39633, 9.375 ], "texture": "#texture" }
    }
},
{
    "__comment": "Metal-Weapon-Hammer-Spear-Grey-color-for-Bandai-_57 x128",
    "from": [ 8.42, 17.4, 7.4 ],
    "to": [ 8.57, 17.7, 8 ],
    "faces": {
        "down":  { "uv": [ 7.5, 1.5, 7.625, 1.47867 ], "rotation": 180, "texture": "#texture" },
        "up":    { "uv": [ 7.5, 1.25, 7.625, 1.27133 ], "rotation": 180, "texture": "#texture" },
        "north": { "uv": [ 7.5, 1.25, 7.625, 1.5 ], "texture": "#texture" },
        "south": { "uv": [ 7.625, 1.25, 7.5, 1.5 ], "texture": "#texture" },
        "west":  { "uv": [ 7.625, 1.25, 7.60367, 1.5 ], "texture": "#texture" },
        "east":  { "uv": [ 7.5, 1.25, 7.52133, 1.5 ], "texture": "#texture" }
    }
},
{
    "__comment": "Metal-Weapon-Hammer-Spear-Grey-color-for-Bandai-_57 x128",
    "from": [ 7.1, 7.8, 7.4 ],
    "to": [ 8.6, 7.95, 8 ],
    "faces": {
        "down":  { "uv": [ 7.5, 9.5, 8.75, 9.47867 ], "rotation": 180, "texture": "#texture" },
        "up":    { "uv": [ 7.5, 9.375, 8.75, 9.39633 ], "rotation": 180, "texture": "#texture" },
        "north": { "uv": [ 7.5, 9.375, 8.75, 9.5 ], "texture": "#texture" },
        "south": { "uv": [ 8.75, 9.375, 7.5, 9.5 ], "texture": "#texture" },
        "west":  { "uv": [ 8.75, 9.375, 8.72867, 9.5 ], "texture": "#texture" },
        "east":  { "uv": [ 7.5, 9.375, 7.52133, 9.5 ], "texture": "#texture" }
    }
},
{
    "__comment": "Metal-Weapon-Hammer-Spear-Grey-color-for-Bandai-_57 x128",
    "from": [ 7.25, 17.4, 7.4 ],
    "to": [ 8.45, 17.55, 8 ],
    "faces": {
        "down":  { "uv": [ 7.625, 1.5, 8.625, 1.47867 ], "rotation": 180, "texture": "#texture" },
        "up":    { "uv": [ 7.625, 1.375, 8.625, 1.39633 ], "rotation": 180, "texture": "#texture" },
        "north": { "uv": [ 7.625, 1.375, 8.625, 1.5 ], "texture": "#texture" },
        "south": { "uv": [ 8.625, 1.375, 7.625, 1.5 ], "texture": "#texture" },
        "west":  { "uv": [ 8.625, 1.375, 8.60367, 1.5 ], "texture": "#texture" },
        "east":  { "uv": [ 7.625, 1.375, 7.64633, 1.5 ], "texture": "#texture" }
    }
},
{
    "__comment": "Metal-Weapon-Hammer-Spear-Grey-color-for-Bandai-_57 x128",
    "from": [ 7.1, 7.65, 7.4 ],
    "to": [ 8.45, 7.8, 8 ],
    "faces": {
        "down":  { "uv": [ 7.625, 9.625, 8.75, 9.60367 ], "rotation": 180, "texture": "#texture" },
        "up":    { "uv": [ 7.625, 9.5, 8.75, 9.52133 ], "rotation": 180, "texture": "#texture" },
        "north": { "uv": [ 7.625, 9.5, 8.75, 9.625 ], "texture": "#texture" },
        "south": { "uv": [ 8.75, 9.5, 7.625, 9.625 ], "texture": "#texture" },
        "west":  { "uv": [ 8.75, 9.5, 8.72867, 9.625 ], "texture": "#texture" },
        "east":  { "uv": [ 7.625, 9.5, 7.64633, 9.625 ], "texture": "#texture" }
    }
},
{
    "__comment": "Metal-Weapon-Hammer-Spear-Grey-color-for-Bandai-_57 x128",
    "from": [ 7.85, 17.55, 7.4 ],
    "to": [ 8.3, 17.85, 8 ],
    "faces": {
        "down":  { "uv": [ 7.75, 1.375, 8.125, 1.35367 ], "rotation": 180, "texture": "#texture" },
        "up":    { "uv": [ 7.75, 1.125, 8.125, 1.14633 ], "rotation": 180, "texture": "#texture" },
        "north": { "uv": [ 7.75, 1.125, 8.125, 1.375 ], "texture": "#texture" },
        "south": { "uv": [ 8.125, 1.125, 7.75, 1.375 ], "texture": "#texture" },
        "west":  { "uv": [ 8.125, 1.125, 8.10367, 1.375 ], "texture": "#texture" },
        "east":  { "uv": [ 7.75, 1.125, 7.77133, 1.375 ], "texture": "#texture" }
    }
},
{
    "__comment": "Metal-Weapon-Hammer-Spear-Grey-color-for-Bandai-_57 x128",
    "from": [ 7.4, 7.35, 7.4 ],
    "to": [ 8.3, 7.65, 8 ],
    "faces": {
        "down":  { "uv": [ 7.75, 9.875, 8.5, 9.85367 ], "rotation": 180, "texture": "#texture" },
        "up":    { "uv": [ 7.75, 9.625, 8.5, 9.64633 ], "rotation": 180, "texture": "#texture" },
        "north": { "uv": [ 7.75, 9.625, 8.5, 9.875 ], "texture": "#texture" },
        "south": { "uv": [ 8.5, 9.625, 7.75, 9.875 ], "texture": "#texture" },
        "west":  { "uv": [ 8.5, 9.625, 8.47867, 9.875 ], "texture": "#texture" },
        "east":  { "uv": [ 7.75, 9.625, 7.77133, 9.875 ], "texture": "#texture" }
    }
},
{
    "__comment": "Metal-Weapon-Hammer-Spear-Grey-color-for-Bandai-_57 x128",
    "from": [ 7.55, 6.45, 7.4 ],
    "to": [ 8.3, 7.2, 8 ],
    "faces": {
        "down":  { "uv": [ 7.75, 10.625, 8.375, 10.6037 ], "rotation": 180, "texture": "#texture" },
        "up":    { "uv": [ 7.75, 10, 8.375, 10.0213 ], "rotation": 180, "texture": "#texture" },
        "north": { "uv": [ 7.75, 10, 8.375, 10.625 ], "texture": "#texture" },
        "south": { "uv": [ 8.375, 10, 7.75, 10.625 ], "texture": "#texture" },
        "west":  { "uv": [ 8.375, 10, 8.35367, 10.625 ], "texture": "#texture" },
        "east":  { "uv": [ 7.75, 10, 7.77133, 10.625 ], "texture": "#texture" }
    }
},
{
    "__comment": "Metal-Weapon-Hammer-Spear-Grey-color-for-Bandai-_57 x128",
    "from": [ 7.7, -4.95, 7.4 ],
    "to": [ 8.2, 4.8, 8 ],
    "faces": {
        "down":  { "uv": [ 7.75, 16, 8.25, 15.9787 ], "rotation": 180, "texture": "#texture" },
        "up":    { "uv": [ 7.75, 12, 8.25, 12.0213 ], "rotation": 180, "texture": "#texture" },
        "north": { "uv": [ 7.75, 12, 8.25, 16 ], "texture": "#texture" },
        "south": { "uv": [ 8.25, 12, 7.75, 16 ], "texture": "#texture" },
        "west":  { "uv": [ 8.25, 12, 8.22867, 16 ], "texture": "#texture" },
        "east":  { "uv": [ 7.75, 12, 7.77133, 16 ], "texture": "#texture" }
    }
},
{
    "__comment": "Metal-Weapon-Hammer-Spear-Grey-color-for-Bandai-_57 x128",
    "from": [ 8, 17.85, 7.4 ],
    "to": [ 8.15, 18.15, 8 ],
    "faces": {
        "down":  { "uv": [ 7.875, 1.125, 8, 1.10367 ], "rotation": 180, "texture": "#texture" },
        "up":    { "uv": [ 7.875, 0.875, 8, 0.896333 ], "rotation": 180, "texture": "#texture" },
        "north": { "uv": [ 7.875, 0.875, 8, 1.125 ], "texture": "#texture" },
        "south": { "uv": [ 8, 0.875, 7.875, 1.125 ], "texture": "#texture" },
        "west":  { "uv": [ 8, 0.875, 7.97867, 1.125 ], "texture": "#texture" },
        "east":  { "uv": [ 7.875, 0.875, 7.89633, 1.125 ], "texture": "#texture" }
    }
},
{
    "__comment": "Metal-Weapon-Hammer-Spear-Grey-color-for-Bandai-_57 x128",
    "from": [ 7.55, 7.2, 7.4 ],
    "to": [ 8.15, 7.35, 8 ],
    "faces": {
        "down":  { "uv": [ 7.875, 10, 8.375, 9.97867 ], "rotation": 180, "texture": "#texture" },
        "up":    { "uv": [ 7.875, 9.875, 8.375, 9.89633 ], "rotation": 180, "texture": "#texture" },
        "north": { "uv": [ 7.875, 9.875, 8.375, 10 ], "texture": "#texture" },
        "south": { "uv": [ 8.375, 9.875, 7.875, 10 ], "texture": "#texture" },
        "west":  { "uv": [ 8.375, 9.875, 8.35367, 10 ], "texture": "#texture" },
        "east":  { "uv": [ 7.875, 9.875, 7.89633, 10 ], "texture": "#texture" }
    }
},
{
    "__comment": "Metal-Weapon-Hammer-Spear-Grey-color-for-Bandai-_57 x128",
    "from": [ 7.7, 4.8, 7.4 ],
    "to": [ 8.15, 6.45, 8 ],
    "faces": {
        "down":  { "uv": [ 7.875, 12, 8.25, 11.9787 ], "rotation": 180, "texture": "#texture" },
        "up":    { "uv": [ 7.875, 10.625, 8.25, 10.6463 ], "rotation": 180, "texture": "#texture" },
        "north": { "uv": [ 7.875, 10.625, 8.25, 12 ], "texture": "#texture" },
        "south": { "uv": [ 8.25, 10.625, 7.875, 12 ], "texture": "#texture" },
        "west":  { "uv": [ 8.25, 10.625, 8.22867, 12 ], "texture": "#texture" },
        "east":  { "uv": [ 7.875, 10.625, 7.89633, 12 ], "texture": "#texture" }
    }
},
{
    "__comment": "Metal-Weapon-Hammer-Spear-Grey-color-for-Bandai-_57 x128",
    "from": [ 7.85, 17.85, 7.4 ],
    "to": [ 8, 18, 8 ],
    "faces": {
        "down":  { "uv": [ 8, 1.125, 8.125, 1.10367 ], "rotation": 180, "texture": "#texture" },
        "up":    { "uv": [ 8, 1, 8.125, 1.02133 ], "rotation": 180, "texture": "#texture" },
        "north": { "uv": [ 8, 1, 8.125, 1.125 ], "texture": "#texture" },
        "south": { "uv": [ 8.125, 1, 8, 1.125 ], "texture": "#texture" },
        "west":  { "uv": [ 8.125, 1, 8.10367, 1.125 ], "texture": "#texture" },
        "east":  { "uv": [ 8, 1, 8.02133, 1.125 ], "texture": "#texture" }
    }
},
{
    "__comment": "Metal-Weapon-Hammer-Spear-Grey-color-for-Bandai-_57 x128",
    "from": [ 7.55, 6.3, 7.4 ],
    "to": [ 7.7, 6.45, 8 ],
    "faces": {
        "down":  { "uv": [ 8.25, 10.75, 8.375, 10.7287 ], "rotation": 180, "texture": "#texture" },
        "up":    { "uv": [ 8.25, 10.625, 8.375, 10.6463 ], "rotation": 180, "texture": "#texture" },
        "north": { "uv": [ 8.25, 10.625, 8.375, 10.75 ], "texture": "#texture" },
        "south": { "uv": [ 8.375, 10.625, 8.25, 10.75 ], "texture": "#texture" },
        "west":  { "uv": [ 8.375, 10.625, 8.35367, 10.75 ], "texture": "#texture" },
        "east":  { "uv": [ 8.25, 10.625, 8.27133, 10.75 ], "texture": "#texture" }
    }
},
{
    "__comment": "Metal-Weapon-Hammer-Spear-Grey-color-for-Bandai-_57 x128",
    "from": [ 7.55, 4.35, 7.4 ],
    "to": [ 7.7, 4.8, 8 ],
    "faces": {
        "down":  { "uv": [ 8.25, 12.375, 8.375, 12.3537 ], "rotation": 180, "texture": "#texture" },
        "up":    { "uv": [ 8.25, 12, 8.375, 12.0213 ], "rotation": 180, "texture": "#texture" },
        "north": { "uv": [ 8.25, 12, 8.375, 12.375 ], "texture": "#texture" },
        "south": { "uv": [ 8.375, 12, 8.25, 12.375 ], "texture": "#texture" },
        "west":  { "uv": [ 8.375, 12, 8.35367, 12.375 ], "texture": "#texture" },
        "east":  { "uv": [ 8.25, 12, 8.27133, 12.375 ], "texture": "#texture" }
    }
},
{
    "__comment": "Metal-Weapon-Hammer-Spear-Grey-color-for-Bandai-_57 x128",
    "from": [ 7.4, 17.55, 7.4 ],
    "to": [ 7.55, 17.85, 8 ],
    "faces": {
        "down":  { "uv": [ 8.375, 1.375, 8.5, 1.35367 ], "rotation": 180, "texture": "#texture" },
        "up":    { "uv": [ 8.375, 1.125, 8.5, 1.14633 ], "rotation": 180, "texture": "#texture" },
        "north": { "uv": [ 8.375, 1.125, 8.5, 1.375 ], "texture": "#texture" },
        "south": { "uv": [ 8.5, 1.125, 8.375, 1.375 ], "texture": "#texture" },
        "west":  { "uv": [ 8.5, 1.125, 8.47867, 1.375 ], "texture": "#texture" },
        "east":  { "uv": [ 8.375, 1.125, 8.39633, 1.375 ], "texture": "#texture" }
    }
},
{
    "__comment": "Metal-Weapon-Hammer-Spear-Grey-color-for-Bandai-_57 x128",
    "from": [ 7.25, 7.5, 7.4 ],
    "to": [ 7.4, 7.65, 8 ],
    "faces": {
        "down":  { "uv": [ 8.5, 9.75, 8.625, 9.72867 ], "rotation": 180, "texture": "#texture" },
        "up":    { "uv": [ 8.5, 9.625, 8.625, 9.64633 ], "rotation": 180, "texture": "#texture" },
        "north": { "uv": [ 8.5, 9.625, 8.625, 9.75 ], "texture": "#texture" },
        "south": { "uv": [ 8.625, 9.625, 8.5, 9.75 ], "texture": "#texture" },
        "west":  { "uv": [ 8.625, 9.625, 8.60367, 9.75 ], "texture": "#texture" },
        "east":  { "uv": [ 8.5, 9.625, 8.52133, 9.75 ], "texture": "#texture" }
    }
},
{
    "__comment": "Metal-Weapon-Hammer-Spear-Grey-color-for-Bandai-_57 x128",
    "from": [ 7.1, 16.65, 7.4 ],
    "to": [ 7.25, 16.95, 8 ],
    "faces": {
        "down":  { "uv": [ 8.625, 2.125, 8.75, 2.10367 ], "rotation": 180, "texture": "#texture" },
        "up":    { "uv": [ 8.625, 1.875, 8.75, 1.89633 ], "rotation": 180, "texture": "#texture" },
        "north": { "uv": [ 8.625, 1.875, 8.75, 2.125 ], "texture": "#texture" },
        "south": { "uv": [ 8.75, 1.875, 8.625, 2.125 ], "texture": "#texture" },
        "west":  { "uv": [ 8.75, 1.875, 8.72867, 2.125 ], "texture": "#texture" },
        "east":  { "uv": [ 8.625, 1.875, 8.64633, 2.125 ], "texture": "#texture" }
    }
},
{
    "__comment": "Metal-Weapon-Hammer-Spear-Grey-color-for-Bandai-_57 x128",
    "from": [ 6.65, 15.3, 7.4 ],
    "to": [ 6.95, 15.45, 8 ],
    "faces": {
        "down":  { "uv": [ 8.875, 3.25, 9.125, 3.22867 ], "rotation": 180, "texture": "#texture" },
        "up":    { "uv": [ 8.875, 3.125, 9.125, 3.14633 ], "rotation": 180, "texture": "#texture" },
        "north": { "uv": [ 8.875, 3.125, 9.125, 3.25 ], "texture": "#texture" },
        "south": { "uv": [ 9.125, 3.125, 8.875, 3.25 ], "texture": "#texture" },
        "west":  { "uv": [ 9.125, 3.125, 9.10367, 3.25 ], "texture": "#texture" },
        "east":  { "uv": [ 8.875, 3.125, 8.89633, 3.25 ], "texture": "#texture" }
    }
},
{
    "__comment": "Metal-Weapon-Hammer-Spear-Grey-color-for-Bandai-_57 x128",
    "from": [ 6.9375, 10.875, 7.4375 ],
    "to": [ 7.0875, 13.125, 8.0375 ],
    "faces": {
        "down":  { "uv": [ 8.875, 7, 9, 6.97867 ], "rotation": 180, "texture": "#texture" },
        "up":    { "uv": [ 8.875, 5.125, 9, 5.14633 ], "rotation": 180, "texture": "#texture" },
        "north": { "uv": [ 8.875, 5.125, 9, 7 ], "texture": "#texture" },
        "south": { "uv": [ 9, 5.125, 8.875, 7 ], "texture": "#texture" },
        "west":  { "uv": [ 9, 5.125, 8.97867, 7 ], "texture": "#texture" },
        "east":  { "uv": [ 8.875, 5.125, 8.89633, 7 ], "texture": "#texture" }
    }
},
{
    "__comment": "Metal-Weapon-Hammer-Spear-Grey-color-for-Bandai-_57 x128",
    "from": [ 6.65, 10.8, 7.4 ],
    "to": [ 6.8, 10.95, 8 ],
    "faces": {
        "down":  { "uv": [ 9, 7, 9.125, 6.97867 ], "rotation": 180, "texture": "#texture" },
        "up":    { "uv": [ 9, 6.875, 9.125, 6.89633 ], "rotation": 180, "texture": "#texture" },
        "north": { "uv": [ 9, 6.875, 9.125, 7 ], "texture": "#texture" },
        "south": { "uv": [ 9.125, 6.875, 9, 7 ], "texture": "#texture" },
        "west":  { "uv": [ 9.125, 6.875, 9.10367, 7 ], "texture": "#texture" },
        "east":  { "uv": [ 9, 6.875, 9.02133, 7 ], "texture": "#texture" }
    }
},
{
    "__comment": "Metal-Weapon-Hammer-Spear-Grey-color-for-Bandai-_57 x128",
    "from": [ 6.5, 8.55, 7.4 ],
    "to": [ 6.65, 8.7, 8 ],
    "faces": {
        "down":  { "uv": [ 9.125, 8.875, 9.25, 8.85367 ], "rotation": 180, "texture": "#texture" },
        "up":    { "uv": [ 9.125, 8.75, 9.25, 8.77133 ], "rotation": 180, "texture": "#texture" },
        "north": { "uv": [ 9.125, 8.75, 9.25, 8.875 ], "texture": "#texture" },
        "south": { "uv": [ 9.25, 8.75, 9.125, 8.875 ], "texture": "#texture" },
        "west":  { "uv": [ 9.25, 8.75, 9.22867, 8.875 ], "texture": "#texture" },
        "east":  { "uv": [ 9.125, 8.75, 9.14633, 8.875 ], "texture": "#texture" }
    }
},
{
    "__comment": "Metal-Weapon-Hammer-Spear-Grey-color-for-Bandai-_57 x128",
    "from": [ 5.6, 10.2, 7.4 ],
    "to": [ 6.05, 10.35, 8 ],
    "faces": {
        "down":  { "uv": [ 9.625, 7.5, 10, 7.47867 ], "rotation": 180, "texture": "#texture" },
        "up":    { "uv": [ 9.625, 7.375, 10, 7.39633 ], "rotation": 180, "texture": "#texture" },
        "north": { "uv": [ 9.625, 7.375, 10, 7.5 ], "texture": "#texture" },
        "south": { "uv": [ 10, 7.375, 9.625, 7.5 ], "texture": "#texture" },
        "west":  { "uv": [ 10, 7.375, 9.97867, 7.5 ], "texture": "#texture" },
        "east":  { "uv": [ 9.625, 7.375, 9.64633, 7.5 ], "texture": "#texture" }
    }
},
{
    "__comment": "Metal-Weapon-Hammer-Spear-Grey-color-for-Bandai-_57 x128",
    "from": [ 5.9, 9.3, 7.4 ],
    "to": [ 6.05, 9.45, 8 ],
    "faces": {
        "down":  { "uv": [ 9.625, 8.25, 9.75, 8.22867 ], "rotation": 180, "texture": "#texture" },
        "up":    { "uv": [ 9.625, 8.125, 9.75, 8.14633 ], "rotation": 180, "texture": "#texture" },
        "north": { "uv": [ 9.625, 8.125, 9.75, 8.25 ], "texture": "#texture" },
        "south": { "uv": [ 9.75, 8.125, 9.625, 8.25 ], "texture": "#texture" },
        "west":  { "uv": [ 9.75, 8.125, 9.72867, 8.25 ], "texture": "#texture" },
        "east":  { "uv": [ 9.625, 8.125, 9.64633, 8.25 ], "texture": "#texture" }
    }
},
{
    "__comment": "Metal-Weapon-Hammer-Spear-Grey-color-for-Bandai-_57 x128",
    "from": [ 7.64, 10.05, 5.3 ],
    "to": [ 8.24, 10.2, 10.1 ],
    "faces": {
        "down":  { "uv": [ 6, 7.625, 10, 7.60367 ], "rotation": 270, "texture": "#texture" },
        "up":    { "uv": [ 6, 7.5, 10, 7.52133 ], "rotation": 90, "texture": "#texture" },
        "north": { "uv": [ 6, 7.5, 6.02133, 7.625 ], "texture": "#texture" },
        "south": { "uv": [ 10, 7.5, 9.97867, 7.625 ], "texture": "#texture" },
        "west":  { "uv": [ 6, 7.5, 10, 7.625 ], "texture": "#texture" },
        "east":  { "uv": [ 10, 7.5, 6, 7.625 ], "texture": "#texture" }
    }
},
{
    "__comment": "Metal-Weapon-Hammer-Spear-Grey-color-for-Bandai-_57 x128",
    "from": [ 7.64, 10.2, 5.45 ],
    "to": [ 8.24, 10.35, 5.6 ],
    "faces": {
        "down":  { "uv": [ 6.125, 7.5, 6.25, 7.47867 ], "rotation": 270, "texture": "#texture" },
        "up":    { "uv": [ 6.125, 7.375, 6.25, 7.39633 ], "rotation": 90, "texture": "#texture" },
        "north": { "uv": [ 6.125, 7.375, 6.14633, 7.5 ], "texture": "#texture" },
        "south": { "uv": [ 6.25, 7.375, 6.22867, 7.5 ], "texture": "#texture" },
        "west":  { "uv": [ 6.125, 7.375, 6.25, 7.5 ], "texture": "#texture" },
        "east":  { "uv": [ 6.25, 7.375, 6.125, 7.5 ], "texture": "#texture" }
    }
},
{
    "__comment": "Metal-Weapon-Hammer-Spear-Grey-color-for-Bandai-_57 x128",
    "from": [ 7.64, 9.75, 5.45 ],
    "to": [ 8.24, 10.05, 9.95 ],
    "faces": {
        "down":  { "uv": [ 6.125, 7.875, 9.875, 7.85367 ], "rotation": 270, "texture": "#texture" },
        "up":    { "uv": [ 6.125, 7.625, 9.875, 7.64633 ], "rotation": 90, "texture": "#texture" },
        "north": { "uv": [ 6.125, 7.625, 6.14633, 7.875 ], "texture": "#texture" },
        "south": { "uv": [ 9.875, 7.625, 9.85367, 7.875 ], "texture": "#texture" },
        "west":  { "uv": [ 6.125, 7.625, 9.875, 7.875 ], "texture": "#texture" },
        "east":  { "uv": [ 9.875, 7.625, 6.125, 7.875 ], "texture": "#texture" }
    }
},
{
    "__comment": "Metal-Weapon-Hammer-Spear-Grey-color-for-Bandai-_57 x128",
    "from": [ 7.64, 9.6, 5.6 ],
    "to": [ 8.24, 9.75, 9.8 ],
    "faces": {
        "down":  { "uv": [ 6.25, 8, 9.75, 7.97867 ], "rotation": 270, "texture": "#texture" },
        "up":    { "uv": [ 6.25, 7.875, 9.75, 7.89633 ], "rotation": 90, "texture": "#texture" },
        "north": { "uv": [ 6.25, 7.875, 6.27133, 8 ], "texture": "#texture" },
        "south": { "uv": [ 9.75, 7.875, 9.72867, 8 ], "texture": "#texture" },
        "west":  { "uv": [ 6.25, 7.875, 9.75, 8 ], "texture": "#texture" },
        "east":  { "uv": [ 9.75, 7.875, 6.25, 8 ], "texture": "#texture" }
    }
},
{
    "__comment": "Metal-Weapon-Hammer-Spear-Grey-color-for-Bandai-_57 x128",
    "from": [ 7.64, 9.45, 5.75 ],
    "to": [ 8.24, 9.6, 9.8 ],
    "faces": {
        "down":  { "uv": [ 6.375, 8.125, 9.75, 8.10367 ], "rotation": 270, "texture": "#texture" },
        "up":    { "uv": [ 6.375, 8, 9.75, 8.02133 ], "rotation": 90, "texture": "#texture" },
        "north": { "uv": [ 6.375, 8, 6.39633, 8.125 ], "texture": "#texture" },
        "south": { "uv": [ 9.75, 8, 9.72867, 8.125 ], "texture": "#texture" },
        "west":  { "uv": [ 6.375, 8, 9.75, 8.125 ], "texture": "#texture" },
        "east":  { "uv": [ 9.75, 8, 6.375, 8.125 ], "texture": "#texture" }
    }
},
{
    "__comment": "Metal-Weapon-Hammer-Spear-Grey-color-for-Bandai-_57 x128",
    "from": [ 7.64, 15.75, 5.9 ],
    "to": [ 8.24, 16.2, 9.35 ],
    "faces": {
        "down":  { "uv": [ 6.5, 2.875, 9.375, 2.85367 ], "rotation": 270, "texture": "#texture" },
        "up":    { "uv": [ 6.5, 2.5, 9.375, 2.52133 ], "rotation": 90, "texture": "#texture" },
        "north": { "uv": [ 6.5, 2.5, 6.52133, 2.875 ], "texture": "#texture" },
        "south": { "uv": [ 9.375, 2.5, 9.35367, 2.875 ], "texture": "#texture" },
        "west":  { "uv": [ 6.5, 2.5, 9.375, 2.875 ], "texture": "#texture" },
        "east":  { "uv": [ 9.375, 2.5, 6.5, 2.875 ], "texture": "#texture" }
    }
},
{
    "__comment": "Metal-Weapon-Hammer-Spear-Grey-color-for-Bandai-_57 x128",
    "from": [ 7.64, 9.15, 5.9 ],
    "to": [ 8.24, 9.45, 9.65 ],
    "faces": {
        "down":  { "uv": [ 6.5, 8.375, 9.625, 8.35367 ], "rotation": 270, "texture": "#texture" },
        "up":    { "uv": [ 6.5, 8.125, 9.625, 8.14633 ], "rotation": 90, "texture": "#texture" },
        "north": { "uv": [ 6.5, 8.125, 6.52133, 8.375 ], "texture": "#texture" },
        "south": { "uv": [ 9.625, 8.125, 9.60367, 8.375 ], "texture": "#texture" },
        "west":  { "uv": [ 6.5, 8.125, 9.625, 8.375 ], "texture": "#texture" },
        "east":  { "uv": [ 9.625, 8.125, 6.5, 8.375 ], "texture": "#texture" }
    }
},
{
    "__comment": "Metal-Weapon-Hammer-Spear-Grey-color-for-Bandai-_57 x128",
    "from": [ 7.64, 16.2, 6.05 ],
    "to": [ 8.24, 16.35, 9.35 ],
    "faces": {
        "down":  { "uv": [ 6.625, 2.5, 9.375, 2.47867 ], "rotation": 270, "texture": "#texture" },
        "up":    { "uv": [ 6.625, 2.375, 9.375, 2.39633 ], "rotation": 90, "texture": "#texture" },
        "north": { "uv": [ 6.625, 2.375, 6.64633, 2.5 ], "texture": "#texture" },
        "south": { "uv": [ 9.375, 2.375, 9.35367, 2.5 ], "texture": "#texture" },
        "west":  { "uv": [ 6.625, 2.375, 9.375, 2.5 ], "texture": "#texture" },
        "east":  { "uv": [ 9.375, 2.375, 6.625, 2.5 ], "texture": "#texture" }
    }
},
{
    "__comment": "Metal-Weapon-Hammer-Spear-Grey-color-for-Bandai-_57 x128",
    "from": [ 7.64, 15.6, 6.05 ],
    "to": [ 8.24, 15.75, 9.2 ],
    "faces": {
        "down":  { "uv": [ 6.625, 3, 9.25, 2.97867 ], "rotation": 270, "texture": "#texture" },
        "up":    { "uv": [ 6.625, 2.875, 9.25, 2.89633 ], "rotation": 90, "texture": "#texture" },
        "north": { "uv": [ 6.625, 2.875, 6.64633, 3 ], "texture": "#texture" },
        "south": { "uv": [ 9.25, 2.875, 9.22867, 3 ], "texture": "#texture" },
        "west":  { "uv": [ 6.625, 2.875, 9.25, 3 ], "texture": "#texture" },
        "east":  { "uv": [ 9.25, 2.875, 6.625, 3 ], "texture": "#texture" }
    }
},
{
    "__comment": "Metal-Weapon-Hammer-Spear-Grey-color-for-Bandai-_57 x128",
    "from": [ 7.64, 9, 6.05 ],
    "to": [ 8.24, 9.15, 9.5 ],
    "faces": {
        "down":  { "uv": [ 6.625, 8.5, 9.5, 8.47867 ], "rotation": 270, "texture": "#texture" },
        "up":    { "uv": [ 6.625, 8.375, 9.5, 8.39633 ], "rotation": 90, "texture": "#texture" },
        "north": { "uv": [ 6.625, 8.375, 6.64633, 8.5 ], "texture": "#texture" },
        "south": { "uv": [ 9.5, 8.375, 9.47867, 8.5 ], "texture": "#texture" },
        "west":  { "uv": [ 6.625, 8.375, 9.5, 8.5 ], "texture": "#texture" },
        "east":  { "uv": [ 9.5, 8.375, 6.625, 8.5 ], "texture": "#texture" }
    }
},
{
    "__comment": "Metal-Weapon-Hammer-Spear-Grey-color-for-Bandai-_57 x128",
    "from": [ 7.64, 15.3, 6.2 ],
    "to": [ 8.24, 15.6, 6.35 ],
    "faces": {
        "down":  { "uv": [ 6.75, 3.25, 6.875, 3.22867 ], "rotation": 270, "texture": "#texture" },
        "up":    { "uv": [ 6.75, 3, 6.875, 3.02133 ], "rotation": 90, "texture": "#texture" },
        "north": { "uv": [ 6.75, 3, 6.77133, 3.25 ], "texture": "#texture" },
        "south": { "uv": [ 6.875, 3, 6.85367, 3.25 ], "texture": "#texture" },
        "west":  { "uv": [ 6.75, 3, 6.875, 3.25 ], "texture": "#texture" },
        "east":  { "uv": [ 6.875, 3, 6.75, 3.25 ], "texture": "#texture" }
    }
},
{
    "__comment": "Metal-Weapon-Hammer-Spear-Grey-color-for-Bandai-_57 x128",
    "from": [ 7.64, 10.2, 6.2 ],
    "to": [ 8.24, 10.35, 9.35 ],
    "faces": {
        "down":  { "uv": [ 6.75, 7.5, 9.375, 7.47867 ], "rotation": 270, "texture": "#texture" },
        "up":    { "uv": [ 6.75, 7.375, 9.375, 7.39633 ], "rotation": 90, "texture": "#texture" },
        "north": { "uv": [ 6.75, 7.375, 6.77133, 7.5 ], "texture": "#texture" },
        "south": { "uv": [ 9.375, 7.375, 9.35367, 7.5 ], "texture": "#texture" },
        "west":  { "uv": [ 6.75, 7.375, 9.375, 7.5 ], "texture": "#texture" },
        "east":  { "uv": [ 9.375, 7.375, 6.75, 7.5 ], "texture": "#texture" }
    }
},
{
    "__comment": "Metal-Weapon-Hammer-Spear-Grey-color-for-Bandai-_57 x128",
    "from": [ 7.64, 8.85, 6.2 ],
    "to": [ 8.24, 9, 9.35 ],
    "faces": {
        "down":  { "uv": [ 6.75, 8.625, 9.375, 8.60367 ], "rotation": 270, "texture": "#texture" },
        "up":    { "uv": [ 6.75, 8.5, 9.375, 8.52133 ], "rotation": 90, "texture": "#texture" },
        "north": { "uv": [ 6.75, 8.5, 6.77133, 8.625 ], "texture": "#texture" },
        "south": { "uv": [ 9.375, 8.5, 9.35367, 8.625 ], "texture": "#texture" },
        "west":  { "uv": [ 6.75, 8.5, 9.375, 8.625 ], "texture": "#texture" },
        "east":  { "uv": [ 9.375, 8.5, 6.75, 8.625 ], "texture": "#texture" }
    }
},
{
    "__comment": "Metal-Weapon-Hammer-Spear-Grey-color-for-Bandai-_57 x128",
    "from": [ 7.64, 15.45, 6.35 ],
    "to": [ 8.24, 15.6, 9.05 ],
    "faces": {
        "down":  { "uv": [ 6.875, 3.125, 9.125, 3.10367 ], "rotation": 270, "texture": "#texture" },
        "up":    { "uv": [ 6.875, 3, 9.125, 3.02133 ], "rotation": 90, "texture": "#texture" },
        "north": { "uv": [ 6.875, 3, 6.89633, 3.125 ], "texture": "#texture" },
        "south": { "uv": [ 9.125, 3, 9.10367, 3.125 ], "texture": "#texture" },
        "west":  { "uv": [ 6.875, 3, 9.125, 3.125 ], "texture": "#texture" },
        "east":  { "uv": [ 9.125, 3, 6.875, 3.125 ], "texture": "#texture" }
    }
},
{
    "__comment": "Metal-Weapon-Hammer-Spear-Grey-color-for-Bandai-_57 x128",
    "from": [ 7.64, 10.35, 6.35 ],
    "to": [ 8.24, 10.5, 9.2 ],
    "faces": {
        "down":  { "uv": [ 6.875, 7.375, 9.25, 7.35367 ], "rotation": 270, "texture": "#texture" },
        "up":    { "uv": [ 6.875, 7.25, 9.25, 7.27133 ], "rotation": 90, "texture": "#texture" },
        "north": { "uv": [ 6.875, 7.25, 6.89633, 7.375 ], "texture": "#texture" },
        "south": { "uv": [ 9.25, 7.25, 9.22867, 7.375 ], "texture": "#texture" },
        "west":  { "uv": [ 6.875, 7.25, 9.25, 7.375 ], "texture": "#texture" },
        "east":  { "uv": [ 9.25, 7.25, 6.875, 7.375 ], "texture": "#texture" }
    }
},
{
    "__comment": "Metal-Weapon-Hammer-Spear-Grey-color-for-Bandai-_57 x128",
    "from": [ 7.64, 8.7, 6.35 ],
    "to": [ 8.24, 8.85, 9.35 ],
    "faces": {
        "down":  { "uv": [ 6.875, 8.75, 9.375, 8.72867 ], "rotation": 270, "texture": "#texture" },
        "up":    { "uv": [ 6.875, 8.625, 9.375, 8.64633 ], "rotation": 90, "texture": "#texture" },
        "north": { "uv": [ 6.875, 8.625, 6.89633, 8.75 ], "texture": "#texture" },
        "south": { "uv": [ 9.375, 8.625, 9.35367, 8.75 ], "texture": "#texture" },
        "west":  { "uv": [ 6.875, 8.625, 9.375, 8.75 ], "texture": "#texture" },
        "east":  { "uv": [ 9.375, 8.625, 6.875, 8.75 ], "texture": "#texture" }
    }
},
{
    "__comment": "Metal-Weapon-Hammer-Spear-Grey-color-for-Bandai-_57 x128",
    "from": [ 7.64, 16.35, 6.5 ],
    "to": [ 8.24, 16.5, 9.05 ],
    "faces": {
        "down":  { "uv": [ 7, 2.375, 9.125, 2.35367 ], "rotation": 270, "texture": "#texture" },
        "up":    { "uv": [ 7, 2.25, 9.125, 2.27133 ], "rotation": 90, "texture": "#texture" },
        "north": { "uv": [ 7, 2.25, 7.02133, 2.375 ], "texture": "#texture" },
        "south": { "uv": [ 9.125, 2.25, 9.10367, 2.375 ], "texture": "#texture" },
        "west":  { "uv": [ 7, 2.25, 9.125, 2.375 ], "texture": "#texture" },
        "east":  { "uv": [ 9.125, 2.25, 7, 2.375 ], "texture": "#texture" }
    }
},
{
    "__comment": "Metal-Weapon-Hammer-Spear-Grey-color-for-Bandai-_57 x128",
    "from": [ 7.64, 15.15, 6.5 ],
    "to": [ 8.24, 15.45, 8.75 ],
    "faces": {
        "down":  { "uv": [ 7, 3.375, 8.875, 3.35367 ], "rotation": 270, "texture": "#texture" },
        "up":    { "uv": [ 7, 3.125, 8.875, 3.14633 ], "rotation": 90, "texture": "#texture" },
        "north": { "uv": [ 7, 3.125, 7.02133, 3.375 ], "texture": "#texture" },
        "south": { "uv": [ 8.875, 3.125, 8.85367, 3.375 ], "texture": "#texture" },
        "west":  { "uv": [ 7, 3.125, 8.875, 3.375 ], "texture": "#texture" },
        "east":  { "uv": [ 8.875, 3.125, 7, 3.375 ], "texture": "#texture" }
    }
},
{
    "__comment": "Metal-Weapon-Hammer-Spear-Grey-color-for-Bandai-_57 x128",
    "from": [ 7.64, 14.55, 6.5 ],
    "to": [ 8.24, 14.7, 8.75 ],
    "faces": {
        "down":  { "uv": [ 7, 3.875, 8.875, 3.85367 ], "rotation": 270, "texture": "#texture" },
        "up":    { "uv": [ 7, 3.75, 8.875, 3.77133 ], "rotation": 90, "texture": "#texture" },
        "north": { "uv": [ 7, 3.75, 7.02133, 3.875 ], "texture": "#texture" },
        "south": { "uv": [ 8.875, 3.75, 8.85367, 3.875 ], "texture": "#texture" },
        "west":  { "uv": [ 7, 3.75, 8.875, 3.875 ], "texture": "#texture" },
        "east":  { "uv": [ 8.875, 3.75, 7, 3.875 ], "texture": "#texture" }
    }
},
{
    "__comment": "Metal-Weapon-Hammer-Spear-Grey-color-for-Bandai-_57 x128",
    "from": [ 7.64, 10.5, 6.5 ],
    "to": [ 8.24, 10.8, 9.05 ],
    "faces": {
        "down":  { "uv": [ 7, 7.25, 9.125, 7.22867 ], "rotation": 270, "texture": "#texture" },
        "up":    { "uv": [ 7, 7, 9.125, 7.02133 ], "rotation": 90, "texture": "#texture" },
        "north": { "uv": [ 7, 7, 7.02133, 7.25 ], "texture": "#texture" },
        "south": { "uv": [ 9.125, 7, 9.10367, 7.25 ], "texture": "#texture" },
        "west":  { "uv": [ 7, 7, 9.125, 7.25 ], "texture": "#texture" },
        "east":  { "uv": [ 9.125, 7, 7, 7.25 ], "texture": "#texture" }
    }
},
{
    "__comment": "Metal-Weapon-Hammer-Spear-Grey-color-for-Bandai-_57 x128",
    "from": [ 7.64, 8.4, 6.5 ],
    "to": [ 8.24, 8.7, 9.05 ],
    "faces": {
        "down":  { "uv": [ 7, 9, 9.125, 8.97867 ], "rotation": 270, "texture": "#texture" },
        "up":    { "uv": [ 7, 8.75, 9.125, 8.77133 ], "rotation": 90, "texture": "#texture" },
        "north": { "uv": [ 7, 8.75, 7.02133, 9 ], "texture": "#texture" },
        "south": { "uv": [ 9.125, 8.75, 9.10367, 9 ], "texture": "#texture" },
        "west":  { "uv": [ 7, 8.75, 9.125, 9 ], "texture": "#texture" },
        "east":  { "uv": [ 9.125, 8.75, 7, 9 ], "texture": "#texture" }
    }
},
{
    "__comment": "Metal-Weapon-Hammer-Spear-Grey-color-for-Bandai-_57 x128",
    "from": [ 7.64, 16.5, 6.65 ],
    "to": [ 8.24, 16.65, 8.6 ],
    "faces": {
        "down":  { "uv": [ 7.125, 2.25, 8.75, 2.22867 ], "rotation": 270, "texture": "#texture" },
        "up":    { "uv": [ 7.125, 2.125, 8.75, 2.14633 ], "rotation": 90, "texture": "#texture" },
        "north": { "uv": [ 7.125, 2.125, 7.14633, 2.25 ], "texture": "#texture" },
        "south": { "uv": [ 8.75, 2.125, 8.72867, 2.25 ], "texture": "#texture" },
        "west":  { "uv": [ 7.125, 2.125, 8.75, 2.25 ], "texture": "#texture" },
        "east":  { "uv": [ 8.75, 2.125, 7.125, 2.25 ], "texture": "#texture" }
    }
},
{
    "__comment": "Metal-Weapon-Hammer-Spear-Grey-color-for-Bandai-_57 x128",
    "from": [ 7.64, 14.7, 6.65 ],
    "to": [ 8.24, 15.15, 8.75 ],
    "faces": {
        "down":  { "uv": [ 7.125, 3.75, 8.875, 3.72867 ], "rotation": 270, "texture": "#texture" },
        "up":    { "uv": [ 7.125, 3.375, 8.875, 3.39633 ], "rotation": 90, "texture": "#texture" },
        "north": { "uv": [ 7.125, 3.375, 7.14633, 3.75 ], "texture": "#texture" },
        "south": { "uv": [ 8.875, 3.375, 8.85367, 3.75 ], "texture": "#texture" },
        "west":  { "uv": [ 7.125, 3.375, 8.875, 3.75 ], "texture": "#texture" },
        "east":  { "uv": [ 8.875, 3.375, 7.125, 3.75 ], "texture": "#texture" }
    }
},
{
    "__comment": "Metal-Weapon-Hammer-Spear-Grey-color-for-Bandai-_57 x128",
    "from": [ 7.64, 10.8, 6.65 ],
    "to": [ 8.24, 14.55, 8.75 ],
    "faces": {
        "down":  { "uv": [ 7.125, 7, 8.875, 6.97867 ], "rotation": 270, "texture": "#texture" },
        "up":    { "uv": [ 7.125, 3.875, 8.875, 3.89633 ], "rotation": 90, "texture": "#texture" },
        "north": { "uv": [ 7.125, 3.875, 7.14633, 7 ], "texture": "#texture" },
        "south": { "uv": [ 8.875, 3.875, 8.85367, 7 ], "texture": "#texture" },
        "west":  { "uv": [ 7.125, 3.875, 8.875, 7 ], "texture": "#texture" },
        "east":  { "uv": [ 8.875, 3.875, 7.125, 7 ], "texture": "#texture" }
    }
},
{
    "__comment": "Metal-Weapon-Hammer-Spear-Grey-color-for-Bandai-_57 x128",
    "from": [ 7.64, 8.25, 6.65 ],
    "to": [ 8.24, 8.4, 9.05 ],
    "faces": {
        "down":  { "uv": [ 7.125, 9.125, 9.125, 9.10367 ], "rotation": 270, "texture": "#texture" },
        "up":    { "uv": [ 7.125, 9, 9.125, 9.02133 ], "rotation": 90, "texture": "#texture" },
        "north": { "uv": [ 7.125, 9, 7.14633, 9.125 ], "texture": "#texture" },
        "south": { "uv": [ 9.125, 9, 9.10367, 9.125 ], "texture": "#texture" },
        "west":  { "uv": [ 7.125, 9, 9.125, 9.125 ], "texture": "#texture" },
        "east":  { "uv": [ 9.125, 9, 7.125, 9.125 ], "texture": "#texture" }
    }
},
{
    "__comment": "Metal-Weapon-Hammer-Spear-Grey-color-for-Bandai-_57 x128",
    "from": [ 7.64, 16.65, 6.8 ],
    "to": [ 8.24, 17.4, 8.45 ],
    "faces": {
        "down":  { "uv": [ 7.25, 2.125, 8.625, 2.10367 ], "rotation": 270, "texture": "#texture" },
        "up":    { "uv": [ 7.25, 1.5, 8.625, 1.52133 ], "rotation": 90, "texture": "#texture" },
        "north": { "uv": [ 7.25, 1.5, 7.27133, 2.125 ], "texture": "#texture" },
        "south": { "uv": [ 8.625, 1.5, 8.60367, 2.125 ], "texture": "#texture" },
        "west":  { "uv": [ 7.25, 1.5, 8.625, 2.125 ], "texture": "#texture" },
        "east":  { "uv": [ 8.625, 1.5, 7.25, 2.125 ], "texture": "#texture" }
    }
},
{
    "__comment": "Metal-Weapon-Hammer-Spear-Grey-color-for-Bandai-_57 x128",
    "from": [ 7.64, 8.1, 6.8 ],
    "to": [ 8.24, 8.25, 8.9 ],
    "faces": {
        "down":  { "uv": [ 7.25, 9.25, 9, 9.22867 ], "rotation": 270, "texture": "#texture" },
        "up":    { "uv": [ 7.25, 9.125, 9, 9.14633 ], "rotation": 90, "texture": "#texture" },
        "north": { "uv": [ 7.25, 9.125, 7.27133, 9.25 ], "texture": "#texture" },
        "south": { "uv": [ 9, 9.125, 8.97867, 9.25 ], "texture": "#texture" },
        "west":  { "uv": [ 7.25, 9.125, 9, 9.25 ], "texture": "#texture" },
        "east":  { "uv": [ 9, 9.125, 7.25, 9.25 ], "texture": "#texture" }
    }
},
{
    "__comment": "Metal-Weapon-Hammer-Spear-Grey-color-for-Bandai-_57 x128",
    "from": [ 7.64, 17.4, 6.95 ],
    "to": [ 8.24, 17.85, 7.1 ],
    "faces": {
        "down":  { "uv": [ 7.375, 1.5, 7.5, 1.47867 ], "rotation": 270, "texture": "#texture" },
        "up":    { "uv": [ 7.375, 1.125, 7.5, 1.14633 ], "rotation": 90, "texture": "#texture" },
        "north": { "uv": [ 7.375, 1.125, 7.39633, 1.5 ], "texture": "#texture" },
        "south": { "uv": [ 7.5, 1.125, 7.47867, 1.5 ], "texture": "#texture" },
        "west":  { "uv": [ 7.375, 1.125, 7.5, 1.5 ], "texture": "#texture" },
        "east":  { "uv": [ 7.5, 1.125, 7.375, 1.5 ], "texture": "#texture" }
    }
},
{
    "__comment": "Metal-Weapon-Hammer-Spear-Grey-color-for-Bandai-_57 x128",
    "from": [ 7.64, 7.95, 6.95 ],
    "to": [ 8.24, 8.1, 8.75 ],
    "faces": {
        "down":  { "uv": [ 7.375, 9.375, 8.875, 9.35367 ], "rotation": 270, "texture": "#texture" },
        "up":    { "uv": [ 7.375, 9.25, 8.875, 9.27133 ], "rotation": 90, "texture": "#texture" },
        "north": { "uv": [ 7.375, 9.25, 7.39633, 9.375 ], "texture": "#texture" },
        "south": { "uv": [ 8.875, 9.25, 8.85367, 9.375 ], "texture": "#texture" },
        "west":  { "uv": [ 7.375, 9.25, 8.875, 9.375 ], "texture": "#texture" },
        "east":  { "uv": [ 8.875, 9.25, 7.375, 9.375 ], "texture": "#texture" }
    }
},
{
    "__comment": "Metal-Weapon-Hammer-Spear-Grey-color-for-Bandai-_57 x128",
    "from": [ 7.64, 17.4, 7.1 ],
    "to": [ 8.24, 17.7, 7.25 ],
    "faces": {
        "down":  { "uv": [ 7.5, 1.5, 7.625, 1.47867 ], "rotation": 270, "texture": "#texture" },
        "up":    { "uv": [ 7.5, 1.25, 7.625, 1.27133 ], "rotation": 90, "texture": "#texture" },
        "north": { "uv": [ 7.5, 1.25, 7.52133, 1.5 ], "texture": "#texture" },
        "south": { "uv": [ 7.625, 1.25, 7.60367, 1.5 ], "texture": "#texture" },
        "west":  { "uv": [ 7.5, 1.25, 7.625, 1.5 ], "texture": "#texture" },
        "east":  { "uv": [ 7.625, 1.25, 7.5, 1.5 ], "texture": "#texture" }
    }
},
{
    "__comment": "Metal-Weapon-Hammer-Spear-Grey-color-for-Bandai-_57 x128",
    "from": [ 7.64, 7.8, 7.1 ],
    "to": [ 8.24, 7.95, 8.6 ],
    "faces": {
        "down":  { "uv": [ 7.5, 9.5, 8.75, 9.47867 ], "rotation": 270, "texture": "#texture" },
        "up":    { "uv": [ 7.5, 9.375, 8.75, 9.39633 ], "rotation": 90, "texture": "#texture" },
        "north": { "uv": [ 7.5, 9.375, 7.52133, 9.5 ], "texture": "#texture" },
        "south": { "uv": [ 8.75, 9.375, 8.72867, 9.5 ], "texture": "#texture" },
        "west":  { "uv": [ 7.5, 9.375, 8.75, 9.5 ], "texture": "#texture" },
        "east":  { "uv": [ 8.75, 9.375, 7.5, 9.5 ], "texture": "#texture" }
    }
},
{
    "__comment": "Metal-Weapon-Hammer-Spear-Grey-color-for-Bandai-_57 x128",
    "from": [ 7.64, 17.4, 7.25 ],
    "to": [ 8.24, 17.55, 8.45 ],
    "faces": {
        "down":  { "uv": [ 7.625, 1.5, 8.625, 1.47867 ], "rotation": 270, "texture": "#texture" },
        "up":    { "uv": [ 7.625, 1.375, 8.625, 1.39633 ], "rotation": 90, "texture": "#texture" },
        "north": { "uv": [ 7.625, 1.375, 7.64633, 1.5 ], "texture": "#texture" },
        "south": { "uv": [ 8.625, 1.375, 8.60367, 1.5 ], "texture": "#texture" },
        "west":  { "uv": [ 7.625, 1.375, 8.625, 1.5 ], "texture": "#texture" },
        "east":  { "uv": [ 8.625, 1.375, 7.625, 1.5 ], "texture": "#texture" }
    }
},
{
    "__comment": "Metal-Weapon-Hammer-Spear-Grey-color-for-Bandai-_57 x128",
    "from": [ 7.64, 7.65, 7.25 ],
    "to": [ 8.24, 7.8, 8.6 ],
    "faces": {
        "down":  { "uv": [ 7.625, 9.625, 8.75, 9.60367 ], "rotation": 270, "texture": "#texture" },
        "up":    { "uv": [ 7.625, 9.5, 8.75, 9.52133 ], "rotation": 90, "texture": "#texture" },
        "north": { "uv": [ 7.625, 9.5, 7.64633, 9.625 ], "texture": "#texture" },
        "south": { "uv": [ 8.75, 9.5, 8.72867, 9.625 ], "texture": "#texture" },
        "west":  { "uv": [ 7.625, 9.5, 8.75, 9.625 ], "texture": "#texture" },
        "east":  { "uv": [ 8.75, 9.5, 7.625, 9.625 ], "texture": "#texture" }
    }
},
{
    "__comment": "Metal-Weapon-Hammer-Spear-Grey-color-for-Bandai-_57 x128",
    "from": [ 7.64, 17.55, 7.4 ],
    "to": [ 8.24, 17.85, 7.85 ],
    "faces": {
        "down":  { "uv": [ 7.75, 1.375, 8.125, 1.35367 ], "rotation": 270, "texture": "#texture" },
        "up":    { "uv": [ 7.75, 1.125, 8.125, 1.14633 ], "rotation": 90, "texture": "#texture" },
        "north": { "uv": [ 7.75, 1.125, 7.77133, 1.375 ], "texture": "#texture" },
        "south": { "uv": [ 8.125, 1.125, 8.10367, 1.375 ], "texture": "#texture" },
        "west":  { "uv": [ 7.75, 1.125, 8.125, 1.375 ], "texture": "#texture" },
        "east":  { "uv": [ 8.125, 1.125, 7.75, 1.375 ], "texture": "#texture" }
    }
},
{
    "__comment": "Metal-Weapon-Hammer-Spear-Grey-color-for-Bandai-_57 x128",
    "from": [ 7.64, 7.35, 7.4 ],
    "to": [ 8.24, 7.65, 8.3 ],
    "faces": {
        "down":  { "uv": [ 7.75, 9.875, 8.5, 9.85367 ], "rotation": 270, "texture": "#texture" },
        "up":    { "uv": [ 7.75, 9.625, 8.5, 9.64633 ], "rotation": 90, "texture": "#texture" },
        "north": { "uv": [ 7.75, 9.625, 7.77133, 9.875 ], "texture": "#texture" },
        "south": { "uv": [ 8.5, 9.625, 8.47867, 9.875 ], "texture": "#texture" },
        "west":  { "uv": [ 7.75, 9.625, 8.5, 9.875 ], "texture": "#texture" },
        "east":  { "uv": [ 8.5, 9.625, 7.75, 9.875 ], "texture": "#texture" }
    }
},
{
    "__comment": "Metal-Weapon-Hammer-Spear-Grey-color-for-Bandai-_57 x128",
    "from": [ 7.4375, 6, 7.125 ],
    "to": [ 8.5625, 7.0625, 8.375 ],
    "faces": {
        "down":  { "uv": [ 7.75, 10.625, 8.375, 10.6037 ], "rotation": 270, "texture": "#texture" },
        "up":    { "uv": [ 7.75, 10, 8.375, 10.0213 ], "rotation": 90, "texture": "#texture" },
        "north": { "uv": [ 7.75, 10, 7.77133, 10.625 ], "texture": "#texture" },
        "south": { "uv": [ 8.375, 10, 8.35367, 10.625 ], "texture": "#texture" },
        "west":  { "uv": [ 7.75, 10, 8.375, 10.625 ], "texture": "#texture" },
        "east":  { "uv": [ 8.375, 10, 7.75, 10.625 ], "texture": "#texture" }
    }
},
{
    "__comment": "Metal-Weapon-Hammer-Spear-Grey-color-for-Bandai-_57 x128",
    "from": [ 7.64, 0, 7.4 ],
    "to": [ 8.24, 4.8, 8 ],
    "faces": {
        "down":  { "uv": [ 7.75, 16, 8.25, 15.9787 ], "rotation": 270, "texture": "#texture" },
        "up":    { "uv": [ 7.75, 12, 8.25, 12.0213 ], "rotation": 90, "texture": "#texture" },
        "north": { "uv": [ 7.75, 12, 7.77133, 16 ], "texture": "#texture" },
        "south": { "uv": [ 8.25, 12, 8.22867, 16 ], "texture": "#texture" },
        "west":  { "uv": [ 7.75, 12, 8.25, 16 ], "texture": "#texture" },
        "east":  { "uv": [ 8.25, 12, 7.75, 16 ], "texture": "#texture" }
    }
},
{
    "__comment": "Metal-Weapon-Hammer-Spear-Grey-color-for-Bandai-_57 x128",
    "from": [ 7.64, 17.85, 7.55 ],
    "to": [ 8.24, 18.15, 7.7 ],
    "faces": {
        "down":  { "uv": [ 7.875, 1.125, 8, 1.10367 ], "rotation": 270, "texture": "#texture" },
        "up":    { "uv": [ 7.875, 0.875, 8, 0.896333 ], "rotation": 90, "texture": "#texture" },
        "north": { "uv": [ 7.875, 0.875, 7.89633, 1.125 ], "texture": "#texture" },
        "south": { "uv": [ 8, 0.875, 7.97867, 1.125 ], "texture": "#texture" },
        "west":  { "uv": [ 7.875, 0.875, 8, 1.125 ], "texture": "#texture" },
        "east":  { "uv": [ 8, 0.875, 7.875, 1.125 ], "texture": "#texture" }
    }
},
{
    "__comment": "Metal-Weapon-Hammer-Spear-Grey-color-for-Bandai-_57 x128",
    "from": [ 7.64, 7.2, 7.55 ],
    "to": [ 8.24, 7.35, 8.15 ],
    "faces": {
        "down":  { "uv": [ 7.875, 10, 8.375, 9.97867 ], "rotation": 270, "texture": "#texture" },
        "up":    { "uv": [ 7.875, 9.875, 8.375, 9.89633 ], "rotation": 90, "texture": "#texture" },
        "north": { "uv": [ 7.875, 9.875, 7.89633, 10 ], "texture": "#texture" },
        "south": { "uv": [ 8.375, 9.875, 8.35367, 10 ], "texture": "#texture" },
        "west":  { "uv": [ 7.875, 9.875, 8.375, 10 ], "texture": "#texture" },
        "east":  { "uv": [ 8.375, 9.875, 7.875, 10 ], "texture": "#texture" }
    }
},
{
    "__comment": "Metal-Weapon-Hammer-Spear-Grey-color-for-Bandai-_57 x128",
    "from": [ 7.64, 4.8, 7.55 ],
    "to": [ 8.24, 6.45, 8 ],
    "faces": {
        "down":  { "uv": [ 7.875, 12, 8.25, 11.9787 ], "rotation": 270, "texture": "#texture" },
        "up":    { "uv": [ 7.875, 10.625, 8.25, 10.6463 ], "rotation": 90, "texture": "#texture" },
        "north": { "uv": [ 7.875, 10.625, 7.89633, 12 ], "texture": "#texture" },
        "south": { "uv": [ 8.25, 10.625, 8.22867, 12 ], "texture": "#texture" },
        "west":  { "uv": [ 7.875, 10.625, 8.25, 12 ], "texture": "#texture" },
        "east":  { "uv": [ 8.25, 10.625, 7.875, 12 ], "texture": "#texture" }
    }
},
{
    "__comment": "Metal-Weapon-Hammer-Spear-Grey-color-for-Bandai-_57 x128",
    "from": [ 7.64, 17.85, 7.7 ],
    "to": [ 8.24, 18, 7.85 ],
    "faces": {
        "down":  { "uv": [ 8, 1.125, 8.125, 1.10367 ], "rotation": 270, "texture": "#texture" },
        "up":    { "uv": [ 8, 1, 8.125, 1.02133 ], "rotation": 90, "texture": "#texture" },
        "north": { "uv": [ 8, 1, 8.02133, 1.125 ], "texture": "#texture" },
        "south": { "uv": [ 8.125, 1, 8.10367, 1.125 ], "texture": "#texture" },
        "west":  { "uv": [ 8, 1, 8.125, 1.125 ], "texture": "#texture" },
        "east":  { "uv": [ 8.125, 1, 8, 1.125 ], "texture": "#texture" }
    }
},
{
    "__comment": "Metal-Weapon-Hammer-Spear-Grey-color-for-Bandai-_57 x128",
    "from": [ 7.64, 6.3, 8 ],
    "to": [ 8.24, 6.45, 8.15 ],
    "faces": {
        "down":  { "uv": [ 8.25, 10.75, 8.375, 10.7287 ], "rotation": 270, "texture": "#texture" },
        "up":    { "uv": [ 8.25, 10.625, 8.375, 10.6463 ], "rotation": 90, "texture": "#texture" },
        "north": { "uv": [ 8.25, 10.625, 8.27133, 10.75 ], "texture": "#texture" },
        "south": { "uv": [ 8.375, 10.625, 8.35367, 10.75 ], "texture": "#texture" },
        "west":  { "uv": [ 8.25, 10.625, 8.375, 10.75 ], "texture": "#texture" },
        "east":  { "uv": [ 8.375, 10.625, 8.25, 10.75 ], "texture": "#texture" }
    }
},
{
    "__comment": "Metal-Weapon-Hammer-Spear-Grey-color-for-Bandai-_57 x128",
    "from": [ 7.64, 4.3625, 8 ],
    "to": [ 8.4525, 4.8, 8.15 ],
    "faces": {
        "down":  { "uv": [ 8.25, 12.375, 8.375, 12.3537 ], "rotation": 270, "texture": "#texture" },
        "up":    { "uv": [ 8.25, 12, 8.375, 12.0213 ], "rotation": 90, "texture": "#texture" },
        "north": { "uv": [ 8.25, 12, 8.27133, 12.375 ], "texture": "#texture" },
        "south": { "uv": [ 8.375, 12, 8.35367, 12.375 ], "texture": "#texture" },
        "west":  { "uv": [ 8.25, 12, 8.375, 12.375 ], "texture": "#texture" },
        "east":  { "uv": [ 8.375, 12, 8.25, 12.375 ], "texture": "#texture" }
    }
},
{
    "__comment": "Metal-Weapon-Hammer-Spear-Grey-color-for-Bandai-_57 x128",
    "from": [ 7.64, 17.55, 8.15 ],
    "to": [ 8.24, 17.85, 8.3 ],
    "faces": {
        "down":  { "uv": [ 8.375, 1.375, 8.5, 1.35367 ], "rotation": 270, "texture": "#texture" },
        "up":    { "uv": [ 8.375, 1.125, 8.5, 1.14633 ], "rotation": 90, "texture": "#texture" },
        "north": { "uv": [ 8.375, 1.125, 8.39633, 1.375 ], "texture": "#texture" },
        "south": { "uv": [ 8.5, 1.125, 8.47867, 1.375 ], "texture": "#texture" },
        "west":  { "uv": [ 8.375, 1.125, 8.5, 1.375 ], "texture": "#texture" },
        "east":  { "uv": [ 8.5, 1.125, 8.375, 1.375 ], "texture": "#texture" }
    }
},
{
    "__comment": "Metal-Weapon-Hammer-Spear-Grey-color-for-Bandai-_57 x128",
    "from": [ 7.64, 7.5, 8.3 ],
    "to": [ 8.24, 7.65, 8.45 ],
    "faces": {
        "down":  { "uv": [ 8.5, 9.75, 8.625, 9.72867 ], "rotation": 270, "texture": "#texture" },
        "up":    { "uv": [ 8.5, 9.625, 8.625, 9.64633 ], "rotation": 90, "texture": "#texture" },
        "north": { "uv": [ 8.5, 9.625, 8.52133, 9.75 ], "texture": "#texture" },
        "south": { "uv": [ 8.625, 9.625, 8.60367, 9.75 ], "texture": "#texture" },
        "west":  { "uv": [ 8.5, 9.625, 8.625, 9.75 ], "texture": "#texture" },
        "east":  { "uv": [ 8.625, 9.625, 8.5, 9.75 ], "texture": "#texture" }
    }
},
{
    "__comment": "Metal-Weapon-Hammer-Spear-Grey-color-for-Bandai-_57 x128",
    "from": [ 7.64, 16.65, 8.45 ],
    "to": [ 8.24, 16.95, 8.6 ],
    "faces": {
        "down":  { "uv": [ 8.625, 2.125, 8.75, 2.10367 ], "rotation": 270, "texture": "#texture" },
        "up":    { "uv": [ 8.625, 1.875, 8.75, 1.89633 ], "rotation": 90, "texture": "#texture" },
        "north": { "uv": [ 8.625, 1.875, 8.64633, 2.125 ], "texture": "#texture" },
        "south": { "uv": [ 8.75, 1.875, 8.72867, 2.125 ], "texture": "#texture" },
        "west":  { "uv": [ 8.625, 1.875, 8.75, 2.125 ], "texture": "#texture" },
        "east":  { "uv": [ 8.75, 1.875, 8.625, 2.125 ], "texture": "#texture" }
    }
},
{
    "__comment": "Metal-Weapon-Hammer-Spear-Grey-color-for-Bandai-_57 x128",
    "from": [ 7.64, 15.3, 8.75 ],
    "to": [ 8.24, 15.45, 9.05 ],
    "faces": {
        "down":  { "uv": [ 8.875, 3.25, 9.125, 3.22867 ], "rotation": 270, "texture": "#texture" },
        "up":    { "uv": [ 8.875, 3.125, 9.125, 3.14633 ], "rotation": 90, "texture": "#texture" },
        "north": { "uv": [ 8.875, 3.125, 8.89633, 3.25 ], "texture": "#texture" },
        "south": { "uv": [ 9.125, 3.125, 9.10367, 3.25 ], "texture": "#texture" },
        "west":  { "uv": [ 8.875, 3.125, 9.125, 3.25 ], "texture": "#texture" },
        "east":  { "uv": [ 9.125, 3.125, 8.875, 3.25 ], "texture": "#texture" }
    }
},
{
    "__comment": "Metal-Weapon-Hammer-Spear-Grey-color-for-Bandai-_57 x128",
    "from": [ 7.64, 10.8, 8.75 ],
    "to": [ 8.24, 13.05, 8.9 ],
    "faces": {
        "down":  { "uv": [ 8.875, 7, 9, 6.97867 ], "rotation": 270, "texture": "#texture" },
        "up":    { "uv": [ 8.875, 5.125, 9, 5.14633 ], "rotation": 90, "texture": "#texture" },
        "north": { "uv": [ 8.875, 5.125, 8.89633, 7 ], "texture": "#texture" },
        "south": { "uv": [ 9, 5.125, 8.97867, 7 ], "texture": "#texture" },
        "west":  { "uv": [ 8.875, 5.125, 9, 7 ], "texture": "#texture" },
        "east":  { "uv": [ 9, 5.125, 8.875, 7 ], "texture": "#texture" }
    }
},
{
    "__comment": "Metal-Weapon-Hammer-Spear-Grey-color-for-Bandai-_57 x128",
    "from": [ 7.64, 10.8, 8.9 ],
    "to": [ 8.24, 10.95, 9.05 ],
    "faces": {
        "down":  { "uv": [ 9, 7, 9.125, 6.97867 ], "rotation": 270, "texture": "#texture" },
        "up":    { "uv": [ 9, 6.875, 9.125, 6.89633 ], "rotation": 90, "texture": "#texture" },
        "north": { "uv": [ 9, 6.875, 9.02133, 7 ], "texture": "#texture" },
        "south": { "uv": [ 9.125, 6.875, 9.10367, 7 ], "texture": "#texture" },
        "west":  { "uv": [ 9, 6.875, 9.125, 7 ], "texture": "#texture" },
        "east":  { "uv": [ 9.125, 6.875, 9, 7 ], "texture": "#texture" }
    }
},
{
    "__comment": "Metal-Weapon-Hammer-Spear-Grey-color-for-Bandai-_57 x128",
    "from": [ 7.64, 8.55, 9.05 ],
    "to": [ 8.24, 8.7, 9.2 ],
    "faces": {
        "down":  { "uv": [ 9.125, 8.875, 9.25, 8.85367 ], "rotation": 270, "texture": "#texture" },
        "up":    { "uv": [ 9.125, 8.75, 9.25, 8.77133 ], "rotation": 90, "texture": "#texture" },
        "north": { "uv": [ 9.125, 8.75, 9.14633, 8.875 ], "texture": "#texture" },
        "south": { "uv": [ 9.25, 8.75, 9.22867, 8.875 ], "texture": "#texture" },
        "west":  { "uv": [ 9.125, 8.75, 9.25, 8.875 ], "texture": "#texture" },
        "east":  { "uv": [ 9.25, 8.75, 9.125, 8.875 ], "texture": "#texture" }
    }
},
{
    "__comment": "Metal-Weapon-Hammer-Spear-Grey-color-for-Bandai-_57 x128",
    "from": [ 7.64, 10.2, 9.65 ],
    "to": [ 8.24, 10.35, 10.1 ],
    "faces": {
        "down":  { "uv": [ 9.625, 7.5, 10, 7.47867 ], "rotation": 270, "texture": "#texture" },
        "up":    { "uv": [ 9.625, 7.375, 10, 7.39633 ], "rotation": 90, "texture": "#texture" },
        "north": { "uv": [ 9.625, 7.375, 9.64633, 7.5 ], "texture": "#texture" },
        "south": { "uv": [ 10, 7.375, 9.97867, 7.5 ], "texture": "#texture" },
        "west":  { "uv": [ 9.625, 7.375, 10, 7.5 ], "texture": "#texture" },
        "east":  { "uv": [ 10, 7.375, 9.625, 7.5 ], "texture": "#texture" }
    }
},
{
    "__comment": "Metal-Weapon-Hammer-Spear-Grey-color-for-Bandai-_57 x128",
    "from": [ 7.64, 9.3, 9.65 ],
    "to": [ 8.24, 9.45, 9.8 ],
    "faces": {
        "down":  { "uv": [ 9.625, 8.25, 9.75, 8.22867 ], "rotation": 270, "texture": "#texture" },
        "up":    { "uv": [ 9.625, 8.125, 9.75, 8.14633 ], "rotation": 90, "texture": "#texture" },
        "north": { "uv": [ 9.625, 8.125, 9.64633, 8.25 ], "texture": "#texture" },
        "south": { "uv": [ 9.75, 8.125, 9.72867, 8.25 ], "texture": "#texture" },
        "west":  { "uv": [ 9.625, 8.125, 9.75, 8.25 ], "texture": "#texture" },
        "east":  { "uv": [ 9.75, 8.125, 9.625, 8.25 ], "texture": "#texture" }
    }
}
],
"display": {
    "thirdperson_righthand": {
        "rotation": [ 0, 0, 0 ],
        "translation": [ 0, 3.97, 2.46 ],
        "scale": [ 2, 2, 2 ]
    },
    "thirdperson_lefthand": {
        "rotation": [ 0, 0, 0 ],
        "translation": [ 0, 3.97, 2.46 ],
        "scale": [ 2, 2, 2 ]
    },
    "head": {
        "rotation": [ 0, 0, 152 ],
        "translation": [ 10.96, 17.01, -0.76 ],
        "scale": [ 1.5, 1.5, 1.5 ]
    },
    "ground": {
        "rotation": [ 31, 0, 0 ],
        "translation": [ 0, 16.05, -2.83 ],
        "scale": [ 2, 2, 2 ]
    },
    "fixed": {
        "rotation": [ 0, 0, 0 ],
        "translation": [ 0, 0, 0 ],
        "scale": [ 1, 1, 1 ]
    },
    "firstperson_righthand": {
        "rotation": [ -23, 6, 6 ],
        "translation": [ -0.57, 3.02, 0.38 ],
        "scale": [ 1.2, 1.2, 1.2 ]
    },
    "firstperson_lefthand": {
        "rotation": [ -23, 6, 6 ],
        "translation": [ 0.57, 3.02, 0.38 ],
        "scale": [ 1.2, 1.2, 1.2 ]
    },
    "gui": {
        "rotation": [ 17, -14, 45 ],
        "translation": [ -0.94, 1.7, 0 ],
        "scale": [ 1, 1, 1 ]
    }
}
}