{
"__comment": "Designed by Yoyomg43 with BDcraft Cubik PRO 0.96 Beta - http://bdcraft.net",
"textures": {
    "particle": "custom/ca3",
    "texture": "custom/ca2"
},
"elements": [ 
{
    "__comment": "ca1 x128",
    "from": [ 0, 7.5, 7.5 ],
    "to": [ 16, 8.5, 7.6 ],
    "faces": {
        "down":  { "uv": [ 0, 8.5, 16, 8.48333 ], "texture": "#texture" },
        "up":    { "uv": [ 0, 7.5, 16, 7.51667 ], "texture": "#texture" },
        "north": { "uv": [ 16, 7.5, 0, 8.5 ], "texture": "#texture" },
        "south": { "uv": [ 0, 7.5, 16, 8.5 ], "texture": "#particle" },
        "west":  { "uv": [ 0, 7.5, 0.0166667, 8.5 ], "texture": "#texture" },
        "east":  { "uv": [ 16, 7.5, 15.9833, 8.5 ], "texture": "#texture" }
    }
},
{
    "__comment": "ca1 x128",
    "from": [ 0.125, 8.5, 7.5 ],
    "to": [ 15.875, 9.5, 7.6 ],
    "faces": {
        "down":  { "uv": [ 0.125, 7.5, 15.875, 7.48333 ], "texture": "#texture" },
        "up":    { "uv": [ 0.125, 6.5, 15.875, 6.51667 ], "texture": "#texture" },
        "north": { "uv": [ 15.875, 6.5, 0.125, 7.5 ], "texture": "#texture" },
        "south": { "uv": [ 0.125, 6.5, 15.875, 7.5 ], "texture": "#particle" },
        "west":  { "uv": [ 0.125, 6.5, 0.141667, 7.5 ], "texture": "#texture" },
        "east":  { "uv": [ 15.875, 6.5, 15.8583, 7.5 ], "texture": "#texture" }
    }
},
{
    "__comment": "ca1 x128",
    "from": [ 0.125, 6.5, 7.5 ],
    "to": [ 15.875, 7.5, 7.6 ],
    "faces": {
        "down":  { "uv": [ 0.125, 9.5, 15.875, 9.48333 ], "texture": "#texture" },
        "up":    { "uv": [ 0.125, 8.5, 15.875, 8.51667 ], "texture": "#texture" },
        "north": { "uv": [ 15.875, 8.5, 0.125, 9.5 ], "texture": "#texture" },
        "south": { "uv": [ 0.125, 8.5, 15.875, 9.5 ], "texture": "#particle" },
        "west":  { "uv": [ 0.125, 8.5, 0.141667, 9.5 ], "texture": "#texture" },
        "east":  { "uv": [ 15.875, 8.5, 15.8583, 9.5 ], "texture": "#texture" }
    }
},
{
    "__comment": "ca1 x128",
    "from": [ 0.25, 9.5, 7.5 ],
    "to": [ 15.75, 10.125, 7.6 ],
    "faces": {
        "down":  { "uv": [ 0.25, 6.5, 15.75, 6.48333 ], "texture": "#texture" },
        "up":    { "uv": [ 0.25, 5.875, 15.75, 5.89167 ], "texture": "#texture" },
        "north": { "uv": [ 15.75, 5.875, 0.25, 6.5 ], "texture": "#texture" },
        "south": { "uv": [ 0.25, 5.875, 15.75, 6.5 ], "texture": "#particle" },
        "west":  { "uv": [ 0.25, 5.875, 0.266667, 6.5 ], "texture": "#texture" },
        "east":  { "uv": [ 15.75, 5.875, 15.7333, 6.5 ], "texture": "#texture" }
    }
},
{
    "__comment": "ca1 x128",
    "from": [ 0.25, 5.875, 7.5 ],
    "to": [ 15.75, 6.5, 7.6 ],
    "faces": {
        "down":  { "uv": [ 0.25, 10.125, 15.75, 10.1083 ], "texture": "#texture" },
        "up":    { "uv": [ 0.25, 9.5, 15.75, 9.51667 ], "texture": "#texture" },
        "north": { "uv": [ 15.75, 9.5, 0.25, 10.125 ], "texture": "#texture" },
        "south": { "uv": [ 0.25, 9.5, 15.75, 10.125 ], "texture": "#particle" },
        "west":  { "uv": [ 0.25, 9.5, 0.266667, 10.125 ], "texture": "#texture" },
        "east":  { "uv": [ 15.75, 9.5, 15.7333, 10.125 ], "texture": "#texture" }
    }
},
{
    "__comment": "ca1 x128",
    "from": [ 0.375, 10.125, 7.5 ],
    "to": [ 15.625, 10.5, 7.6 ],
    "faces": {
        "down":  { "uv": [ 0.375, 5.875, 15.625, 5.85833 ], "texture": "#texture" },
        "up":    { "uv": [ 0.375, 5.5, 15.625, 5.51667 ], "texture": "#texture" },
        "north": { "uv": [ 15.625, 5.5, 0.375, 5.875 ], "texture": "#texture" },
        "south": { "uv": [ 0.375, 5.5, 15.625, 5.875 ], "texture": "#particle" },
        "west":  { "uv": [ 0.375, 5.5, 0.391667, 5.875 ], "texture": "#texture" },
        "east":  { "uv": [ 15.625, 5.5, 15.6083, 5.875 ], "texture": "#texture" }
    }
},
{
    "__comment": "ca1 x128",
    "from": [ 0.375, 5.5, 7.5 ],
    "to": [ 15.625, 5.875, 7.6 ],
    "faces": {
        "down":  { "uv": [ 0.375, 10.5, 15.625, 10.4833 ], "texture": "#texture" },
        "up":    { "uv": [ 0.375, 10.125, 15.625, 10.1417 ], "texture": "#texture" },
        "north": { "uv": [ 15.625, 10.125, 0.375, 10.5 ], "texture": "#texture" },
        "south": { "uv": [ 0.375, 10.125, 15.625, 10.5 ], "texture": "#particle" },
        "west":  { "uv": [ 0.375, 10.125, 0.391667, 10.5 ], "texture": "#texture" },
        "east":  { "uv": [ 15.625, 10.125, 15.6083, 10.5 ], "texture": "#texture" }
    }
},
{
    "__comment": "ca1 x128",
    "from": [ 0.5, 10.5, 7.5 ],
    "to": [ 15.5, 10.875, 7.6 ],
    "faces": {
        "down":  { "uv": [ 0.5, 5.5, 15.5, 5.48333 ], "texture": "#texture" },
        "up":    { "uv": [ 0.5, 5.125, 15.5, 5.14167 ], "texture": "#texture" },
        "north": { "uv": [ 15.5, 5.125, 0.5, 5.5 ], "texture": "#texture" },
        "south": { "uv": [ 0.5, 5.125, 15.5, 5.5 ], "texture": "#particle" },
        "west":  { "uv": [ 0.5, 5.125, 0.516667, 5.5 ], "texture": "#texture" },
        "east":  { "uv": [ 15.5, 5.125, 15.4833, 5.5 ], "texture": "#texture" }
    }
},
{
    "__comment": "ca1 x128",
    "from": [ 0.5, 5.125, 7.5 ],
    "to": [ 15.5, 5.5, 7.6 ],
    "faces": {
        "down":  { "uv": [ 0.5, 10.875, 15.5, 10.8583 ], "texture": "#texture" },
        "up":    { "uv": [ 0.5, 10.5, 15.5, 10.5167 ], "texture": "#texture" },
        "north": { "uv": [ 15.5, 10.5, 0.5, 10.875 ], "texture": "#texture" },
        "south": { "uv": [ 0.5, 10.5, 15.5, 10.875 ], "texture": "#particle" },
        "west":  { "uv": [ 0.5, 10.5, 0.516667, 10.875 ], "texture": "#texture" },
        "east":  { "uv": [ 15.5, 10.5, 15.4833, 10.875 ], "texture": "#texture" }
    }
},
{
    "__comment": "ca1 x128",
    "from": [ 0.625, 10.875, 7.5 ],
    "to": [ 15.5, 11.125, 7.6 ],
    "faces": {
        "down":  { "uv": [ 0.625, 5.125, 15.5, 5.10833 ], "texture": "#texture" },
        "up":    { "uv": [ 0.625, 4.875, 15.5, 4.89167 ], "texture": "#texture" },
        "north": { "uv": [ 15.5, 4.875, 0.625, 5.125 ], "texture": "#texture" },
        "south": { "uv": [ 0.625, 4.875, 15.5, 5.125 ], "texture": "#particle" },
        "west":  { "uv": [ 0.625, 4.875, 0.641667, 5.125 ], "texture": "#texture" },
        "east":  { "uv": [ 15.5, 4.875, 15.4833, 5.125 ], "texture": "#texture" }
    }
},
{
    "__comment": "ca1 x128",
    "from": [ 0.625, 4.875, 7.5 ],
    "to": [ 15.5, 5.125, 7.6 ],
    "faces": {
        "down":  { "uv": [ 0.625, 11.125, 15.5, 11.1083 ], "texture": "#texture" },
        "up":    { "uv": [ 0.625, 10.875, 15.5, 10.8917 ], "texture": "#texture" },
        "north": { "uv": [ 15.5, 10.875, 0.625, 11.125 ], "texture": "#texture" },
        "south": { "uv": [ 0.625, 10.875, 15.5, 11.125 ], "texture": "#particle" },
        "west":  { "uv": [ 0.625, 10.875, 0.641667, 11.125 ], "texture": "#texture" },
        "east":  { "uv": [ 15.5, 10.875, 15.4833, 11.125 ], "texture": "#texture" }
    }
},
{
    "__comment": "ca1 x128",
    "from": [ 0.75, 11.125, 7.5 ],
    "to": [ 15.25, 11.5, 7.6 ],
    "faces": {
        "down":  { "uv": [ 0.75, 4.875, 15.25, 4.85833 ], "texture": "#texture" },
        "up":    { "uv": [ 0.75, 4.5, 15.25, 4.51667 ], "texture": "#texture" },
        "north": { "uv": [ 15.25, 4.5, 0.75, 4.875 ], "texture": "#texture" },
        "south": { "uv": [ 0.75, 4.5, 15.25, 4.875 ], "texture": "#particle" },
        "west":  { "uv": [ 0.75, 4.5, 0.766667, 4.875 ], "texture": "#texture" },
        "east":  { "uv": [ 15.25, 4.5, 15.2333, 4.875 ], "texture": "#texture" }
    }
},
{
    "__comment": "ca1 x128",
    "from": [ 0.75, 4.5, 7.5 ],
    "to": [ 15.25, 4.875, 7.6 ],
    "faces": {
        "down":  { "uv": [ 0.75, 11.5, 15.25, 11.4833 ], "texture": "#texture" },
        "up":    { "uv": [ 0.75, 11.125, 15.25, 11.1417 ], "texture": "#texture" },
        "north": { "uv": [ 15.25, 11.125, 0.75, 11.5 ], "texture": "#texture" },
        "south": { "uv": [ 0.75, 11.125, 15.25, 11.5 ], "texture": "#particle" },
        "west":  { "uv": [ 0.75, 11.125, 0.766667, 11.5 ], "texture": "#texture" },
        "east":  { "uv": [ 15.25, 11.125, 15.2333, 11.5 ], "texture": "#texture" }
    }
},
{
    "__comment": "ca1 x128",
    "from": [ 0.875, 11.5, 7.5 ],
    "to": [ 15.25, 11.625, 7.6 ],
    "faces": {
        "down":  { "uv": [ 0.875, 4.5, 15.25, 4.48333 ], "texture": "#texture" },
        "up":    { "uv": [ 0.875, 4.375, 15.25, 4.39167 ], "texture": "#texture" },
        "north": { "uv": [ 15.25, 4.375, 0.875, 4.5 ], "texture": "#texture" },
        "south": { "uv": [ 0.875, 4.375, 15.25, 4.5 ], "texture": "#particle" },
        "west":  { "uv": [ 0.875, 4.375, 0.891667, 4.5 ], "texture": "#texture" },
        "east":  { "uv": [ 15.25, 4.375, 15.2333, 4.5 ], "texture": "#texture" }
    }
},
{
    "__comment": "ca1 x128",
    "from": [ 0.875, 4.375, 7.5 ],
    "to": [ 15.25, 4.5, 7.6 ],
    "faces": {
        "down":  { "uv": [ 0.875, 11.625, 15.25, 11.6083 ], "texture": "#texture" },
        "up":    { "uv": [ 0.875, 11.5, 15.25, 11.5167 ], "texture": "#texture" },
        "north": { "uv": [ 15.25, 11.5, 0.875, 11.625 ], "texture": "#texture" },
        "south": { "uv": [ 0.875, 11.5, 15.25, 11.625 ], "texture": "#particle" },
        "west":  { "uv": [ 0.875, 11.5, 0.891667, 11.625 ], "texture": "#texture" },
        "east":  { "uv": [ 15.25, 11.5, 15.2333, 11.625 ], "texture": "#texture" }
    }
},
{
    "__comment": "ca1 x128",
    "from": [ 1, 11.625, 7.5 ],
    "to": [ 15.125, 11.875, 7.6 ],
    "faces": {
        "down":  { "uv": [ 1, 4.375, 15.125, 4.35833 ], "texture": "#texture" },
        "up":    { "uv": [ 1, 4.125, 15.125, 4.14167 ], "texture": "#texture" },
        "north": { "uv": [ 15.125, 4.125, 1, 4.375 ], "texture": "#texture" },
        "south": { "uv": [ 1, 4.125, 15.125, 4.375 ], "texture": "#particle" },
        "west":  { "uv": [ 1, 4.125, 1.01667, 4.375 ], "texture": "#texture" },
        "east":  { "uv": [ 15.125, 4.125, 15.1083, 4.375 ], "texture": "#texture" }
    }
},
{
    "__comment": "ca1 x128",
    "from": [ 1, 4.125, 7.5 ],
    "to": [ 15.125, 4.375, 7.6 ],
    "faces": {
        "down":  { "uv": [ 1, 11.875, 15.125, 11.8583 ], "texture": "#texture" },
        "up":    { "uv": [ 1, 11.625, 15.125, 11.6417 ], "texture": "#texture" },
        "north": { "uv": [ 15.125, 11.625, 1, 11.875 ], "texture": "#texture" },
        "south": { "uv": [ 1, 11.625, 15.125, 11.875 ], "texture": "#particle" },
        "west":  { "uv": [ 1, 11.625, 1.01667, 11.875 ], "texture": "#texture" },
        "east":  { "uv": [ 15.125, 11.625, 15.1083, 11.875 ], "texture": "#texture" }
    }
},
{
    "__comment": "ca1 x128",
    "from": [ 1.125, 11.875, 7.5 ],
    "to": [ 15, 12.125, 7.6 ],
    "faces": {
        "down":  { "uv": [ 1.125, 4.125, 15, 4.10833 ], "texture": "#texture" },
        "up":    { "uv": [ 1.125, 3.875, 15, 3.89167 ], "texture": "#texture" },
        "north": { "uv": [ 15, 3.875, 1.125, 4.125 ], "texture": "#texture" },
        "south": { "uv": [ 1.125, 3.875, 15, 4.125 ], "texture": "#particle" },
        "west":  { "uv": [ 1.125, 3.875, 1.14167, 4.125 ], "texture": "#texture" },
        "east":  { "uv": [ 15, 3.875, 14.9833, 4.125 ], "texture": "#texture" }
    }
},
{
    "__comment": "ca1 x128",
    "from": [ 1.125, 3.875, 7.5 ],
    "to": [ 15, 4.125, 7.6 ],
    "faces": {
        "down":  { "uv": [ 1.125, 12.125, 15, 12.1083 ], "texture": "#texture" },
        "up":    { "uv": [ 1.125, 11.875, 15, 11.8917 ], "texture": "#texture" },
        "north": { "uv": [ 15, 11.875, 1.125, 12.125 ], "texture": "#texture" },
        "south": { "uv": [ 1.125, 11.875, 15, 12.125 ], "texture": "#particle" },
        "west":  { "uv": [ 1.125, 11.875, 1.14167, 12.125 ], "texture": "#texture" },
        "east":  { "uv": [ 15, 11.875, 14.9833, 12.125 ], "texture": "#texture" }
    }
},
{
    "__comment": "ca1 x128",
    "from": [ 1.25, 12.125, 7.5 ],
    "to": [ 14.75, 12.375, 7.6 ],
    "faces": {
        "down":  { "uv": [ 1.25, 3.875, 14.75, 3.85833 ], "texture": "#texture" },
        "up":    { "uv": [ 1.25, 3.625, 14.75, 3.64167 ], "texture": "#texture" },
        "north": { "uv": [ 14.75, 3.625, 1.25, 3.875 ], "texture": "#texture" },
        "south": { "uv": [ 1.25, 3.625, 14.75, 3.875 ], "texture": "#particle" },
        "west":  { "uv": [ 1.25, 3.625, 1.26667, 3.875 ], "texture": "#texture" },
        "east":  { "uv": [ 14.75, 3.625, 14.7333, 3.875 ], "texture": "#texture" }
    }
},
{
    "__comment": "ca1 x128",
    "from": [ 1.25, 3.625, 7.5 ],
    "to": [ 14.75, 3.875, 7.6 ],
    "faces": {
        "down":  { "uv": [ 1.25, 12.375, 14.75, 12.3583 ], "texture": "#texture" },
        "up":    { "uv": [ 1.25, 12.125, 14.75, 12.1417 ], "texture": "#texture" },
        "north": { "uv": [ 14.75, 12.125, 1.25, 12.375 ], "texture": "#texture" },
        "south": { "uv": [ 1.25, 12.125, 14.75, 12.375 ], "texture": "#particle" },
        "west":  { "uv": [ 1.25, 12.125, 1.26667, 12.375 ], "texture": "#texture" },
        "east":  { "uv": [ 14.75, 12.125, 14.7333, 12.375 ], "texture": "#texture" }
    }
},
{
    "__comment": "ca1 x128",
    "from": [ 1.375, 12.375, 7.5 ],
    "to": [ 14.75, 12.5, 7.6 ],
    "faces": {
        "down":  { "uv": [ 1.375, 3.625, 14.75, 3.60833 ], "texture": "#texture" },
        "up":    { "uv": [ 1.375, 3.5, 14.75, 3.51667 ], "texture": "#texture" },
        "north": { "uv": [ 14.75, 3.5, 1.375, 3.625 ], "texture": "#texture" },
        "south": { "uv": [ 1.375, 3.5, 14.75, 3.625 ], "texture": "#particle" },
        "west":  { "uv": [ 1.375, 3.5, 1.39167, 3.625 ], "texture": "#texture" },
        "east":  { "uv": [ 14.75, 3.5, 14.7333, 3.625 ], "texture": "#texture" }
    }
},
{
    "__comment": "ca1 x128",
    "from": [ 1.375, 3.5, 7.5 ],
    "to": [ 14.75, 3.625, 7.6 ],
    "faces": {
        "down":  { "uv": [ 1.375, 12.5, 14.75, 12.4833 ], "texture": "#texture" },
        "up":    { "uv": [ 1.375, 12.375, 14.75, 12.3917 ], "texture": "#texture" },
        "north": { "uv": [ 14.75, 12.375, 1.375, 12.5 ], "texture": "#texture" },
        "south": { "uv": [ 1.375, 12.375, 14.75, 12.5 ], "texture": "#particle" },
        "west":  { "uv": [ 1.375, 12.375, 1.39167, 12.5 ], "texture": "#texture" },
        "east":  { "uv": [ 14.75, 12.375, 14.7333, 12.5 ], "texture": "#texture" }
    }
},
{
    "__comment": "ca1 x128",
    "from": [ 1.5, 12.5, 7.5 ],
    "to": [ 14.5, 12.75, 7.6 ],
    "faces": {
        "down":  { "uv": [ 1.5, 3.5, 14.5, 3.48333 ], "texture": "#texture" },
        "up":    { "uv": [ 1.5, 3.25, 14.5, 3.26667 ], "texture": "#texture" },
        "north": { "uv": [ 14.5, 3.25, 1.5, 3.5 ], "texture": "#texture" },
        "south": { "uv": [ 1.5, 3.25, 14.5, 3.5 ], "texture": "#particle" },
        "west":  { "uv": [ 1.5, 3.25, 1.51667, 3.5 ], "texture": "#texture" },
        "east":  { "uv": [ 14.5, 3.25, 14.4833, 3.5 ], "texture": "#texture" }
    }
},
{
    "__comment": "ca1 x128",
    "from": [ 1.5, 3.25, 7.5 ],
    "to": [ 14.5, 3.5, 7.6 ],
    "faces": {
        "down":  { "uv": [ 1.5, 12.75, 14.5, 12.7333 ], "texture": "#texture" },
        "up":    { "uv": [ 1.5, 12.5, 14.5, 12.5167 ], "texture": "#texture" },
        "north": { "uv": [ 14.5, 12.5, 1.5, 12.75 ], "texture": "#texture" },
        "south": { "uv": [ 1.5, 12.5, 14.5, 12.75 ], "texture": "#particle" },
        "west":  { "uv": [ 1.5, 12.5, 1.51667, 12.75 ], "texture": "#texture" },
        "east":  { "uv": [ 14.5, 12.5, 14.4833, 12.75 ], "texture": "#texture" }
    }
},
{
    "__comment": "ca1 x128",
    "from": [ 1.625, 12.75, 7.5 ],
    "to": [ 14.5, 12.875, 7.6 ],
    "faces": {
        "down":  { "uv": [ 1.625, 3.25, 14.5, 3.23333 ], "texture": "#texture" },
        "up":    { "uv": [ 1.625, 3.125, 14.5, 3.14167 ], "texture": "#texture" },
        "north": { "uv": [ 14.5, 3.125, 1.625, 3.25 ], "texture": "#texture" },
        "south": { "uv": [ 1.625, 3.125, 14.5, 3.25 ], "texture": "#particle" },
        "west":  { "uv": [ 1.625, 3.125, 1.64167, 3.25 ], "texture": "#texture" },
        "east":  { "uv": [ 14.5, 3.125, 14.4833, 3.25 ], "texture": "#texture" }
    }
},
{
    "__comment": "ca1 x128",
    "from": [ 1.625, 3.125, 7.5 ],
    "to": [ 14.5, 3.25, 7.6 ],
    "faces": {
        "down":  { "uv": [ 1.625, 12.875, 14.5, 12.8583 ], "texture": "#texture" },
        "up":    { "uv": [ 1.625, 12.75, 14.5, 12.7667 ], "texture": "#texture" },
        "north": { "uv": [ 14.5, 12.75, 1.625, 12.875 ], "texture": "#texture" },
        "south": { "uv": [ 1.625, 12.75, 14.5, 12.875 ], "texture": "#particle" },
        "west":  { "uv": [ 1.625, 12.75, 1.64167, 12.875 ], "texture": "#texture" },
        "east":  { "uv": [ 14.5, 12.75, 14.4833, 12.875 ], "texture": "#texture" }
    }
},
{
    "__comment": "ca1 x128",
    "from": [ 1.75, 12.875, 7.5 ],
    "to": [ 14.375, 13, 7.6 ],
    "faces": {
        "down":  { "uv": [ 1.75, 3.125, 14.375, 3.10833 ], "texture": "#texture" },
        "up":    { "uv": [ 1.75, 3, 14.375, 3.01667 ], "texture": "#texture" },
        "north": { "uv": [ 14.375, 3, 1.75, 3.125 ], "texture": "#texture" },
        "south": { "uv": [ 1.75, 3, 14.375, 3.125 ], "texture": "#particle" },
        "west":  { "uv": [ 1.75, 3, 1.76667, 3.125 ], "texture": "#texture" },
        "east":  { "uv": [ 14.375, 3, 14.3583, 3.125 ], "texture": "#texture" }
    }
},
{
    "__comment": "ca1 x128",
    "from": [ 1.75, 3, 7.5 ],
    "to": [ 14.375, 3.125, 7.6 ],
    "faces": {
        "down":  { "uv": [ 1.75, 13, 14.375, 12.9833 ], "texture": "#texture" },
        "up":    { "uv": [ 1.75, 12.875, 14.375, 12.8917 ], "texture": "#texture" },
        "north": { "uv": [ 14.375, 12.875, 1.75, 13 ], "texture": "#texture" },
        "south": { "uv": [ 1.75, 12.875, 14.375, 13 ], "texture": "#particle" },
        "west":  { "uv": [ 1.75, 12.875, 1.76667, 13 ], "texture": "#texture" },
        "east":  { "uv": [ 14.375, 12.875, 14.3583, 13 ], "texture": "#texture" }
    }
},
{
    "__comment": "ca1 x128",
    "from": [ 1.875, 13, 7.5 ],
    "to": [ 14.25, 13.125, 7.6 ],
    "faces": {
        "down":  { "uv": [ 1.875, 3, 14.25, 2.98333 ], "texture": "#texture" },
        "up":    { "uv": [ 1.875, 2.875, 14.25, 2.89167 ], "texture": "#texture" },
        "north": { "uv": [ 14.25, 2.875, 1.875, 3 ], "texture": "#texture" },
        "south": { "uv": [ 1.875, 2.875, 14.25, 3 ], "texture": "#particle" },
        "west":  { "uv": [ 1.875, 2.875, 1.89167, 3 ], "texture": "#texture" },
        "east":  { "uv": [ 14.25, 2.875, 14.2333, 3 ], "texture": "#texture" }
    }
},
{
    "__comment": "ca1 x128",
    "from": [ 1.875, 2.875, 7.5 ],
    "to": [ 14.25, 3, 7.6 ],
    "faces": {
        "down":  { "uv": [ 1.875, 13.125, 14.25, 13.1083 ], "texture": "#texture" },
        "up":    { "uv": [ 1.875, 13, 14.25, 13.0167 ], "texture": "#texture" },
        "north": { "uv": [ 14.25, 13, 1.875, 13.125 ], "texture": "#texture" },
        "south": { "uv": [ 1.875, 13, 14.25, 13.125 ], "texture": "#particle" },
        "west":  { "uv": [ 1.875, 13, 1.89167, 13.125 ], "texture": "#texture" },
        "east":  { "uv": [ 14.25, 13, 14.2333, 13.125 ], "texture": "#texture" }
    }
},
{
    "__comment": "ca1 x128",
    "from": [ 2, 13.125, 7.5 ],
    "to": [ 14, 13.375, 7.6 ],
    "faces": {
        "down":  { "uv": [ 2, 2.875, 14, 2.85833 ], "texture": "#texture" },
        "up":    { "uv": [ 2, 2.625, 14, 2.64167 ], "texture": "#texture" },
        "north": { "uv": [ 14, 2.625, 2, 2.875 ], "texture": "#texture" },
        "south": { "uv": [ 2, 2.625, 14, 2.875 ], "texture": "#particle" },
        "west":  { "uv": [ 2, 2.625, 2.01667, 2.875 ], "texture": "#texture" },
        "east":  { "uv": [ 14, 2.625, 13.9833, 2.875 ], "texture": "#texture" }
    }
},
{
    "__comment": "ca1 x128",
    "from": [ 2, 2.625, 7.5 ],
    "to": [ 14, 2.875, 7.6 ],
    "faces": {
        "down":  { "uv": [ 2, 13.375, 14, 13.3583 ], "texture": "#texture" },
        "up":    { "uv": [ 2, 13.125, 14, 13.1417 ], "texture": "#texture" },
        "north": { "uv": [ 14, 13.125, 2, 13.375 ], "texture": "#texture" },
        "south": { "uv": [ 2, 13.125, 14, 13.375 ], "texture": "#particle" },
        "west":  { "uv": [ 2, 13.125, 2.01667, 13.375 ], "texture": "#texture" },
        "east":  { "uv": [ 14, 13.125, 13.9833, 13.375 ], "texture": "#texture" }
    }
},
{
    "__comment": "ca1 x128",
    "from": [ 2.125, 13.375, 7.5 ],
    "to": [ 13.875, 13.5, 7.6 ],
    "faces": {
        "down":  { "uv": [ 2.125, 2.625, 13.875, 2.60833 ], "texture": "#texture" },
        "up":    { "uv": [ 2.125, 2.5, 13.875, 2.51667 ], "texture": "#texture" },
        "north": { "uv": [ 13.875, 2.5, 2.125, 2.625 ], "texture": "#texture" },
        "south": { "uv": [ 2.125, 2.5, 13.875, 2.625 ], "texture": "#particle" },
        "west":  { "uv": [ 2.125, 2.5, 2.14167, 2.625 ], "texture": "#texture" },
        "east":  { "uv": [ 13.875, 2.5, 13.8583, 2.625 ], "texture": "#texture" }
    }
},
{
    "__comment": "ca1 x128",
    "from": [ 2.125, 2.5, 7.5 ],
    "to": [ 13.875, 2.625, 7.6 ],
    "faces": {
        "down":  { "uv": [ 2.125, 13.5, 13.875, 13.4833 ], "texture": "#texture" },
        "up":    { "uv": [ 2.125, 13.375, 13.875, 13.3917 ], "texture": "#texture" },
        "north": { "uv": [ 13.875, 13.375, 2.125, 13.5 ], "texture": "#texture" },
        "south": { "uv": [ 2.125, 13.375, 13.875, 13.5 ], "texture": "#particle" },
        "west":  { "uv": [ 2.125, 13.375, 2.14167, 13.5 ], "texture": "#texture" },
        "east":  { "uv": [ 13.875, 13.375, 13.8583, 13.5 ], "texture": "#texture" }
    }
},
{
    "__comment": "ca1 x128",
    "from": [ 2.25, 13.5, 7.5 ],
    "to": [ 13.75, 13.625, 7.6 ],
    "faces": {
        "down":  { "uv": [ 2.25, 2.5, 13.75, 2.48333 ], "texture": "#texture" },
        "up":    { "uv": [ 2.25, 2.375, 13.75, 2.39167 ], "texture": "#texture" },
        "north": { "uv": [ 13.75, 2.375, 2.25, 2.5 ], "texture": "#texture" },
        "south": { "uv": [ 2.25, 2.375, 13.75, 2.5 ], "texture": "#particle" },
        "west":  { "uv": [ 2.25, 2.375, 2.26667, 2.5 ], "texture": "#texture" },
        "east":  { "uv": [ 13.75, 2.375, 13.7333, 2.5 ], "texture": "#texture" }
    }
},
{
    "__comment": "ca1 x128",
    "from": [ 2.25, 2.375, 7.5 ],
    "to": [ 13.75, 2.5, 7.6 ],
    "faces": {
        "down":  { "uv": [ 2.25, 13.625, 13.75, 13.6083 ], "texture": "#texture" },
        "up":    { "uv": [ 2.25, 13.5, 13.75, 13.5167 ], "texture": "#texture" },
        "north": { "uv": [ 13.75, 13.5, 2.25, 13.625 ], "texture": "#texture" },
        "south": { "uv": [ 2.25, 13.5, 13.75, 13.625 ], "texture": "#particle" },
        "west":  { "uv": [ 2.25, 13.5, 2.26667, 13.625 ], "texture": "#texture" },
        "east":  { "uv": [ 13.75, 13.5, 13.7333, 13.625 ], "texture": "#texture" }
    }
},
{
    "__comment": "ca1 x128",
    "from": [ 2.375, 13.625, 7.5 ],
    "to": [ 13.625, 13.75, 7.6 ],
    "faces": {
        "down":  { "uv": [ 2.375, 2.375, 13.625, 2.35833 ], "texture": "#texture" },
        "up":    { "uv": [ 2.375, 2.25, 13.625, 2.26667 ], "texture": "#texture" },
        "north": { "uv": [ 13.625, 2.25, 2.375, 2.375 ], "texture": "#texture" },
        "south": { "uv": [ 2.375, 2.25, 13.625, 2.375 ], "texture": "#particle" },
        "west":  { "uv": [ 2.375, 2.25, 2.39167, 2.375 ], "texture": "#texture" },
        "east":  { "uv": [ 13.625, 2.25, 13.6083, 2.375 ], "texture": "#texture" }
    }
},
{
    "__comment": "ca1 x128",
    "from": [ 2.375, 2.25, 7.5 ],
    "to": [ 13.625, 2.375, 7.6 ],
    "faces": {
        "down":  { "uv": [ 2.375, 13.75, 13.625, 13.7333 ], "texture": "#texture" },
        "up":    { "uv": [ 2.375, 13.625, 13.625, 13.6417 ], "texture": "#texture" },
        "north": { "uv": [ 13.625, 13.625, 2.375, 13.75 ], "texture": "#texture" },
        "south": { "uv": [ 2.375, 13.625, 13.625, 13.75 ], "texture": "#particle" },
        "west":  { "uv": [ 2.375, 13.625, 2.39167, 13.75 ], "texture": "#texture" },
        "east":  { "uv": [ 13.625, 13.625, 13.6083, 13.75 ], "texture": "#texture" }
    }
},
{
    "__comment": "ca1 x128",
    "from": [ 2.5, 13.75, 7.5 ],
    "to": [ 13.5, 13.875, 7.6 ],
    "faces": {
        "down":  { "uv": [ 2.5, 2.25, 13.5, 2.23333 ], "texture": "#texture" },
        "up":    { "uv": [ 2.5, 2.125, 13.5, 2.14167 ], "texture": "#texture" },
        "north": { "uv": [ 13.5, 2.125, 2.5, 2.25 ], "texture": "#texture" },
        "south": { "uv": [ 2.5, 2.125, 13.5, 2.25 ], "texture": "#particle" },
        "west":  { "uv": [ 2.5, 2.125, 2.51667, 2.25 ], "texture": "#texture" },
        "east":  { "uv": [ 13.5, 2.125, 13.4833, 2.25 ], "texture": "#texture" }
    }
},
{
    "__comment": "ca1 x128",
    "from": [ 2.5, 2.125, 7.5 ],
    "to": [ 13.5, 2.25, 7.6 ],
    "faces": {
        "down":  { "uv": [ 2.5, 13.875, 13.5, 13.8583 ], "texture": "#texture" },
        "up":    { "uv": [ 2.5, 13.75, 13.5, 13.7667 ], "texture": "#texture" },
        "north": { "uv": [ 13.5, 13.75, 2.5, 13.875 ], "texture": "#texture" },
        "south": { "uv": [ 2.5, 13.75, 13.5, 13.875 ], "texture": "#particle" },
        "west":  { "uv": [ 2.5, 13.75, 2.51667, 13.875 ], "texture": "#texture" },
        "east":  { "uv": [ 13.5, 13.75, 13.4833, 13.875 ], "texture": "#texture" }
    }
},
{
    "__comment": "ca1 x128",
    "from": [ 2.625, 13.875, 7.5 ],
    "to": [ 13.375, 14, 7.6 ],
    "faces": {
        "down":  { "uv": [ 2.625, 2.125, 13.375, 2.10833 ], "texture": "#texture" },
        "up":    { "uv": [ 2.625, 2, 13.375, 2.01667 ], "texture": "#texture" },
        "north": { "uv": [ 13.375, 2, 2.625, 2.125 ], "texture": "#texture" },
        "south": { "uv": [ 2.625, 2, 13.375, 2.125 ], "texture": "#particle" },
        "west":  { "uv": [ 2.625, 2, 2.64167, 2.125 ], "texture": "#texture" },
        "east":  { "uv": [ 13.375, 2, 13.3583, 2.125 ], "texture": "#texture" }
    }
},
{
    "__comment": "ca1 x128",
    "from": [ 2.625, 2, 7.5 ],
    "to": [ 13.375, 2.125, 7.6 ],
    "faces": {
        "down":  { "uv": [ 2.625, 14, 13.375, 13.9833 ], "texture": "#texture" },
        "up":    { "uv": [ 2.625, 13.875, 13.375, 13.8917 ], "texture": "#texture" },
        "north": { "uv": [ 13.375, 13.875, 2.625, 14 ], "texture": "#texture" },
        "south": { "uv": [ 2.625, 13.875, 13.375, 14 ], "texture": "#particle" },
        "west":  { "uv": [ 2.625, 13.875, 2.64167, 14 ], "texture": "#texture" },
        "east":  { "uv": [ 13.375, 13.875, 13.3583, 14 ], "texture": "#texture" }
    }
},
{
    "__comment": "ca1 x128",
    "from": [ 2.75, 14, 7.5 ],
    "to": [ 13.25, 14.125, 7.6 ],
    "faces": {
        "down":  { "uv": [ 2.75, 2, 13.25, 1.98333 ], "texture": "#texture" },
        "up":    { "uv": [ 2.75, 1.875, 13.25, 1.89167 ], "texture": "#texture" },
        "north": { "uv": [ 13.25, 1.875, 2.75, 2 ], "texture": "#texture" },
        "south": { "uv": [ 2.75, 1.875, 13.25, 2 ], "texture": "#particle" },
        "west":  { "uv": [ 2.75, 1.875, 2.76667, 2 ], "texture": "#texture" },
        "east":  { "uv": [ 13.25, 1.875, 13.2333, 2 ], "texture": "#texture" }
    }
},
{
    "__comment": "ca1 x128",
    "from": [ 2.75, 1.875, 7.5 ],
    "to": [ 13.25, 2, 7.6 ],
    "faces": {
        "down":  { "uv": [ 2.75, 14.125, 13.25, 14.1083 ], "texture": "#texture" },
        "up":    { "uv": [ 2.75, 14, 13.25, 14.0167 ], "texture": "#texture" },
        "north": { "uv": [ 13.25, 14, 2.75, 14.125 ], "texture": "#texture" },
        "south": { "uv": [ 2.75, 14, 13.25, 14.125 ], "texture": "#particle" },
        "west":  { "uv": [ 2.75, 14, 2.76667, 14.125 ], "texture": "#texture" },
        "east":  { "uv": [ 13.25, 14, 13.2333, 14.125 ], "texture": "#texture" }
    }
},
{
    "__comment": "ca1 x128",
    "from": [ 3, 14.125, 7.5 ],
    "to": [ 13.125, 14.25, 7.6 ],
    "faces": {
        "down":  { "uv": [ 3, 1.875, 13.125, 1.85833 ], "texture": "#texture" },
        "up":    { "uv": [ 3, 1.75, 13.125, 1.76667 ], "texture": "#texture" },
        "north": { "uv": [ 13.125, 1.75, 3, 1.875 ], "texture": "#texture" },
        "south": { "uv": [ 3, 1.75, 13.125, 1.875 ], "texture": "#particle" },
        "west":  { "uv": [ 3, 1.75, 3.01667, 1.875 ], "texture": "#texture" },
        "east":  { "uv": [ 13.125, 1.75, 13.1083, 1.875 ], "texture": "#texture" }
    }
},
{
    "__comment": "ca1 x128",
    "from": [ 3, 1.75, 7.5 ],
    "to": [ 13.125, 1.875, 7.6 ],
    "faces": {
        "down":  { "uv": [ 3, 14.25, 13.125, 14.2333 ], "texture": "#texture" },
        "up":    { "uv": [ 3, 14.125, 13.125, 14.1417 ], "texture": "#texture" },
        "north": { "uv": [ 13.125, 14.125, 3, 14.25 ], "texture": "#texture" },
        "south": { "uv": [ 3, 14.125, 13.125, 14.25 ], "texture": "#particle" },
        "west":  { "uv": [ 3, 14.125, 3.01667, 14.25 ], "texture": "#texture" },
        "east":  { "uv": [ 13.125, 14.125, 13.1083, 14.25 ], "texture": "#texture" }
    }
},
{
    "__comment": "ca1 x128",
    "from": [ 3.125, 14.25, 7.5 ],
    "to": [ 13, 14.375, 7.6 ],
    "faces": {
        "down":  { "uv": [ 3.125, 1.75, 13, 1.73333 ], "texture": "#texture" },
        "up":    { "uv": [ 3.125, 1.625, 13, 1.64167 ], "texture": "#texture" },
        "north": { "uv": [ 13, 1.625, 3.125, 1.75 ], "texture": "#texture" },
        "south": { "uv": [ 3.125, 1.625, 13, 1.75 ], "texture": "#particle" },
        "west":  { "uv": [ 3.125, 1.625, 3.14167, 1.75 ], "texture": "#texture" },
        "east":  { "uv": [ 13, 1.625, 12.9833, 1.75 ], "texture": "#texture" }
    }
},
{
    "__comment": "ca1 x128",
    "from": [ 3.125, 1.625, 7.5 ],
    "to": [ 13, 1.75, 7.6 ],
    "faces": {
        "down":  { "uv": [ 3.125, 14.375, 13, 14.3583 ], "texture": "#texture" },
        "up":    { "uv": [ 3.125, 14.25, 13, 14.2667 ], "texture": "#texture" },
        "north": { "uv": [ 13, 14.25, 3.125, 14.375 ], "texture": "#texture" },
        "south": { "uv": [ 3.125, 14.25, 13, 14.375 ], "texture": "#particle" },
        "west":  { "uv": [ 3.125, 14.25, 3.14167, 14.375 ], "texture": "#texture" },
        "east":  { "uv": [ 13, 14.25, 12.9833, 14.375 ], "texture": "#texture" }
    }
},
{
    "__comment": "ca1 x128",
    "from": [ 3.25, 14.375, 7.5 ],
    "to": [ 12.75, 14.5, 7.6 ],
    "faces": {
        "down":  { "uv": [ 3.25, 1.625, 12.75, 1.60833 ], "texture": "#texture" },
        "up":    { "uv": [ 3.25, 1.5, 12.75, 1.51667 ], "texture": "#texture" },
        "north": { "uv": [ 12.75, 1.5, 3.25, 1.625 ], "texture": "#texture" },
        "south": { "uv": [ 3.25, 1.5, 12.75, 1.625 ], "texture": "#particle" },
        "west":  { "uv": [ 3.25, 1.5, 3.26667, 1.625 ], "texture": "#texture" },
        "east":  { "uv": [ 12.75, 1.5, 12.7333, 1.625 ], "texture": "#texture" }
    }
},
{
    "__comment": "ca1 x128",
    "from": [ 3.25, 1.5, 7.5 ],
    "to": [ 12.75, 1.625, 7.6 ],
    "faces": {
        "down":  { "uv": [ 3.25, 14.5, 12.75, 14.4833 ], "texture": "#texture" },
        "up":    { "uv": [ 3.25, 14.375, 12.75, 14.3917 ], "texture": "#texture" },
        "north": { "uv": [ 12.75, 14.375, 3.25, 14.5 ], "texture": "#texture" },
        "south": { "uv": [ 3.25, 14.375, 12.75, 14.5 ], "texture": "#particle" },
        "west":  { "uv": [ 3.25, 14.375, 3.26667, 14.5 ], "texture": "#texture" },
        "east":  { "uv": [ 12.75, 14.375, 12.7333, 14.5 ], "texture": "#texture" }
    }
},
{
    "__comment": "ca1 x128",
    "from": [ 3.5, 14.5, 7.5 ],
    "to": [ 12.625, 14.625, 7.6 ],
    "faces": {
        "down":  { "uv": [ 3.5, 1.5, 12.625, 1.48333 ], "texture": "#texture" },
        "up":    { "uv": [ 3.5, 1.375, 12.625, 1.39167 ], "texture": "#texture" },
        "north": { "uv": [ 12.625, 1.375, 3.5, 1.5 ], "texture": "#texture" },
        "south": { "uv": [ 3.5, 1.375, 12.625, 1.5 ], "texture": "#particle" },
        "west":  { "uv": [ 3.5, 1.375, 3.51667, 1.5 ], "texture": "#texture" },
        "east":  { "uv": [ 12.625, 1.375, 12.6083, 1.5 ], "texture": "#texture" }
    }
},
{
    "__comment": "ca1 x128",
    "from": [ 3.5, 1.375, 7.5 ],
    "to": [ 12.625, 1.5, 7.6 ],
    "faces": {
        "down":  { "uv": [ 3.5, 14.625, 12.625, 14.6083 ], "texture": "#texture" },
        "up":    { "uv": [ 3.5, 14.5, 12.625, 14.5167 ], "texture": "#texture" },
        "north": { "uv": [ 12.625, 14.5, 3.5, 14.625 ], "texture": "#texture" },
        "south": { "uv": [ 3.5, 14.5, 12.625, 14.625 ], "texture": "#particle" },
        "west":  { "uv": [ 3.5, 14.5, 3.51667, 14.625 ], "texture": "#texture" },
        "east":  { "uv": [ 12.625, 14.5, 12.6083, 14.625 ], "texture": "#texture" }
    }
},
{
    "__comment": "ca1 x128",
    "from": [ 3.625, 14.625, 7.5 ],
    "to": [ 12.5, 14.75, 7.6 ],
    "faces": {
        "down":  { "uv": [ 3.625, 1.375, 12.5, 1.35833 ], "texture": "#texture" },
        "up":    { "uv": [ 3.625, 1.25, 12.5, 1.26667 ], "texture": "#texture" },
        "north": { "uv": [ 12.5, 1.25, 3.625, 1.375 ], "texture": "#texture" },
        "south": { "uv": [ 3.625, 1.25, 12.5, 1.375 ], "texture": "#particle" },
        "west":  { "uv": [ 3.625, 1.25, 3.64167, 1.375 ], "texture": "#texture" },
        "east":  { "uv": [ 12.5, 1.25, 12.4833, 1.375 ], "texture": "#texture" }
    }
},
{
    "__comment": "ca1 x128",
    "from": [ 3.625, 1.25, 7.5 ],
    "to": [ 12.5, 1.375, 7.6 ],
    "faces": {
        "down":  { "uv": [ 3.625, 14.75, 12.5, 14.7333 ], "texture": "#texture" },
        "up":    { "uv": [ 3.625, 14.625, 12.5, 14.6417 ], "texture": "#texture" },
        "north": { "uv": [ 12.5, 14.625, 3.625, 14.75 ], "texture": "#texture" },
        "south": { "uv": [ 3.625, 14.625, 12.5, 14.75 ], "texture": "#particle" },
        "west":  { "uv": [ 3.625, 14.625, 3.64167, 14.75 ], "texture": "#texture" },
        "east":  { "uv": [ 12.5, 14.625, 12.4833, 14.75 ], "texture": "#texture" }
    }
},
{
    "__comment": "ca1 x128",
    "from": [ 3.875, 14.75, 7.5 ],
    "to": [ 12.25, 14.875, 7.6 ],
    "faces": {
        "down":  { "uv": [ 3.875, 1.25, 12.25, 1.23333 ], "texture": "#texture" },
        "up":    { "uv": [ 3.875, 1.125, 12.25, 1.14167 ], "texture": "#texture" },
        "north": { "uv": [ 12.25, 1.125, 3.875, 1.25 ], "texture": "#texture" },
        "south": { "uv": [ 3.875, 1.125, 12.25, 1.25 ], "texture": "#particle" },
        "west":  { "uv": [ 3.875, 1.125, 3.89167, 1.25 ], "texture": "#texture" },
        "east":  { "uv": [ 12.25, 1.125, 12.2333, 1.25 ], "texture": "#texture" }
    }
},
{
    "__comment": "ca1 x128",
    "from": [ 3.875, 1.125, 7.5 ],
    "to": [ 12.25, 1.25, 7.6 ],
    "faces": {
        "down":  { "uv": [ 3.875, 14.875, 12.25, 14.8583 ], "texture": "#texture" },
        "up":    { "uv": [ 3.875, 14.75, 12.25, 14.7667 ], "texture": "#texture" },
        "north": { "uv": [ 12.25, 14.75, 3.875, 14.875 ], "texture": "#texture" },
        "south": { "uv": [ 3.875, 14.75, 12.25, 14.875 ], "texture": "#particle" },
        "west":  { "uv": [ 3.875, 14.75, 3.89167, 14.875 ], "texture": "#texture" },
        "east":  { "uv": [ 12.25, 14.75, 12.2333, 14.875 ], "texture": "#texture" }
    }
},
{
    "__comment": "ca1 x128",
    "from": [ 4, 14.875, 7.5 ],
    "to": [ 12, 15, 7.6 ],
    "faces": {
        "down":  { "uv": [ 4, 1.125, 12, 1.10833 ], "texture": "#texture" },
        "up":    { "uv": [ 4, 1, 12, 1.01667 ], "texture": "#texture" },
        "north": { "uv": [ 12, 1, 4, 1.125 ], "texture": "#texture" },
        "south": { "uv": [ 4, 1, 12, 1.125 ], "texture": "#particle" },
        "west":  { "uv": [ 4, 1, 4.01667, 1.125 ], "texture": "#texture" },
        "east":  { "uv": [ 12, 1, 11.9833, 1.125 ], "texture": "#texture" }
    }
},
{
    "__comment": "ca1 x128",
    "from": [ 4, 1, 7.5 ],
    "to": [ 12, 1.125, 7.6 ],
    "faces": {
        "down":  { "uv": [ 4, 15, 12, 14.9833 ], "texture": "#texture" },
        "up":    { "uv": [ 4, 14.875, 12, 14.8917 ], "texture": "#texture" },
        "north": { "uv": [ 12, 14.875, 4, 15 ], "texture": "#texture" },
        "south": { "uv": [ 4, 14.875, 12, 15 ], "texture": "#particle" },
        "west":  { "uv": [ 4, 14.875, 4.01667, 15 ], "texture": "#texture" },
        "east":  { "uv": [ 12, 14.875, 11.9833, 15 ], "texture": "#texture" }
    }
},
{
    "__comment": "ca1 x128",
    "from": [ 4.25, 15, 7.5 ],
    "to": [ 11.875, 15.125, 7.6 ],
    "faces": {
        "down":  { "uv": [ 4.25, 1, 11.875, 0.983333 ], "texture": "#texture" },
        "up":    { "uv": [ 4.25, 0.875, 11.875, 0.891667 ], "texture": "#texture" },
        "north": { "uv": [ 11.875, 0.875, 4.25, 1 ], "texture": "#texture" },
        "south": { "uv": [ 4.25, 0.875, 11.875, 1 ], "texture": "#particle" },
        "west":  { "uv": [ 4.25, 0.875, 4.26667, 1 ], "texture": "#texture" },
        "east":  { "uv": [ 11.875, 0.875, 11.8583, 1 ], "texture": "#texture" }
    }
},
{
    "__comment": "ca1 x128",
    "from": [ 4.25, 0.875, 7.5 ],
    "to": [ 11.875, 1, 7.6 ],
    "faces": {
        "down":  { "uv": [ 4.25, 15.125, 11.875, 15.1083 ], "texture": "#texture" },
        "up":    { "uv": [ 4.25, 15, 11.875, 15.0167 ], "texture": "#texture" },
        "north": { "uv": [ 11.875, 15, 4.25, 15.125 ], "texture": "#texture" },
        "south": { "uv": [ 4.25, 15, 11.875, 15.125 ], "texture": "#particle" },
        "west":  { "uv": [ 4.25, 15, 4.26667, 15.125 ], "texture": "#texture" },
        "east":  { "uv": [ 11.875, 15, 11.8583, 15.125 ], "texture": "#texture" }
    }
},
{
    "__comment": "ca1 x128",
    "from": [ 4.5, 15.125, 7.5 ],
    "to": [ 11.5, 15.25, 7.6 ],
    "faces": {
        "down":  { "uv": [ 4.5, 0.875, 11.5, 0.858333 ], "texture": "#texture" },
        "up":    { "uv": [ 4.5, 0.75, 11.5, 0.766667 ], "texture": "#texture" },
        "north": { "uv": [ 11.5, 0.75, 4.5, 0.875 ], "texture": "#texture" },
        "south": { "uv": [ 4.5, 0.75, 11.5, 0.875 ], "texture": "#particle" },
        "west":  { "uv": [ 4.5, 0.75, 4.51667, 0.875 ], "texture": "#texture" },
        "east":  { "uv": [ 11.5, 0.75, 11.4833, 0.875 ], "texture": "#texture" }
    }
},
{
    "__comment": "ca1 x128",
    "from": [ 4.5, 0.75, 7.5 ],
    "to": [ 11.5, 0.875, 7.6 ],
    "faces": {
        "down":  { "uv": [ 4.5, 15.25, 11.5, 15.2333 ], "texture": "#texture" },
        "up":    { "uv": [ 4.5, 15.125, 11.5, 15.1417 ], "texture": "#texture" },
        "north": { "uv": [ 11.5, 15.125, 4.5, 15.25 ], "texture": "#texture" },
        "south": { "uv": [ 4.5, 15.125, 11.5, 15.25 ], "texture": "#particle" },
        "west":  { "uv": [ 4.5, 15.125, 4.51667, 15.25 ], "texture": "#texture" },
        "east":  { "uv": [ 11.5, 15.125, 11.4833, 15.25 ], "texture": "#texture" }
    }
},
{
    "__comment": "ca1 x128",
    "from": [ 4.75, 15.25, 7.5 ],
    "to": [ 11.25, 15.375, 7.6 ],
    "faces": {
        "down":  { "uv": [ 4.75, 0.75, 11.25, 0.733333 ], "texture": "#texture" },
        "up":    { "uv": [ 4.75, 0.625, 11.25, 0.641667 ], "texture": "#texture" },
        "north": { "uv": [ 11.25, 0.625, 4.75, 0.75 ], "texture": "#texture" },
        "south": { "uv": [ 4.75, 0.625, 11.25, 0.75 ], "texture": "#particle" },
        "west":  { "uv": [ 4.75, 0.625, 4.76667, 0.75 ], "texture": "#texture" },
        "east":  { "uv": [ 11.25, 0.625, 11.2333, 0.75 ], "texture": "#texture" }
    }
},
{
    "__comment": "ca1 x128",
    "from": [ 4.75, 0.625, 7.5 ],
    "to": [ 11.25, 0.75, 7.6 ],
    "faces": {
        "down":  { "uv": [ 4.75, 15.375, 11.25, 15.3583 ], "texture": "#texture" },
        "up":    { "uv": [ 4.75, 15.25, 11.25, 15.2667 ], "texture": "#texture" },
        "north": { "uv": [ 11.25, 15.25, 4.75, 15.375 ], "texture": "#texture" },
        "south": { "uv": [ 4.75, 15.25, 11.25, 15.375 ], "texture": "#particle" },
        "west":  { "uv": [ 4.75, 15.25, 4.76667, 15.375 ], "texture": "#texture" },
        "east":  { "uv": [ 11.25, 15.25, 11.2333, 15.375 ], "texture": "#texture" }
    }
},
{
    "__comment": "ca1 x128",
    "from": [ 5.125, 15.375, 7.5 ],
    "to": [ 11, 15.5, 7.6 ],
    "faces": {
        "down":  { "uv": [ 5.125, 0.625, 11, 0.608333 ], "texture": "#texture" },
        "up":    { "uv": [ 5.125, 0.5, 11, 0.516667 ], "texture": "#texture" },
        "north": { "uv": [ 11, 0.5, 5.125, 0.625 ], "texture": "#texture" },
        "south": { "uv": [ 5.125, 0.5, 11, 0.625 ], "texture": "#particle" },
        "west":  { "uv": [ 5.125, 0.5, 5.14167, 0.625 ], "texture": "#texture" },
        "east":  { "uv": [ 11, 0.5, 10.9833, 0.625 ], "texture": "#texture" }
    }
},
{
    "__comment": "ca1 x128",
    "from": [ 5.125, 0.5, 7.5 ],
    "to": [ 11, 0.625, 7.6 ],
    "faces": {
        "down":  { "uv": [ 5.125, 15.5, 11, 15.4833 ], "texture": "#texture" },
        "up":    { "uv": [ 5.125, 15.375, 11, 15.3917 ], "texture": "#texture" },
        "north": { "uv": [ 11, 15.375, 5.125, 15.5 ], "texture": "#texture" },
        "south": { "uv": [ 5.125, 15.375, 11, 15.5 ], "texture": "#particle" },
        "west":  { "uv": [ 5.125, 15.375, 5.14167, 15.5 ], "texture": "#texture" },
        "east":  { "uv": [ 11, 15.375, 10.9833, 15.5 ], "texture": "#texture" }
    }
},
{
    "__comment": "ca1 x128",
    "from": [ 5.375, 15.5, 7.5 ],
    "to": [ 10.75, 15.625, 7.6 ],
    "faces": {
        "down":  { "uv": [ 5.375, 0.5, 10.75, 0.483333 ], "texture": "#texture" },
        "up":    { "uv": [ 5.375, 0.375, 10.75, 0.391667 ], "texture": "#texture" },
        "north": { "uv": [ 10.75, 0.375, 5.375, 0.5 ], "texture": "#texture" },
        "south": { "uv": [ 5.375, 0.375, 10.75, 0.5 ], "texture": "#particle" },
        "west":  { "uv": [ 5.375, 0.375, 5.39167, 0.5 ], "texture": "#texture" },
        "east":  { "uv": [ 10.75, 0.375, 10.7333, 0.5 ], "texture": "#texture" }
    }
},
{
    "__comment": "ca1 x128",
    "from": [ 5.375, 0.375, 7.5 ],
    "to": [ 10.75, 0.5, 7.6 ],
    "faces": {
        "down":  { "uv": [ 5.375, 15.625, 10.75, 15.6083 ], "texture": "#texture" },
        "up":    { "uv": [ 5.375, 15.5, 10.75, 15.5167 ], "texture": "#texture" },
        "north": { "uv": [ 10.75, 15.5, 5.375, 15.625 ], "texture": "#texture" },
        "south": { "uv": [ 5.375, 15.5, 10.75, 15.625 ], "texture": "#particle" },
        "west":  { "uv": [ 5.375, 15.5, 5.39167, 15.625 ], "texture": "#texture" },
        "east":  { "uv": [ 10.75, 15.5, 10.7333, 15.625 ], "texture": "#texture" }
    }
},
{
    "__comment": "ca1 x128",
    "from": [ 5.75, 15.625, 7.5 ],
    "to": [ 10.25, 15.75, 7.6 ],
    "faces": {
        "down":  { "uv": [ 5.75, 0.375, 10.25, 0.358333 ], "texture": "#texture" },
        "up":    { "uv": [ 5.75, 0.25, 10.25, 0.266667 ], "texture": "#texture" },
        "north": { "uv": [ 10.25, 0.25, 5.75, 0.375 ], "texture": "#texture" },
        "south": { "uv": [ 5.75, 0.25, 10.25, 0.375 ], "texture": "#particle" },
        "west":  { "uv": [ 5.75, 0.25, 5.76667, 0.375 ], "texture": "#texture" },
        "east":  { "uv": [ 10.25, 0.25, 10.2333, 0.375 ], "texture": "#texture" }
    }
},
{
    "__comment": "ca1 x128",
    "from": [ 5.75, 0.25, 7.5 ],
    "to": [ 10.25, 0.375, 7.6 ],
    "faces": {
        "down":  { "uv": [ 5.75, 15.75, 10.25, 15.7333 ], "texture": "#texture" },
        "up":    { "uv": [ 5.75, 15.625, 10.25, 15.6417 ], "texture": "#texture" },
        "north": { "uv": [ 10.25, 15.625, 5.75, 15.75 ], "texture": "#texture" },
        "south": { "uv": [ 5.75, 15.625, 10.25, 15.75 ], "texture": "#particle" },
        "west":  { "uv": [ 5.75, 15.625, 5.76667, 15.75 ], "texture": "#texture" },
        "east":  { "uv": [ 10.25, 15.625, 10.2333, 15.75 ], "texture": "#texture" }
    }
},
{
    "__comment": "ca1 x128",
    "from": [ 6.25, 15.75, 7.5 ],
    "to": [ 9.875, 15.875, 7.6 ],
    "faces": {
        "down":  { "uv": [ 6.25, 0.25, 9.875, 0.233333 ], "texture": "#texture" },
        "up":    { "uv": [ 6.25, 0.125, 9.875, 0.141667 ], "texture": "#texture" },
        "north": { "uv": [ 9.875, 0.125, 6.25, 0.25 ], "texture": "#texture" },
        "south": { "uv": [ 6.25, 0.125, 9.875, 0.25 ], "texture": "#particle" },
        "west":  { "uv": [ 6.25, 0.125, 6.26667, 0.25 ], "texture": "#texture" },
        "east":  { "uv": [ 9.875, 0.125, 9.85833, 0.25 ], "texture": "#texture" }
    }
},
{
    "__comment": "ca1 x128",
    "from": [ 6.25, 0.125, 7.5 ],
    "to": [ 9.75, 0.25, 7.6 ],
    "faces": {
        "down":  { "uv": [ 6.25, 15.875, 9.75, 15.8583 ], "texture": "#texture" },
        "up":    { "uv": [ 6.25, 15.75, 9.75, 15.7667 ], "texture": "#texture" },
        "north": { "uv": [ 9.75, 15.75, 6.25, 15.875 ], "texture": "#texture" },
        "south": { "uv": [ 6.25, 15.75, 9.75, 15.875 ], "texture": "#particle" },
        "west":  { "uv": [ 6.25, 15.75, 6.26667, 15.875 ], "texture": "#texture" },
        "east":  { "uv": [ 9.75, 15.75, 9.73333, 15.875 ], "texture": "#texture" }
    }
},
{
    "__comment": "ca1 x128",
    "from": [ 7, 15.875, 7.5 ],
    "to": [ 9.125, 16, 7.6 ],
    "faces": {
        "down":  { "uv": [ 7, 0.125, 9.125, 0.108333 ], "texture": "#texture" },
        "up":    { "uv": [ 7, 0, 9.125, 0.0166667 ], "texture": "#texture" },
        "north": { "uv": [ 9.125, 0, 7, 0.125 ], "texture": "#texture" },
        "south": { "uv": [ 7, 0, 9.125, 0.125 ], "texture": "#particle" },
        "west":  { "uv": [ 7, 0, 7.01667, 0.125 ], "texture": "#texture" },
        "east":  { "uv": [ 9.125, 0, 9.10833, 0.125 ], "texture": "#texture" }
    }
},
{
    "__comment": "ca1 x128",
    "from": [ 7, 0, 7.5 ],
    "to": [ 9.125, 0.125, 7.6 ],
    "faces": {
        "down":  { "uv": [ 7, 16, 9.125, 15.9833 ], "texture": "#texture" },
        "up":    { "uv": [ 7, 15.875, 9.125, 15.8917 ], "texture": "#texture" },
        "north": { "uv": [ 9.125, 15.875, 7, 16 ], "texture": "#texture" },
        "south": { "uv": [ 7, 15.875, 9.125, 16 ], "texture": "#particle" },
        "west":  { "uv": [ 7, 15.875, 7.01667, 16 ], "texture": "#texture" },
        "east":  { "uv": [ 9.125, 15.875, 9.10833, 16 ], "texture": "#texture" }
    }
},
{
    "__comment": "ca1 x128",
    "from": [ 14, 13.125, 7.5 ],
    "to": [ 14.125, 13.25, 7.6 ],
    "faces": {
        "down":  { "uv": [ 14, 2.875, 14.125, 2.85833 ], "texture": "#texture" },
        "up":    { "uv": [ 14, 2.75, 14.125, 2.76667 ], "texture": "#texture" },
        "north": { "uv": [ 14.125, 2.75, 14, 2.875 ], "texture": "#texture" },
        "south": { "uv": [ 14, 2.75, 14.125, 2.875 ], "texture": "#particle" },
        "west":  { "uv": [ 14, 2.75, 14.0167, 2.875 ], "texture": "#texture" },
        "east":  { "uv": [ 14.125, 2.75, 14.1083, 2.875 ], "texture": "#texture" }
    }
},
{
    "__comment": "ca1 x128",
    "from": [ 14, 2.75, 7.5 ],
    "to": [ 14.125, 2.875, 7.6 ],
    "faces": {
        "down":  { "uv": [ 14, 13.25, 14.125, 13.2333 ], "texture": "#texture" },
        "up":    { "uv": [ 14, 13.125, 14.125, 13.1417 ], "texture": "#texture" },
        "north": { "uv": [ 14.125, 13.125, 14, 13.25 ], "texture": "#texture" },
        "south": { "uv": [ 14, 13.125, 14.125, 13.25 ], "texture": "#particle" },
        "west":  { "uv": [ 14, 13.125, 14.0167, 13.25 ], "texture": "#texture" },
        "east":  { "uv": [ 14.125, 13.125, 14.1083, 13.25 ], "texture": "#texture" }
    }
},
{
    "__comment": "ca1 x128",
    "from": [ 14.5, 12.5, 7.5 ],
    "to": [ 14.625, 12.625, 7.6 ],
    "faces": {
        "down":  { "uv": [ 14.5, 3.5, 14.625, 3.48333 ], "texture": "#texture" },
        "up":    { "uv": [ 14.5, 3.375, 14.625, 3.39167 ], "texture": "#texture" },
        "north": { "uv": [ 14.625, 3.375, 14.5, 3.5 ], "texture": "#texture" },
        "south": { "uv": [ 14.5, 3.375, 14.625, 3.5 ], "texture": "#particle" },
        "west":  { "uv": [ 14.5, 3.375, 14.5167, 3.5 ], "texture": "#texture" },
        "east":  { "uv": [ 14.625, 3.375, 14.6083, 3.5 ], "texture": "#texture" }
    }
},
{
    "__comment": "ca1 x128",
    "from": [ 14.5, 3.375, 7.5 ],
    "to": [ 14.625, 3.5, 7.6 ],
    "faces": {
        "down":  { "uv": [ 14.5, 12.625, 14.625, 12.6083 ], "texture": "#texture" },
        "up":    { "uv": [ 14.5, 12.5, 14.625, 12.5167 ], "texture": "#texture" },
        "north": { "uv": [ 14.625, 12.5, 14.5, 12.625 ], "texture": "#texture" },
        "south": { "uv": [ 14.5, 12.5, 14.625, 12.625 ], "texture": "#particle" },
        "west":  { "uv": [ 14.5, 12.5, 14.5167, 12.625 ], "texture": "#texture" },
        "east":  { "uv": [ 14.625, 12.5, 14.6083, 12.625 ], "texture": "#texture" }
    }
},
{
    "__comment": "ca1 x128",
    "from": [ 14.75, 12.125, 7.5 ],
    "to": [ 14.875, 12.25, 7.6 ],
    "faces": {
        "down":  { "uv": [ 14.75, 3.875, 14.875, 3.85833 ], "texture": "#texture" },
        "up":    { "uv": [ 14.75, 3.75, 14.875, 3.76667 ], "texture": "#texture" },
        "north": { "uv": [ 14.875, 3.75, 14.75, 3.875 ], "texture": "#texture" },
        "south": { "uv": [ 14.75, 3.75, 14.875, 3.875 ], "texture": "#particle" },
        "west":  { "uv": [ 14.75, 3.75, 14.7667, 3.875 ], "texture": "#texture" },
        "east":  { "uv": [ 14.875, 3.75, 14.8583, 3.875 ], "texture": "#texture" }
    }
},
{
    "__comment": "ca1 x128",
    "from": [ 14.75, 3.75, 7.5 ],
    "to": [ 14.875, 3.875, 7.6 ],
    "faces": {
        "down":  { "uv": [ 14.75, 12.25, 14.875, 12.2333 ], "texture": "#texture" },
        "up":    { "uv": [ 14.75, 12.125, 14.875, 12.1417 ], "texture": "#texture" },
        "north": { "uv": [ 14.875, 12.125, 14.75, 12.25 ], "texture": "#texture" },
        "south": { "uv": [ 14.75, 12.125, 14.875, 12.25 ], "texture": "#particle" },
        "west":  { "uv": [ 14.75, 12.125, 14.7667, 12.25 ], "texture": "#texture" },
        "east":  { "uv": [ 14.875, 12.125, 14.8583, 12.25 ], "texture": "#texture" }
    }
},
{
    "__comment": "ca1 x128",
    "from": [ 15.25, 11.125, 7.5 ],
    "to": [ 15.375, 11.375, 7.6 ],
    "faces": {
        "down":  { "uv": [ 15.25, 4.875, 15.375, 4.85833 ], "texture": "#texture" },
        "up":    { "uv": [ 15.25, 4.625, 15.375, 4.64167 ], "texture": "#texture" },
        "north": { "uv": [ 15.375, 4.625, 15.25, 4.875 ], "texture": "#texture" },
        "south": { "uv": [ 15.25, 4.625, 15.375, 4.875 ], "texture": "#particle" },
        "west":  { "uv": [ 15.25, 4.625, 15.2667, 4.875 ], "texture": "#texture" },
        "east":  { "uv": [ 15.375, 4.625, 15.3583, 4.875 ], "texture": "#texture" }
    }
},
{
    "__comment": "ca1 x128",
    "from": [ 15.25, 4.625, 7.5 ],
    "to": [ 15.375, 4.875, 7.6 ],
    "faces": {
        "down":  { "uv": [ 15.25, 11.375, 15.375, 11.3583 ], "texture": "#texture" },
        "up":    { "uv": [ 15.25, 11.125, 15.375, 11.1417 ], "texture": "#texture" },
        "north": { "uv": [ 15.375, 11.125, 15.25, 11.375 ], "texture": "#texture" },
        "south": { "uv": [ 15.25, 11.125, 15.375, 11.375 ], "texture": "#particle" },
        "west":  { "uv": [ 15.25, 11.125, 15.2667, 11.375 ], "texture": "#texture" },
        "east":  { "uv": [ 15.375, 11.125, 15.3583, 11.375 ], "texture": "#texture" }
    }
},
{
    "__comment": "ca1 x128",
    "from": [ 15.5, 10.5, 7.5 ],
    "to": [ 15.625, 10.75, 7.6 ],
    "faces": {
        "down":  { "uv": [ 15.5, 5.5, 15.625, 5.48333 ], "texture": "#texture" },
        "up":    { "uv": [ 15.5, 5.25, 15.625, 5.26667 ], "texture": "#texture" },
        "north": { "uv": [ 15.625, 5.25, 15.5, 5.5 ], "texture": "#texture" },
        "south": { "uv": [ 15.5, 5.25, 15.625, 5.5 ], "texture": "#particle" },
        "west":  { "uv": [ 15.5, 5.25, 15.5167, 5.5 ], "texture": "#texture" },
        "east":  { "uv": [ 15.625, 5.25, 15.6083, 5.5 ], "texture": "#texture" }
    }
},
{
    "__comment": "ca1 x128",
    "from": [ 15.5, 5.25, 7.5 ],
    "to": [ 15.625, 5.5, 7.6 ],
    "faces": {
        "down":  { "uv": [ 15.5, 10.75, 15.625, 10.7333 ], "texture": "#texture" },
        "up":    { "uv": [ 15.5, 10.5, 15.625, 10.5167 ], "texture": "#texture" },
        "north": { "uv": [ 15.625, 10.5, 15.5, 10.75 ], "texture": "#texture" },
        "south": { "uv": [ 15.5, 10.5, 15.625, 10.75 ], "texture": "#particle" },
        "west":  { "uv": [ 15.5, 10.5, 15.5167, 10.75 ], "texture": "#texture" },
        "east":  { "uv": [ 15.625, 10.5, 15.6083, 10.75 ], "texture": "#texture" }
    }
},
{
    "__comment": "ca1 x128",
    "from": [ 15.625, 10.125, 7.5 ],
    "to": [ 15.75, 10.375, 7.6 ],
    "faces": {
        "down":  { "uv": [ 15.625, 5.875, 15.75, 5.85833 ], "texture": "#texture" },
        "up":    { "uv": [ 15.625, 5.625, 15.75, 5.64167 ], "texture": "#texture" },
        "north": { "uv": [ 15.75, 5.625, 15.625, 5.875 ], "texture": "#texture" },
        "south": { "uv": [ 15.625, 5.625, 15.75, 5.875 ], "texture": "#particle" },
        "west":  { "uv": [ 15.625, 5.625, 15.6417, 5.875 ], "texture": "#texture" },
        "east":  { "uv": [ 15.75, 5.625, 15.7333, 5.875 ], "texture": "#texture" }
    }
},
{
    "__comment": "ca1 x128",
    "from": [ 15.625, 5.625, 7.5 ],
    "to": [ 15.75, 5.875, 7.6 ],
    "faces": {
        "down":  { "uv": [ 15.625, 10.375, 15.75, 10.3583 ], "texture": "#texture" },
        "up":    { "uv": [ 15.625, 10.125, 15.75, 10.1417 ], "texture": "#texture" },
        "north": { "uv": [ 15.75, 10.125, 15.625, 10.375 ], "texture": "#texture" },
        "south": { "uv": [ 15.625, 10.125, 15.75, 10.375 ], "texture": "#particle" },
        "west":  { "uv": [ 15.625, 10.125, 15.6417, 10.375 ], "texture": "#texture" },
        "east":  { "uv": [ 15.75, 10.125, 15.7333, 10.375 ], "texture": "#texture" }
    }
},
{
    "__comment": "ca1 x128",
    "from": [ 15.75, 9.5, 7.5 ],
    "to": [ 15.875, 9.875, 7.6 ],
    "faces": {
        "down":  { "uv": [ 15.75, 6.5, 15.875, 6.48333 ], "texture": "#texture" },
        "up":    { "uv": [ 15.75, 6.125, 15.875, 6.14167 ], "texture": "#texture" },
        "north": { "uv": [ 15.875, 6.125, 15.75, 6.5 ], "texture": "#texture" },
        "south": { "uv": [ 15.75, 6.125, 15.875, 6.5 ], "texture": "#particle" },
        "west":  { "uv": [ 15.75, 6.125, 15.7667, 6.5 ], "texture": "#texture" },
        "east":  { "uv": [ 15.875, 6.125, 15.8583, 6.5 ], "texture": "#texture" }
    }
},
{
    "__comment": "ca1 x128",
    "from": [ 15.75, 6.125, 7.5 ],
    "to": [ 15.875, 6.5, 7.6 ],
    "faces": {
        "down":  { "uv": [ 15.75, 9.875, 15.875, 9.85833 ], "texture": "#texture" },
        "up":    { "uv": [ 15.75, 9.5, 15.875, 9.51667 ], "texture": "#texture" },
        "north": { "uv": [ 15.875, 9.5, 15.75, 9.875 ], "texture": "#texture" },
        "south": { "uv": [ 15.75, 9.5, 15.875, 9.875 ], "texture": "#particle" },
        "west":  { "uv": [ 15.75, 9.5, 15.7667, 9.875 ], "texture": "#texture" },
        "east":  { "uv": [ 15.875, 9.5, 15.8583, 9.875 ], "texture": "#texture" }
    }
},
{
    "__comment": "ca1 x128",
    "from": [ 15.875, 8.5, 7.5 ],
    "to": [ 16, 9.375, 7.6 ],
    "faces": {
        "down":  { "uv": [ 15.875, 7.5, 16, 7.48333 ], "texture": "#texture" },
        "up":    { "uv": [ 15.875, 6.625, 16, 6.64167 ], "texture": "#texture" },
        "north": { "uv": [ 16, 6.625, 15.875, 7.5 ], "texture": "#texture" },
        "south": { "uv": [ 15.875, 6.625, 16, 7.5 ], "texture": "#particle" },
        "west":  { "uv": [ 15.875, 6.625, 15.8917, 7.5 ], "texture": "#texture" },
        "east":  { "uv": [ 16, 6.625, 15.9833, 7.5 ], "texture": "#texture" }
    }
},
{
    "__comment": "ca1 x128",
    "from": [ 15.875, 6.625, 7.5 ],
    "to": [ 16, 7.5, 7.6 ],
    "faces": {
        "down":  { "uv": [ 15.875, 9.375, 16, 9.35833 ], "texture": "#texture" },
        "up":    { "uv": [ 15.875, 8.5, 16, 8.51667 ], "texture": "#texture" },
        "north": { "uv": [ 16, 8.5, 15.875, 9.375 ], "texture": "#texture" },
        "south": { "uv": [ 15.875, 8.5, 16, 9.375 ], "texture": "#particle" },
        "west":  { "uv": [ 15.875, 8.5, 15.8917, 9.375 ], "texture": "#texture" },
        "east":  { "uv": [ 16, 8.5, 15.9833, 9.375 ], "texture": "#texture" }
    }
}
],
"display": {
    "thirdperson_righthand": {
        "rotation": [ 0, -90, 0 ],
        "translation": [ 1.32, -1.51, 4.35 ],
        "scale": [ 1, 1, 3 ]
    },
    "thirdperson_lefthand": {
        "rotation": [ 0, -90, 0 ],
        "translation": [ 1.13, -1.7, 4.34 ],
        "scale": [ 1, 1, 3 ]
    },
    "head": {
        "rotation": [ 14, -9, -10 ],
        "translation": [ 7.56, 9.64, -0.19 ],
        "scale": [ 1, 1, 1 ]
    },
    "ground": {
        "rotation": [ 0, 0, 0 ],
        "translation": [ 0, 6.05, 0 ],
        "scale": [ 1, 1, 1 ]
    },
    "fixed": {
        "rotation": [ 0, 0, 0 ],
        "translation": [ 0, 0, 0 ],
        "scale": [ 1, 1, 1 ]
    },
    "firstperson_righthand": {
        "rotation": [ 0, -85, 0 ],
        "translation": [ 1.13, 0.19, -2.65 ],
        "scale": [ 1, 1, 1 ]
    },
    "firstperson_lefthand": {
        "rotation": [ 0, -85, 0 ],
        "translation": [ -0.76, 0.19, -2.65 ],
        "scale": [ 1, 1, 1 ]
    },
    "gui": {
        "rotation": [ 0, 180, 0 ],
        "translation": [ 0, 0, 0 ],
        "scale": [ 0.9, 0.9, 0.9 ]
    }
}
}