{
"__comment": "Designed by Yoyomg43 with BDcraft Cubik PRO 0.96 Beta - http://bdcraft.net",
"textures": {
    "texture": "custom/sword7"
},
"elements": [ 
{
    "__comment": "sword7 x128",
    "from": [ 0.5, 11.5, 7.5 ],
    "to": [ 1.375, 12, 7.7 ],
    "faces": {
        "down":  { "uv": [ 0.5, 4.5, 1.375, 4.47241 ], "texture": "#texture" },
        "up":    { "uv": [ 0.5, 4, 1.375, 4.02759 ], "texture": "#texture" },
        "north": { "uv": [ 1.375, 4, 0.5, 4.5 ], "texture": "#texture" },
        "south": { "uv": [ 0.5, 4, 1.375, 4.5 ], "texture": "#texture" },
        "west":  { "uv": [ 0.5, 4, 0.527586, 4.5 ], "texture": "#texture" },
        "east":  { "uv": [ 1.375, 4, 1.34741, 4.5 ], "texture": "#texture" }
    }
},
{
    "__comment": "sword7 x128",
    "from": [ 1.375, 11.5, 7.5 ],
    "to": [ 2.75, 11.875, 7.7 ],
    "faces": {
        "down":  { "uv": [ 1.375, 4.5, 2.75, 4.47241 ], "texture": "#texture" },
        "up":    { "uv": [ 1.375, 4.125, 2.75, 4.15259 ], "texture": "#texture" },
        "north": { "uv": [ 2.75, 4.125, 1.375, 4.5 ], "texture": "#texture" },
        "south": { "uv": [ 1.375, 4.125, 2.75, 4.5 ], "texture": "#texture" },
        "west":  { "uv": [ 1.375, 4.125, 1.40259, 4.5 ], "texture": "#texture" },
        "east":  { "uv": [ 2.75, 4.125, 2.72241, 4.5 ], "texture": "#texture" }
    }
},
{
    "__comment": "sword7 x128",
    "from": [ 1.5, 11.375, 7.5 ],
    "to": [ 14.375, 11.5, 7.7 ],
    "faces": {
        "down":  { "uv": [ 1.5, 4.625, 14.375, 4.59741 ], "texture": "#texture" },
        "up":    { "uv": [ 1.5, 4.5, 14.375, 4.52759 ], "texture": "#texture" },
        "north": { "uv": [ 14.375, 4.5, 1.5, 4.625 ], "texture": "#texture" },
        "south": { "uv": [ 1.5, 4.5, 14.375, 4.625 ], "texture": "#texture" },
        "west":  { "uv": [ 1.5, 4.5, 1.52759, 4.625 ], "texture": "#texture" },
        "east":  { "uv": [ 14.375, 4.5, 14.3474, 4.625 ], "texture": "#texture" }
    }
},
{
    "__comment": "sword7 x128",
    "from": [ 2.5, 11.25, 7.5 ],
    "to": [ 13.375, 11.375, 7.7 ],
    "faces": {
        "down":  { "uv": [ 2.5, 4.75, 13.375, 4.72241 ], "texture": "#texture" },
        "up":    { "uv": [ 2.5, 4.625, 13.375, 4.65259 ], "texture": "#texture" },
        "north": { "uv": [ 13.375, 4.625, 2.5, 4.75 ], "texture": "#texture" },
        "south": { "uv": [ 2.5, 4.625, 13.375, 4.75 ], "texture": "#texture" },
        "west":  { "uv": [ 2.5, 4.625, 2.52759, 4.75 ], "texture": "#texture" },
        "east":  { "uv": [ 13.375, 4.625, 13.3474, 4.75 ], "texture": "#texture" }
    }
},
{
    "__comment": "sword7 x128",
    "from": [ 2.75, 11.5, 7.5 ],
    "to": [ 4.5, 11.75, 7.7 ],
    "faces": {
        "down":  { "uv": [ 2.75, 4.5, 4.5, 4.47241 ], "texture": "#texture" },
        "up":    { "uv": [ 2.75, 4.25, 4.5, 4.27759 ], "texture": "#texture" },
        "north": { "uv": [ 4.5, 4.25, 2.75, 4.5 ], "texture": "#texture" },
        "south": { "uv": [ 2.75, 4.25, 4.5, 4.5 ], "texture": "#texture" },
        "west":  { "uv": [ 2.75, 4.25, 2.77759, 4.5 ], "texture": "#texture" },
        "east":  { "uv": [ 4.5, 4.25, 4.47241, 4.5 ], "texture": "#texture" }
    }
},
{
    "__comment": "sword7 x128",
    "from": [ 3.75, 11.125, 7.5 ],
    "to": [ 11.75, 11.25, 7.7 ],
    "faces": {
        "down":  { "uv": [ 3.75, 4.875, 11.75, 4.84741 ], "texture": "#texture" },
        "up":    { "uv": [ 3.75, 4.75, 11.75, 4.77759 ], "texture": "#texture" },
        "north": { "uv": [ 11.75, 4.75, 3.75, 4.875 ], "texture": "#texture" },
        "south": { "uv": [ 3.75, 4.75, 11.75, 4.875 ], "texture": "#texture" },
        "west":  { "uv": [ 3.75, 4.75, 3.77759, 4.875 ], "texture": "#texture" },
        "east":  { "uv": [ 11.75, 4.75, 11.7224, 4.875 ], "texture": "#texture" }
    }
},
{
    "__comment": "sword7 x128",
    "from": [ 4.125, 10.875, 7.5 ],
    "to": [ 4.375, 11.125, 7.7 ],
    "faces": {
        "down":  { "uv": [ 4.125, 5.125, 4.375, 5.09741 ], "texture": "#texture" },
        "up":    { "uv": [ 4.125, 4.875, 4.375, 4.90259 ], "texture": "#texture" },
        "north": { "uv": [ 4.375, 4.875, 4.125, 5.125 ], "texture": "#texture" },
        "south": { "uv": [ 4.125, 4.875, 4.375, 5.125 ], "texture": "#texture" },
        "west":  { "uv": [ 4.125, 4.875, 4.15259, 5.125 ], "texture": "#texture" },
        "east":  { "uv": [ 4.375, 4.875, 4.34741, 5.125 ], "texture": "#texture" }
    }
},
{
    "__comment": "sword7 x128",
    "from": [ 4.25, 11.75, 7.5 ],
    "to": [ 4.5, 12, 7.7 ],
    "faces": {
        "down":  { "uv": [ 4.25, 4.25, 4.5, 4.22241 ], "texture": "#texture" },
        "up":    { "uv": [ 4.25, 4, 4.5, 4.02759 ], "texture": "#texture" },
        "north": { "uv": [ 4.5, 4, 4.25, 4.25 ], "texture": "#texture" },
        "south": { "uv": [ 4.25, 4, 4.5, 4.25 ], "texture": "#texture" },
        "west":  { "uv": [ 4.25, 4, 4.27759, 4.25 ], "texture": "#texture" },
        "east":  { "uv": [ 4.5, 4, 4.47241, 4.25 ], "texture": "#texture" }
    }
},
{
    "__comment": "sword7 x128",
    "from": [ 4.375, 11, 7.5 ],
    "to": [ 4.5, 11.125, 7.7 ],
    "faces": {
        "down":  { "uv": [ 4.375, 5, 4.5, 4.97241 ], "texture": "#texture" },
        "up":    { "uv": [ 4.375, 4.875, 4.5, 4.90259 ], "texture": "#texture" },
        "north": { "uv": [ 4.5, 4.875, 4.375, 5 ], "texture": "#texture" },
        "south": { "uv": [ 4.375, 4.875, 4.5, 5 ], "texture": "#texture" },
        "west":  { "uv": [ 4.375, 4.875, 4.40259, 5 ], "texture": "#texture" },
        "east":  { "uv": [ 4.5, 4.875, 4.47241, 5 ], "texture": "#texture" }
    }
},
{
    "__comment": "sword7 x128",
    "from": [ 4.5, 11.5, 7.5 ],
    "to": [ 6.125, 11.625, 7.7 ],
    "faces": {
        "down":  { "uv": [ 4.5, 4.5, 6.125, 4.47241 ], "texture": "#texture" },
        "up":    { "uv": [ 4.5, 4.375, 6.125, 4.40259 ], "texture": "#texture" },
        "north": { "uv": [ 6.125, 4.375, 4.5, 4.5 ], "texture": "#texture" },
        "south": { "uv": [ 4.5, 4.375, 6.125, 4.5 ], "texture": "#texture" },
        "west":  { "uv": [ 4.5, 4.375, 4.52759, 4.5 ], "texture": "#texture" },
        "east":  { "uv": [ 6.125, 4.375, 6.09741, 4.5 ], "texture": "#texture" }
    }
},
{
    "__comment": "sword7 x128",
    "from": [ 5.75, 11, 7.5 ],
    "to": [ 9.5, 11.125, 7.7 ],
    "faces": {
        "down":  { "uv": [ 5.75, 5, 9.5, 4.97241 ], "texture": "#texture" },
        "up":    { "uv": [ 5.75, 4.875, 9.5, 4.90259 ], "texture": "#texture" },
        "north": { "uv": [ 9.5, 4.875, 5.75, 5 ], "texture": "#texture" },
        "south": { "uv": [ 5.75, 4.875, 9.5, 5 ], "texture": "#texture" },
        "west":  { "uv": [ 5.75, 4.875, 5.77759, 5 ], "texture": "#texture" },
        "east":  { "uv": [ 9.5, 4.875, 9.47241, 5 ], "texture": "#texture" }
    }
},
{
    "__comment": "sword7 x128",
    "from": [ 10.125, 11.5, 7.5 ],
    "to": [ 15.375, 11.625, 7.7 ],
    "faces": {
        "down":  { "uv": [ 10.125, 4.5, 15.375, 4.47241 ], "texture": "#texture" },
        "up":    { "uv": [ 10.125, 4.375, 15.375, 4.40259 ], "texture": "#texture" },
        "north": { "uv": [ 15.375, 4.375, 10.125, 4.5 ], "texture": "#texture" },
        "south": { "uv": [ 10.125, 4.375, 15.375, 4.5 ], "texture": "#texture" },
        "west":  { "uv": [ 10.125, 4.375, 10.1526, 4.5 ], "texture": "#texture" },
        "east":  { "uv": [ 15.375, 4.375, 15.3474, 4.5 ], "texture": "#texture" }
    }
},
{
    "__comment": "sword7 x128",
    "from": [ 12.375, 11.625, 7.5 ],
    "to": [ 15.625, 11.75, 7.7 ],
    "faces": {
        "down":  { "uv": [ 12.375, 4.375, 15.625, 4.34741 ], "texture": "#texture" },
        "up":    { "uv": [ 12.375, 4.25, 15.625, 4.27759 ], "texture": "#texture" },
        "north": { "uv": [ 15.625, 4.25, 12.375, 4.375 ], "texture": "#texture" },
        "south": { "uv": [ 12.375, 4.25, 15.625, 4.375 ], "texture": "#texture" },
        "west":  { "uv": [ 12.375, 4.25, 12.4026, 4.375 ], "texture": "#texture" },
        "east":  { "uv": [ 15.625, 4.25, 15.5974, 4.375 ], "texture": "#texture" }
    }
},
{
    "__comment": "sword7 x128",
    "from": [ 13.875, 11.75, 7.5 ],
    "to": [ 15.75, 11.875, 7.7 ],
    "faces": {
        "down":  { "uv": [ 13.875, 4.25, 15.75, 4.22241 ], "texture": "#texture" },
        "up":    { "uv": [ 13.875, 4.125, 15.75, 4.15259 ], "texture": "#texture" },
        "north": { "uv": [ 15.75, 4.125, 13.875, 4.25 ], "texture": "#texture" },
        "south": { "uv": [ 13.875, 4.125, 15.75, 4.25 ], "texture": "#texture" },
        "west":  { "uv": [ 13.875, 4.125, 13.9026, 4.25 ], "texture": "#texture" },
        "east":  { "uv": [ 15.75, 4.125, 15.7224, 4.25 ], "texture": "#texture" }
    }
},
{
    "__comment": "sword7 x128",
    "from": [ 14.875, 11.875, 7.5 ],
    "to": [ 15.875, 12, 7.7 ],
    "faces": {
        "down":  { "uv": [ 14.875, 4.125, 15.875, 4.09741 ], "texture": "#texture" },
        "up":    { "uv": [ 14.875, 4, 15.875, 4.02759 ], "texture": "#texture" },
        "north": { "uv": [ 15.875, 4, 14.875, 4.125 ], "texture": "#texture" },
        "south": { "uv": [ 14.875, 4, 15.875, 4.125 ], "texture": "#texture" },
        "west":  { "uv": [ 14.875, 4, 14.9026, 4.125 ], "texture": "#texture" },
        "east":  { "uv": [ 15.875, 4, 15.8474, 4.125 ], "texture": "#texture" }
    }
},
{
    "__comment": "sword7 x128",
    "from": [ 15.875, 12, 7.5 ],
    "to": [ 16, 12.125, 7.7 ],
    "faces": {
        "down":  { "uv": [ 15.875, 4, 16, 3.97241 ], "texture": "#texture" },
        "up":    { "uv": [ 15.875, 3.875, 16, 3.90259 ], "texture": "#texture" },
        "north": { "uv": [ 16, 3.875, 15.875, 4 ], "texture": "#texture" },
        "south": { "uv": [ 15.875, 3.875, 16, 4 ], "texture": "#texture" },
        "west":  { "uv": [ 15.875, 3.875, 15.9026, 4 ], "texture": "#texture" },
        "east":  { "uv": [ 16, 3.875, 15.9724, 4 ], "texture": "#texture" }
    }
}
],
"display": {
    "thirdperson_righthand": {
        "rotation": [ -18, 90, 108 ],
        "translation": [ 0.94, 8.69, -5.86 ],
        "scale": [ 2, 2, 2 ]
    },
    "thirdperson_lefthand": {
        "rotation": [ -18, -90, -103 ],
        "translation": [ -0.19, 8.69, -5.86 ],
        "scale": [ 2, 2, 2 ]
    },
    "head": {
        "rotation": [ 0, 0, 0 ],
        "translation": [ 0, 0, 0 ],
        "scale": [ 1, 1, 1 ]
    },
    "ground": {
        "rotation": [ 0, -7, 0 ],
        "translation": [ 0, -7.37, 0 ],
        "scale": [ 1, 1, 1 ]
    },
    "fixed": {
        "rotation": [ 0, 180, 0 ],
        "translation": [ 1.12, -3.02, -1.89 ],
        "scale": [ 1.5, 1.5, 1.5 ]
    },
    "firstperson_righthand": {
        "rotation": [ 10, 77, 45 ],
        "translation": [ 3.78, 4.34, -7.56 ],
        "scale": [ 2, 2, 1.2 ]
    },
    "firstperson_lefthand": {
        "rotation": [ 10, -89, -47 ],
        "translation": [ -1.7, 4.34, -7.56 ],
        "scale": [ 2, 2, 1.2 ]
    },
    "gui": {
        "rotation": [ 0, 180, 45 ],
        "translation": [ -2.46, -3.21, 0 ],
        "scale": [ 1.2, 1.2, 1.2 ]
    }
}
}