{
"__comment": "Designed by Yoyomg43 with BDcraft Cubik PRO 0.95 Beta - http://bdcraft.net",
"textures": {
    "texture": "custom/bk"
},
"elements": [ 
{
    "__comment": "360fx360f x128",
    "from": [ 2, 11.75, 7.5 ],
    "to": [ 2.125, 11.875, 7.7 ],
    "faces": {
        "down":  { "uv": [ 2, 4.25, 2.125, 4.20556 ], "texture": "#texture" },
        "up":    { "uv": [ 2, 4.125, 2.125, 4.1694397926330566 ], "texture": "#texture" },
        "north": { "uv": [ 2.125, 4.125, 2, 4.25 ], "texture": "#texture" },
        "south": { "uv": [ 2, 4.125, 2.125, 4.25 ], "texture": "#texture" },
        "west":  { "uv": [ 2, 4.125, 2.0444400310516357, 4.25 ], "texture": "#texture" },
        "east":  { "uv": [ 2.125, 4.125, 2.0805599689483643, 4.25 ], "texture": "#texture" }
    }
},
{
    "__comment": "360fx360f x128",
    "from": [ 2, 11.5, 7.5 ],
    "to": [ 2.375, 11.625, 7.7 ],
    "faces": {
        "down":  { "uv": [ 2, 4.5, 2.375, 4.45556 ], "texture": "#texture" },
        "up":    { "uv": [ 2, 4.375, 2.375, 4.4194397926330566 ], "texture": "#texture" },
        "north": { "uv": [ 2.375, 4.375, 2, 4.5 ], "texture": "#texture" },
        "south": { "uv": [ 2, 4.375, 2.375, 4.5 ], "texture": "#texture" },
        "west":  { "uv": [ 2, 4.375, 2.0444400310516357, 4.5 ], "texture": "#texture" },
        "east":  { "uv": [ 2.375, 4.375, 2.3305599689483643, 4.5 ], "texture": "#texture" }
    }
},
{
    "__comment": "360fx360f x128",
    "from": [ 2.125, 11.625, 7.5 ],
    "to": [ 2.375, 11.75, 7.7 ],
    "faces": {
        "down":  { "uv": [ 2.125, 4.375, 2.375, 4.33056 ], "texture": "#texture" },
        "up":    { "uv": [ 2.125, 4.25, 2.375, 4.2944397926330566 ], "texture": "#texture" },
        "north": { "uv": [ 2.375, 4.25, 2.125, 4.375 ], "texture": "#texture" },
        "south": { "uv": [ 2.125, 4.25, 2.375, 4.375 ], "texture": "#texture" },
        "west":  { "uv": [ 2.125, 4.25, 2.1694400310516357, 4.375 ], "texture": "#texture" },
        "east":  { "uv": [ 2.375, 4.25, 2.3305599689483643, 4.375 ], "texture": "#texture" }
    }
},
{
    "__comment": "360fx360f x128",
    "from": [ 2.125, 11.25, 7.5 ],
    "to": [ 2.625, 11.5, 7.7 ],
    "faces": {
        "down":  { "uv": [ 2.125, 4.75, 2.625, 4.70556 ], "texture": "#texture" },
        "up":    { "uv": [ 2.125, 4.5, 2.625, 4.5444397926330566 ], "texture": "#texture" },
        "north": { "uv": [ 2.625, 4.5, 2.125, 4.75 ], "texture": "#texture" },
        "south": { "uv": [ 2.125, 4.5, 2.625, 4.75 ], "texture": "#texture" },
        "west":  { "uv": [ 2.125, 4.5, 2.1694400310516357, 4.75 ], "texture": "#texture" },
        "east":  { "uv": [ 2.625, 4.5, 2.5805599689483643, 4.75 ], "texture": "#texture" }
    }
},
{
    "__comment": "360fx360f x128",
    "from": [ 2.25, 11, 7.5 ],
    "to": [ 3.375, 11.125, 7.7 ],
    "faces": {
        "down":  { "uv": [ 2.25, 5, 3.375, 4.95556 ], "texture": "#texture" },
        "up":    { "uv": [ 2.25, 4.875, 3.375, 4.9194397926330566 ], "texture": "#texture" },
        "north": { "uv": [ 3.375, 4.875, 2.25, 5 ], "texture": "#texture" },
        "south": { "uv": [ 2.25, 4.875, 3.375, 5 ], "texture": "#texture" },
        "west":  { "uv": [ 2.25, 4.875, 2.2944400310516357, 5 ], "texture": "#texture" },
        "east":  { "uv": [ 3.375, 4.875, 3.3305599689483643, 5 ], "texture": "#texture" }
    }
},
{
    "__comment": "360fx360f x128",
    "from": [ 2.375, 11.125, 7.5 ],
    "to": [ 3, 11.25, 7.7 ],
    "faces": {
        "down":  { "uv": [ 2.375, 4.875, 3, 4.83056 ], "texture": "#texture" },
        "up":    { "uv": [ 2.375, 4.75, 3, 4.7944397926330566 ], "texture": "#texture" },
        "north": { "uv": [ 3, 4.75, 2.375, 4.875 ], "texture": "#texture" },
        "south": { "uv": [ 2.375, 4.75, 3, 4.875 ], "texture": "#texture" },
        "west":  { "uv": [ 2.375, 4.75, 2.4194400310516357, 4.875 ], "texture": "#texture" },
        "east":  { "uv": [ 3, 4.75, 2.9555599689483643, 4.875 ], "texture": "#texture" }
    }
},
{
    "__comment": "360fx360f x128",
    "from": [ 2.375, 10.75, 7.5 ],
    "to": [ 3.625, 11, 7.7 ],
    "faces": {
        "down":  { "uv": [ 2.375, 5.25, 3.625, 5.20556 ], "texture": "#texture" },
        "up":    { "uv": [ 2.375, 5, 3.625, 5.0444397926330566 ], "texture": "#texture" },
        "north": { "uv": [ 3.625, 5, 2.375, 5.25 ], "texture": "#texture" },
        "south": { "uv": [ 2.375, 5, 3.625, 5.25 ], "texture": "#texture" },
        "west":  { "uv": [ 2.375, 5, 2.4194400310516357, 5.25 ], "texture": "#texture" },
        "east":  { "uv": [ 3.625, 5, 3.5805599689483643, 5.25 ], "texture": "#texture" }
    }
},
{
    "__comment": "360fx360f x128",
    "from": [ 2.625, 11.25, 7.5 ],
    "to": [ 2.75, 11.375, 7.7 ],
    "faces": {
        "down":  { "uv": [ 2.625, 4.75, 2.75, 4.70556 ], "texture": "#texture" },
        "up":    { "uv": [ 2.625, 4.625, 2.75, 4.6694397926330566 ], "texture": "#texture" },
        "north": { "uv": [ 2.75, 4.625, 2.625, 4.75 ], "texture": "#texture" },
        "south": { "uv": [ 2.625, 4.625, 2.75, 4.75 ], "texture": "#texture" },
        "west":  { "uv": [ 2.625, 4.625, 2.6694400310516357, 4.75 ], "texture": "#texture" },
        "east":  { "uv": [ 2.75, 4.625, 2.7055599689483643, 4.75 ], "texture": "#texture" }
    }
},
{
    "__comment": "360fx360f x128",
    "from": [ 2.625, 10.5, 7.5 ],
    "to": [ 4.125, 10.75, 7.7 ],
    "faces": {
        "down":  { "uv": [ 2.625, 5.5, 4.125, 5.45556 ], "texture": "#texture" },
        "up":    { "uv": [ 2.625, 5.25, 4.125, 5.2944397926330566 ], "texture": "#texture" },
        "north": { "uv": [ 4.125, 5.25, 2.625, 5.5 ], "texture": "#texture" },
        "south": { "uv": [ 2.625, 5.25, 4.125, 5.5 ], "texture": "#texture" },
        "west":  { "uv": [ 2.625, 5.25, 2.6694400310516357, 5.5 ], "texture": "#texture" },
        "east":  { "uv": [ 4.125, 5.25, 4.0805602073669434, 5.5 ], "texture": "#texture" }
    }
},
{
    "__comment": "360fx360f x128",
    "from": [ 2.75, 10.25, 7.5 ],
    "to": [ 5.75, 10.5, 7.7 ],
    "faces": {
        "down":  { "uv": [ 2.75, 5.75, 5.75, 5.70556 ], "texture": "#texture" },
        "up":    { "uv": [ 2.75, 5.5, 5.75, 5.5444397926330566 ], "texture": "#texture" },
        "north": { "uv": [ 5.75, 5.5, 2.75, 5.75 ], "texture": "#texture" },
        "south": { "uv": [ 2.75, 5.5, 5.75, 5.75 ], "texture": "#texture" },
        "west":  { "uv": [ 2.75, 5.5, 2.7944400310516357, 5.75 ], "texture": "#texture" },
        "east":  { "uv": [ 5.75, 5.5, 5.7055602073669434, 5.75 ], "texture": "#texture" }
    }
},
{
    "__comment": "360fx360f x128",
    "from": [ 2.875, 10.125, 7.5 ],
    "to": [ 6.125, 10.25, 7.7 ],
    "faces": {
        "down":  { "uv": [ 2.875, 5.875, 6.125, 5.83056 ], "texture": "#texture" },
        "up":    { "uv": [ 2.875, 5.75, 6.125, 5.7944397926330566 ], "texture": "#texture" },
        "north": { "uv": [ 6.125, 5.75, 2.875, 5.875 ], "texture": "#texture" },
        "south": { "uv": [ 2.875, 5.75, 6.125, 5.875 ], "texture": "#texture" },
        "west":  { "uv": [ 2.875, 5.75, 2.9194400310516357, 5.875 ], "texture": "#texture" },
        "east":  { "uv": [ 6.125, 5.75, 6.0805602073669434, 5.875 ], "texture": "#texture" }
    }
},
{
    "__comment": "360fx360f x128",
    "from": [ 3.125, 9.875, 7.5 ],
    "to": [ 6.125, 10.125, 7.7 ],
    "faces": {
        "down":  { "uv": [ 3.125, 6.125, 6.125, 6.08056 ], "texture": "#texture" },
        "up":    { "uv": [ 3.125, 5.875, 6.125, 5.9194397926330566 ], "texture": "#texture" },
        "north": { "uv": [ 6.125, 5.875, 3.125, 6.125 ], "texture": "#texture" },
        "south": { "uv": [ 3.125, 5.875, 6.125, 6.125 ], "texture": "#texture" },
        "west":  { "uv": [ 3.125, 5.875, 3.1694400310516357, 6.125 ], "texture": "#texture" },
        "east":  { "uv": [ 6.125, 5.875, 6.0805602073669434, 6.125 ], "texture": "#texture" }
    }
},
{
    "__comment": "360fx360f x128",
    "from": [ 3.5, 9.625, 7.5 ],
    "to": [ 6.625, 9.875, 7.7 ],
    "faces": {
        "down":  { "uv": [ 3.5, 6.375, 6.625, 6.33056 ], "texture": "#texture" },
        "up":    { "uv": [ 3.5, 6.125, 6.625, 6.1694397926330566 ], "texture": "#texture" },
        "north": { "uv": [ 6.625, 6.125, 3.5, 6.375 ], "texture": "#texture" },
        "south": { "uv": [ 3.5, 6.125, 6.625, 6.375 ], "texture": "#texture" },
        "west":  { "uv": [ 3.5, 6.125, 3.5444400310516357, 6.375 ], "texture": "#texture" },
        "east":  { "uv": [ 6.625, 6.125, 6.5805602073669434, 6.375 ], "texture": "#texture" }
    }
},
{
    "__comment": "360fx360f x128",
    "from": [ 3.625, 10.75, 7.5 ],
    "to": [ 4, 10.875, 7.7 ],
    "faces": {
        "down":  { "uv": [ 3.625, 5.25, 4, 5.20556 ], "texture": "#texture" },
        "up":    { "uv": [ 3.625, 5.125, 4, 5.1694397926330566 ], "texture": "#texture" },
        "north": { "uv": [ 4, 5.125, 3.625, 5.25 ], "texture": "#texture" },
        "south": { "uv": [ 3.625, 5.125, 4, 5.25 ], "texture": "#texture" },
        "west":  { "uv": [ 3.625, 5.125, 3.6694400310516357, 5.25 ], "texture": "#texture" },
        "east":  { "uv": [ 4, 5.125, 3.9555599689483643, 5.25 ], "texture": "#texture" }
    }
},
{
    "__comment": "360fx360f x128",
    "from": [ 3.75, 9.5, 7.5 ],
    "to": [ 7.125, 9.625, 7.7 ],
    "faces": {
        "down":  { "uv": [ 3.75, 6.5, 7.125, 6.45556 ], "texture": "#texture" },
        "up":    { "uv": [ 3.75, 6.375, 7.125, 6.4194397926330566 ], "texture": "#texture" },
        "north": { "uv": [ 7.125, 6.375, 3.75, 6.5 ], "texture": "#texture" },
        "south": { "uv": [ 3.75, 6.375, 7.125, 6.5 ], "texture": "#texture" },
        "west":  { "uv": [ 3.75, 6.375, 3.7944400310516357, 6.5 ], "texture": "#texture" },
        "east":  { "uv": [ 7.125, 6.375, 7.0805602073669434, 6.5 ], "texture": "#texture" }
    }
},
{
    "__comment": "360fx360f x128",
    "from": [ 4, 9.375, 7.5 ],
    "to": [ 7.5, 9.5, 7.7 ],
    "faces": {
        "down":  { "uv": [ 4, 6.625, 7.5, 6.58056 ], "texture": "#texture" },
        "up":    { "uv": [ 4, 6.5, 7.5, 6.5444397926330566 ], "texture": "#texture" },
        "north": { "uv": [ 7.5, 6.5, 4, 6.625 ], "texture": "#texture" },
        "south": { "uv": [ 4, 6.5, 7.5, 6.625 ], "texture": "#texture" },
        "west":  { "uv": [ 4, 6.5, 4.0444397926330566, 6.625 ], "texture": "#texture" },
        "east":  { "uv": [ 7.5, 6.5, 7.4555602073669434, 6.625 ], "texture": "#texture" }
    }
},
{
    "__comment": "360fx360f x128",
    "from": [ 4.125, 10.5, 7.5 ],
    "to": [ 5.5, 10.625, 7.7 ],
    "faces": {
        "down":  { "uv": [ 4.125, 5.5, 5.5, 5.45556 ], "texture": "#texture" },
        "up":    { "uv": [ 4.125, 5.375, 5.5, 5.4194397926330566 ], "texture": "#texture" },
        "north": { "uv": [ 5.5, 5.375, 4.125, 5.5 ], "texture": "#texture" },
        "south": { "uv": [ 4.125, 5.375, 5.5, 5.5 ], "texture": "#texture" },
        "west":  { "uv": [ 4.125, 5.375, 4.1694397926330566, 5.5 ], "texture": "#texture" },
        "east":  { "uv": [ 5.5, 5.375, 5.4555602073669434, 5.5 ], "texture": "#texture" }
    }
},
{
    "__comment": "360fx360f x128",
    "from": [ 4.125, 9.25, 7.5 ],
    "to": [ 4.25, 9.375, 7.7 ],
    "faces": {
        "down":  { "uv": [ 4.125, 6.75, 4.25, 6.70556 ], "texture": "#texture" },
        "up":    { "uv": [ 4.125, 6.625, 4.25, 6.6694397926330566 ], "texture": "#texture" },
        "north": { "uv": [ 4.25, 6.625, 4.125, 6.75 ], "texture": "#texture" },
        "south": { "uv": [ 4.125, 6.625, 4.25, 6.75 ], "texture": "#texture" },
        "west":  { "uv": [ 4.125, 6.625, 4.1694397926330566, 6.75 ], "texture": "#texture" },
        "east":  { "uv": [ 4.25, 6.625, 4.2055602073669434, 6.75 ], "texture": "#texture" }
    }
},
{
    "__comment": "360fx360f x128",
    "from": [ 4.375, 9.25, 7.5 ],
    "to": [ 7.5, 9.375, 7.7 ],
    "faces": {
        "down":  { "uv": [ 4.375, 6.75, 7.5, 6.70556 ], "texture": "#texture" },
        "up":    { "uv": [ 4.375, 6.625, 7.5, 6.6694397926330566 ], "texture": "#texture" },
        "north": { "uv": [ 7.5, 6.625, 4.375, 6.75 ], "texture": "#texture" },
        "south": { "uv": [ 4.375, 6.625, 7.5, 6.75 ], "texture": "#texture" },
        "west":  { "uv": [ 4.375, 6.625, 4.4194397926330566, 6.75 ], "texture": "#texture" },
        "east":  { "uv": [ 7.5, 6.625, 7.4555602073669434, 6.75 ], "texture": "#texture" }
    }
},
{
    "__comment": "360fx360f x128",
    "from": [ 4.5, 9.125, 7.5 ],
    "to": [ 4.75, 9.25, 7.7 ],
    "faces": {
        "down":  { "uv": [ 4.5, 6.875, 4.75, 6.83056 ], "texture": "#texture" },
        "up":    { "uv": [ 4.5, 6.75, 4.75, 6.7944397926330566 ], "texture": "#texture" },
        "north": { "uv": [ 4.75, 6.75, 4.5, 6.875 ], "texture": "#texture" },
        "south": { "uv": [ 4.5, 6.75, 4.75, 6.875 ], "texture": "#texture" },
        "west":  { "uv": [ 4.5, 6.75, 4.5444397926330566, 6.875 ], "texture": "#texture" },
        "east":  { "uv": [ 4.75, 6.75, 4.7055602073669434, 6.875 ], "texture": "#texture" }
    }
},
{
    "__comment": "360fx360f x128",
    "from": [ 4.75, 10.625, 7.5 ],
    "to": [ 5.125, 10.75, 7.7 ],
    "faces": {
        "down":  { "uv": [ 4.75, 5.375, 5.125, 5.33056 ], "texture": "#texture" },
        "up":    { "uv": [ 4.75, 5.25, 5.125, 5.2944397926330566 ], "texture": "#texture" },
        "north": { "uv": [ 5.125, 5.25, 4.75, 5.375 ], "texture": "#texture" },
        "south": { "uv": [ 4.75, 5.25, 5.125, 5.375 ], "texture": "#texture" },
        "west":  { "uv": [ 4.75, 5.25, 4.7944397926330566, 5.375 ], "texture": "#texture" },
        "east":  { "uv": [ 5.125, 5.25, 5.0805602073669434, 5.375 ], "texture": "#texture" }
    }
},
{
    "__comment": "360fx360f x128",
    "from": [ 4.875, 9.125, 7.5 ],
    "to": [ 8, 9.25, 7.7 ],
    "faces": {
        "down":  { "uv": [ 4.875, 6.875, 8, 6.83056 ], "texture": "#texture" },
        "up":    { "uv": [ 4.875, 6.75, 8, 6.7944397926330566 ], "texture": "#texture" },
        "north": { "uv": [ 8, 6.75, 4.875, 6.875 ], "texture": "#texture" },
        "south": { "uv": [ 4.875, 6.75, 8, 6.875 ], "texture": "#texture" },
        "west":  { "uv": [ 4.875, 6.75, 4.9194397926330566, 6.875 ], "texture": "#texture" },
        "east":  { "uv": [ 8, 6.75, 7.9555602073669434, 6.875 ], "texture": "#texture" }
    }
},
{
    "__comment": "360fx360f x128",
    "from": [ 5, 9, 7.5 ],
    "to": [ 5.125, 9.125, 7.7 ],
    "faces": {
        "down":  { "uv": [ 5, 7, 5.125, 6.95556 ], "texture": "#texture" },
        "up":    { "uv": [ 5, 6.875, 5.125, 6.9194397926330566 ], "texture": "#texture" },
        "north": { "uv": [ 5.125, 6.875, 5, 7 ], "texture": "#texture" },
        "south": { "uv": [ 5, 6.875, 5.125, 7 ], "texture": "#texture" },
        "west":  { "uv": [ 5, 6.875, 5.0444397926330566, 7 ], "texture": "#texture" },
        "east":  { "uv": [ 5.125, 6.875, 5.0805602073669434, 7 ], "texture": "#texture" }
    }
},
{
    "__comment": "360fx360f x128",
    "from": [ 5.25, 8.875, 7.5 ],
    "to": [ 5.375, 9.125, 7.7 ],
    "faces": {
        "down":  { "uv": [ 5.25, 7.125, 5.375, 7.08056 ], "texture": "#texture" },
        "up":    { "uv": [ 5.25, 6.875, 5.375, 6.9194397926330566 ], "texture": "#texture" },
        "north": { "uv": [ 5.375, 6.875, 5.25, 7.125 ], "texture": "#texture" },
        "south": { "uv": [ 5.25, 6.875, 5.375, 7.125 ], "texture": "#texture" },
        "west":  { "uv": [ 5.25, 6.875, 5.2944397926330566, 7.125 ], "texture": "#texture" },
        "east":  { "uv": [ 5.375, 6.875, 5.3305602073669434, 7.125 ], "texture": "#texture" }
    }
},
{
    "__comment": "360fx360f x128",
    "from": [ 5.375, 9, 7.5 ],
    "to": [ 8.375, 9.125, 7.7 ],
    "faces": {
        "down":  { "uv": [ 5.375, 7, 8.375, 6.95556 ], "texture": "#texture" },
        "up":    { "uv": [ 5.375, 6.875, 8.375, 6.9194397926330566 ], "texture": "#texture" },
        "north": { "uv": [ 8.375, 6.875, 5.375, 7 ], "texture": "#texture" },
        "south": { "uv": [ 5.375, 6.875, 8.375, 7 ], "texture": "#texture" },
        "west":  { "uv": [ 5.375, 6.875, 5.4194397926330566, 7 ], "texture": "#texture" },
        "east":  { "uv": [ 8.375, 6.875, 8.3305597305297852, 7 ], "texture": "#texture" }
    }
},
{
    "__comment": "360fx360f x128",
    "from": [ 5.5, 8.875, 7.5 ],
    "to": [ 8.875, 9, 7.7 ],
    "faces": {
        "down":  { "uv": [ 5.5, 7.125, 8.875, 7.08056 ], "texture": "#texture" },
        "up":    { "uv": [ 5.5, 7, 8.875, 7.0444397926330566 ], "texture": "#texture" },
        "north": { "uv": [ 8.875, 7, 5.5, 7.125 ], "texture": "#texture" },
        "south": { "uv": [ 5.5, 7, 8.875, 7.125 ], "texture": "#texture" },
        "west":  { "uv": [ 5.5, 7, 5.5444397926330566, 7.125 ], "texture": "#texture" },
        "east":  { "uv": [ 8.875, 7, 8.8305597305297852, 7.125 ], "texture": "#texture" }
    }
},
{
    "__comment": "360fx360f x128",
    "from": [ 5.625, 8.75, 7.5 ],
    "to": [ 9, 8.875, 7.7 ],
    "faces": {
        "down":  { "uv": [ 5.625, 7.25, 9, 7.20556 ], "texture": "#texture" },
        "up":    { "uv": [ 5.625, 7.125, 9, 7.1694397926330566 ], "texture": "#texture" },
        "north": { "uv": [ 9, 7.125, 5.625, 7.25 ], "texture": "#texture" },
        "south": { "uv": [ 5.625, 7.125, 9, 7.25 ], "texture": "#texture" },
        "west":  { "uv": [ 5.625, 7.125, 5.6694397926330566, 7.25 ], "texture": "#texture" },
        "east":  { "uv": [ 9, 7.125, 8.9555597305297852, 7.25 ], "texture": "#texture" }
    }
},
{
    "__comment": "360fx360f x128",
    "from": [ 5.75, 10.25, 7.5 ],
    "to": [ 5.875, 10.375, 7.7 ],
    "faces": {
        "down":  { "uv": [ 5.75, 5.75, 5.875, 5.70556 ], "texture": "#texture" },
        "up":    { "uv": [ 5.75, 5.625, 5.875, 5.6694397926330566 ], "texture": "#texture" },
        "north": { "uv": [ 5.875, 5.625, 5.75, 5.75 ], "texture": "#texture" },
        "south": { "uv": [ 5.75, 5.625, 5.875, 5.75 ], "texture": "#texture" },
        "west":  { "uv": [ 5.75, 5.625, 5.7944397926330566, 5.75 ], "texture": "#texture" },
        "east":  { "uv": [ 5.875, 5.625, 5.8305602073669434, 5.75 ], "texture": "#texture" }
    }
},
{
    "__comment": "360fx360f x128",
    "from": [ 5.875, 8.625, 7.5 ],
    "to": [ 6, 8.75, 7.7 ],
    "faces": {
        "down":  { "uv": [ 5.875, 7.375, 6, 7.33056 ], "texture": "#texture" },
        "up":    { "uv": [ 5.875, 7.25, 6, 7.2944397926330566 ], "texture": "#texture" },
        "north": { "uv": [ 6, 7.25, 5.875, 7.375 ], "texture": "#texture" },
        "south": { "uv": [ 5.875, 7.25, 6, 7.375 ], "texture": "#texture" },
        "west":  { "uv": [ 5.875, 7.25, 5.9194397926330566, 7.375 ], "texture": "#texture" },
        "east":  { "uv": [ 6, 7.25, 5.9555602073669434, 7.375 ], "texture": "#texture" }
    }
},
{
    "__comment": "360fx360f x128",
    "from": [ 6.125, 9.875, 7.5 ],
    "to": [ 6.5, 10, 7.7 ],
    "faces": {
        "down":  { "uv": [ 6.125, 6.125, 6.5, 6.08056 ], "texture": "#texture" },
        "up":    { "uv": [ 6.125, 6, 6.5, 6.0444397926330566 ], "texture": "#texture" },
        "north": { "uv": [ 6.5, 6, 6.125, 6.125 ], "texture": "#texture" },
        "south": { "uv": [ 6.125, 6, 6.5, 6.125 ], "texture": "#texture" },
        "west":  { "uv": [ 6.125, 6, 6.1694397926330566, 6.125 ], "texture": "#texture" },
        "east":  { "uv": [ 6.5, 6, 6.4555602073669434, 6.125 ], "texture": "#texture" }
    }
},
{
    "__comment": "360fx360f x128",
    "from": [ 6.25, 8.5, 7.5 ],
    "to": [ 6.375, 8.75, 7.7 ],
    "faces": {
        "down":  { "uv": [ 6.25, 7.5, 6.375, 7.45556 ], "texture": "#texture" },
        "up":    { "uv": [ 6.25, 7.25, 6.375, 7.2944397926330566 ], "texture": "#texture" },
        "north": { "uv": [ 6.375, 7.25, 6.25, 7.5 ], "texture": "#texture" },
        "south": { "uv": [ 6.25, 7.25, 6.375, 7.5 ], "texture": "#texture" },
        "west":  { "uv": [ 6.25, 7.25, 6.2944397926330566, 7.5 ], "texture": "#texture" },
        "east":  { "uv": [ 6.375, 7.25, 6.3305602073669434, 7.5 ], "texture": "#texture" }
    }
},
{
    "__comment": "360fx360f x128",
    "from": [ 6.375, 8.625, 7.5 ],
    "to": [ 8.875, 8.75, 7.7 ],
    "faces": {
        "down":  { "uv": [ 6.375, 7.375, 8.875, 7.33056 ], "texture": "#texture" },
        "up":    { "uv": [ 6.375, 7.25, 8.875, 7.2944397926330566 ], "texture": "#texture" },
        "north": { "uv": [ 8.875, 7.25, 6.375, 7.375 ], "texture": "#texture" },
        "south": { "uv": [ 6.375, 7.25, 8.875, 7.375 ], "texture": "#texture" },
        "west":  { "uv": [ 6.375, 7.25, 6.4194397926330566, 7.375 ], "texture": "#texture" },
        "east":  { "uv": [ 8.875, 7.25, 8.8305597305297852, 7.375 ], "texture": "#texture" }
    }
},
{
    "__comment": "360fx360f x128",
    "from": [ 6.5, 8.5, 7.5 ],
    "to": [ 9.625, 8.625, 7.7 ],
    "faces": {
        "down":  { "uv": [ 6.5, 7.5, 9.625, 7.45556 ], "texture": "#texture" },
        "up":    { "uv": [ 6.5, 7.375, 9.625, 7.4194397926330566 ], "texture": "#texture" },
        "north": { "uv": [ 9.625, 7.375, 6.5, 7.5 ], "texture": "#texture" },
        "south": { "uv": [ 6.5, 7.375, 9.625, 7.5 ], "texture": "#texture" },
        "west":  { "uv": [ 6.5, 7.375, 6.5444397926330566, 7.5 ], "texture": "#texture" },
        "east":  { "uv": [ 9.625, 7.375, 9.5805597305297852, 7.5 ], "texture": "#texture" }
    }
},
{
    "__comment": "360fx360f x128",
    "from": [ 6.625, 9.625, 7.5 ],
    "to": [ 7, 9.75, 7.7 ],
    "faces": {
        "down":  { "uv": [ 6.625, 6.375, 7, 6.33056 ], "texture": "#texture" },
        "up":    { "uv": [ 6.625, 6.25, 7, 6.2944397926330566 ], "texture": "#texture" },
        "north": { "uv": [ 7, 6.25, 6.625, 6.375 ], "texture": "#texture" },
        "south": { "uv": [ 6.625, 6.25, 7, 6.375 ], "texture": "#texture" },
        "west":  { "uv": [ 6.625, 6.25, 6.6694397926330566, 6.375 ], "texture": "#texture" },
        "east":  { "uv": [ 7, 6.25, 6.9555602073669434, 6.375 ], "texture": "#texture" }
    }
},
{
    "__comment": "360fx360f x128",
    "from": [ 6.75, 8.25, 7.5 ],
    "to": [ 6.875, 8.5, 7.7 ],
    "faces": {
        "down":  { "uv": [ 6.75, 7.75, 6.875, 7.70556 ], "texture": "#texture" },
        "up":    { "uv": [ 6.75, 7.5, 6.875, 7.5444397926330566 ], "texture": "#texture" },
        "north": { "uv": [ 6.875, 7.5, 6.75, 7.75 ], "texture": "#texture" },
        "south": { "uv": [ 6.75, 7.5, 6.875, 7.75 ], "texture": "#texture" },
        "west":  { "uv": [ 6.75, 7.5, 6.7944397926330566, 7.75 ], "texture": "#texture" },
        "east":  { "uv": [ 6.875, 7.5, 6.8305602073669434, 7.75 ], "texture": "#texture" }
    }
},
{
    "__comment": "360fx360f x128",
    "from": [ 6.875, 8.375, 7.5 ],
    "to": [ 9.875, 8.5, 7.7 ],
    "faces": {
        "down":  { "uv": [ 6.875, 7.625, 9.875, 7.58056 ], "texture": "#texture" },
        "up":    { "uv": [ 6.875, 7.5, 9.875, 7.5444397926330566 ], "texture": "#texture" },
        "north": { "uv": [ 9.875, 7.5, 6.875, 7.625 ], "texture": "#texture" },
        "south": { "uv": [ 6.875, 7.5, 9.875, 7.625 ], "texture": "#texture" },
        "west":  { "uv": [ 6.875, 7.5, 6.9194397926330566, 7.625 ], "texture": "#texture" },
        "east":  { "uv": [ 9.875, 7.5, 9.8305597305297852, 7.625 ], "texture": "#texture" }
    }
},
{
    "__comment": "360fx360f x128",
    "from": [ 7, 8.25, 7.5 ],
    "to": [ 9.875, 8.375, 7.7 ],
    "faces": {
        "down":  { "uv": [ 7, 7.75, 9.875, 7.70556 ], "texture": "#texture" },
        "up":    { "uv": [ 7, 7.625, 9.875, 7.6694397926330566 ], "texture": "#texture" },
        "north": { "uv": [ 9.875, 7.625, 7, 7.75 ], "texture": "#texture" },
        "south": { "uv": [ 7, 7.625, 9.875, 7.75 ], "texture": "#texture" },
        "west":  { "uv": [ 7, 7.625, 7.0444397926330566, 7.75 ], "texture": "#texture" },
        "east":  { "uv": [ 9.875, 7.625, 9.8305597305297852, 7.75 ], "texture": "#texture" }
    }
},
{
    "__comment": "360fx360f x128",
    "from": [ 7.25, 8.125, 7.5 ],
    "to": [ 10, 8.25, 7.7 ],
    "faces": {
        "down":  { "uv": [ 7.25, 7.875, 10, 7.83056 ], "texture": "#texture" },
        "up":    { "uv": [ 7.25, 7.75, 10, 7.7944397926330566 ], "texture": "#texture" },
        "north": { "uv": [ 10, 7.75, 7.25, 7.875 ], "texture": "#texture" },
        "south": { "uv": [ 7.25, 7.75, 10, 7.875 ], "texture": "#texture" },
        "west":  { "uv": [ 7.25, 7.75, 7.2944397926330566, 7.875 ], "texture": "#texture" },
        "east":  { "uv": [ 10, 7.75, 9.9555597305297852, 7.875 ], "texture": "#texture" }
    }
},
{
    "__comment": "360fx360f x128",
    "from": [ 7.5, 8, 7.5 ],
    "to": [ 10.25, 8.125, 7.7 ],
    "faces": {
        "down":  { "uv": [ 7.5, 8, 10.25, 7.95556 ], "texture": "#texture" },
        "up":    { "uv": [ 7.5, 7.875, 10.25, 7.9194397926330566 ], "texture": "#texture" },
        "north": { "uv": [ 10.25, 7.875, 7.5, 8 ], "texture": "#texture" },
        "south": { "uv": [ 7.5, 7.875, 10.25, 8 ], "texture": "#texture" },
        "west":  { "uv": [ 7.5, 7.875, 7.5444397926330566, 8 ], "texture": "#texture" },
        "east":  { "uv": [ 10.25, 7.875, 10.205599784851074, 8 ], "texture": "#texture" }
    }
},
{
    "__comment": "360fx360f x128",
    "from": [ 7.625, 9.25, 7.5 ],
    "to": [ 7.75, 9.375, 7.7 ],
    "faces": {
        "down":  { "uv": [ 7.625, 6.75, 7.75, 6.70556 ], "texture": "#texture" },
        "up":    { "uv": [ 7.625, 6.625, 7.75, 6.6694397926330566 ], "texture": "#texture" },
        "north": { "uv": [ 7.75, 6.625, 7.625, 6.75 ], "texture": "#texture" },
        "south": { "uv": [ 7.625, 6.625, 7.75, 6.75 ], "texture": "#texture" },
        "west":  { "uv": [ 7.625, 6.625, 7.6694397926330566, 6.75 ], "texture": "#texture" },
        "east":  { "uv": [ 7.75, 6.625, 7.7055602073669434, 6.75 ], "texture": "#texture" }
    }
},
{
    "__comment": "360fx360f x128",
    "from": [ 7.625, 7.875, 7.5 ],
    "to": [ 7.75, 8, 7.7 ],
    "faces": {
        "down":  { "uv": [ 7.625, 8.125, 7.75, 8.08056 ], "texture": "#texture" },
        "up":    { "uv": [ 7.625, 8, 7.75, 8.0444402694702148 ], "texture": "#texture" },
        "north": { "uv": [ 7.75, 8, 7.625, 8.125 ], "texture": "#texture" },
        "south": { "uv": [ 7.625, 8, 7.75, 8.125 ], "texture": "#texture" },
        "west":  { "uv": [ 7.625, 8, 7.6694397926330566, 8.125 ], "texture": "#texture" },
        "east":  { "uv": [ 7.75, 8, 7.7055602073669434, 8.125 ], "texture": "#texture" }
    }
},
{
    "__comment": "360fx360f x128",
    "from": [ 7.875, 7.875, 7.5 ],
    "to": [ 10.625, 8, 7.7 ],
    "faces": {
        "down":  { "uv": [ 7.875, 8.125, 10.625, 8.08056 ], "texture": "#texture" },
        "up":    { "uv": [ 7.875, 8, 10.625, 8.0444402694702148 ], "texture": "#texture" },
        "north": { "uv": [ 10.625, 8, 7.875, 8.125 ], "texture": "#texture" },
        "south": { "uv": [ 7.875, 8, 10.625, 8.125 ], "texture": "#texture" },
        "west":  { "uv": [ 7.875, 8, 7.9194397926330566, 8.125 ], "texture": "#texture" },
        "east":  { "uv": [ 10.625, 8, 10.580599784851074, 8.125 ], "texture": "#texture" }
    }
},
{
    "__comment": "360fx360f x128",
    "from": [ 8, 7.75, 7.5 ],
    "to": [ 11.375, 7.875, 7.7 ],
    "faces": {
        "down":  { "uv": [ 8, 8.25, 11.375, 8.20556 ], "texture": "#texture" },
        "up":    { "uv": [ 8, 8.125, 11.375, 8.1694402694702148 ], "texture": "#texture" },
        "north": { "uv": [ 11.375, 8.125, 8, 8.25 ], "texture": "#texture" },
        "south": { "uv": [ 8, 8.125, 11.375, 8.25 ], "texture": "#texture" },
        "west":  { "uv": [ 8, 8.125, 8.0444402694702148, 8.25 ], "texture": "#texture" },
        "east":  { "uv": [ 11.375, 8.125, 11.330599784851074, 8.25 ], "texture": "#texture" }
    }
},
{
    "__comment": "360fx360f x128",
    "from": [ 8.125, 9.125, 7.5 ],
    "to": [ 8.25, 9.25, 7.7 ],
    "faces": {
        "down":  { "uv": [ 8.125, 6.875, 8.25, 6.83056 ], "texture": "#texture" },
        "up":    { "uv": [ 8.125, 6.75, 8.25, 6.7944397926330566 ], "texture": "#texture" },
        "north": { "uv": [ 8.25, 6.75, 8.125, 6.875 ], "texture": "#texture" },
        "south": { "uv": [ 8.125, 6.75, 8.25, 6.875 ], "texture": "#texture" },
        "west":  { "uv": [ 8.125, 6.75, 8.1694402694702148, 6.875 ], "texture": "#texture" },
        "east":  { "uv": [ 8.25, 6.75, 8.2055597305297852, 6.875 ], "texture": "#texture" }
    }
},
{
    "__comment": "360fx360f x128",
    "from": [ 8.125, 7.5, 7.5 ],
    "to": [ 11.625, 7.75, 7.7 ],
    "faces": {
        "down":  { "uv": [ 8.125, 8.5, 11.625, 8.45556 ], "texture": "#texture" },
        "up":    { "uv": [ 8.125, 8.25, 11.625, 8.2944402694702148 ], "texture": "#texture" },
        "north": { "uv": [ 11.625, 8.25, 8.125, 8.5 ], "texture": "#texture" },
        "south": { "uv": [ 8.125, 8.25, 11.625, 8.5 ], "texture": "#texture" },
        "west":  { "uv": [ 8.125, 8.25, 8.1694402694702148, 8.5 ], "texture": "#texture" },
        "east":  { "uv": [ 11.625, 8.25, 11.580599784851074, 8.5 ], "texture": "#texture" }
    }
},
{
    "__comment": "360fx360f x128",
    "from": [ 8.25, 7.375, 7.5 ],
    "to": [ 12, 7.5, 7.7 ],
    "faces": {
        "down":  { "uv": [ 8.25, 8.625, 12, 8.58056 ], "texture": "#texture" },
        "up":    { "uv": [ 8.25, 8.5, 12, 8.5444402694702148 ], "texture": "#texture" },
        "north": { "uv": [ 12, 8.5, 8.25, 8.625 ], "texture": "#texture" },
        "south": { "uv": [ 8.25, 8.5, 12, 8.625 ], "texture": "#texture" },
        "west":  { "uv": [ 8.25, 8.5, 8.2944402694702148, 8.625 ], "texture": "#texture" },
        "east":  { "uv": [ 12, 8.5, 11.955599784851074, 8.625 ], "texture": "#texture" }
    }
},
{
    "__comment": "360fx360f x128",
    "from": [ 8.25, 6.5, 7.5 ],
    "to": [ 8.5, 7, 7.7 ],
    "faces": {
        "down":  { "uv": [ 8.25, 9.5, 8.5, 9.45556 ], "texture": "#texture" },
        "up":    { "uv": [ 8.25, 9, 8.5, 9.0444402694702148 ], "texture": "#texture" },
        "north": { "uv": [ 8.5, 9, 8.25, 9.5 ], "texture": "#texture" },
        "south": { "uv": [ 8.25, 9, 8.5, 9.5 ], "texture": "#texture" },
        "west":  { "uv": [ 8.25, 9, 8.2944402694702148, 9.5 ], "texture": "#texture" },
        "east":  { "uv": [ 8.5, 9, 8.4555597305297852, 9.5 ], "texture": "#texture" }
    }
},
{
    "__comment": "360fx360f x128",
    "from": [ 8.375, 7, 7.5 ],
    "to": [ 8.875, 7.375, 7.7 ],
    "faces": {
        "down":  { "uv": [ 8.375, 9, 8.875, 8.95556 ], "texture": "#texture" },
        "up":    { "uv": [ 8.375, 8.625, 8.875, 8.6694402694702148 ], "texture": "#texture" },
        "north": { "uv": [ 8.875, 8.625, 8.375, 9 ], "texture": "#texture" },
        "south": { "uv": [ 8.375, 8.625, 8.875, 9 ], "texture": "#texture" },
        "west":  { "uv": [ 8.375, 8.625, 8.4194402694702148, 9 ], "texture": "#texture" },
        "east":  { "uv": [ 8.875, 8.625, 8.8305597305297852, 9 ], "texture": "#texture" }
    }
},
{
    "__comment": "360fx360f x128",
    "from": [ 8.5, 9, 7.5 ],
    "to": [ 8.75, 9.125, 7.7 ],
    "faces": {
        "down":  { "uv": [ 8.5, 7, 8.75, 6.95556 ], "texture": "#texture" },
        "up":    { "uv": [ 8.5, 6.875, 8.75, 6.9194397926330566 ], "texture": "#texture" },
        "north": { "uv": [ 8.75, 6.875, 8.5, 7 ], "texture": "#texture" },
        "south": { "uv": [ 8.5, 6.875, 8.75, 7 ], "texture": "#texture" },
        "west":  { "uv": [ 8.5, 6.875, 8.5444402694702148, 7 ], "texture": "#texture" },
        "east":  { "uv": [ 8.75, 6.875, 8.7055597305297852, 7 ], "texture": "#texture" }
    }
},
{
    "__comment": "360fx360f x128",
    "from": [ 8.5, 6.875, 7.5 ],
    "to": [ 8.75, 7, 7.7 ],
    "faces": {
        "down":  { "uv": [ 8.5, 9.125, 8.75, 9.08056 ], "texture": "#texture" },
        "up":    { "uv": [ 8.5, 9, 8.75, 9.0444402694702148 ], "texture": "#texture" },
        "north": { "uv": [ 8.75, 9, 8.5, 9.125 ], "texture": "#texture" },
        "south": { "uv": [ 8.5, 9, 8.75, 9.125 ], "texture": "#texture" },
        "west":  { "uv": [ 8.5, 9, 8.5444402694702148, 9.125 ], "texture": "#texture" },
        "east":  { "uv": [ 8.75, 9, 8.7055597305297852, 9.125 ], "texture": "#texture" }
    }
},
{
    "__comment": "360fx360f x128",
    "from": [ 8.5, 6.5, 7.5 ],
    "to": [ 8.625, 6.75, 7.7 ],
    "faces": {
        "down":  { "uv": [ 8.5, 9.5, 8.625, 9.45556 ], "texture": "#texture" },
        "up":    { "uv": [ 8.5, 9.25, 8.625, 9.2944402694702148 ], "texture": "#texture" },
        "north": { "uv": [ 8.625, 9.25, 8.5, 9.5 ], "texture": "#texture" },
        "south": { "uv": [ 8.5, 9.25, 8.625, 9.5 ], "texture": "#texture" },
        "west":  { "uv": [ 8.5, 9.25, 8.5444402694702148, 9.5 ], "texture": "#texture" },
        "east":  { "uv": [ 8.625, 9.25, 8.5805597305297852, 9.5 ], "texture": "#texture" }
    }
},
{
    "__comment": "360fx360f x128",
    "from": [ 8.875, 7.125, 7.5 ],
    "to": [ 12.25, 7.375, 7.7 ],
    "faces": {
        "down":  { "uv": [ 8.875, 8.875, 12.25, 8.83056 ], "texture": "#texture" },
        "up":    { "uv": [ 8.875, 8.625, 12.25, 8.6694402694702148 ], "texture": "#texture" },
        "north": { "uv": [ 12.25, 8.625, 8.875, 8.875 ], "texture": "#texture" },
        "south": { "uv": [ 8.875, 8.625, 12.25, 8.875 ], "texture": "#texture" },
        "west":  { "uv": [ 8.875, 8.625, 8.9194402694702148, 8.875 ], "texture": "#texture" },
        "east":  { "uv": [ 12.25, 8.625, 12.205599784851074, 8.875 ], "texture": "#texture" }
    }
},
{
    "__comment": "360fx360f x128",
    "from": [ 9.125, 6.875, 7.5 ],
    "to": [ 12.625, 7.125, 7.7 ],
    "faces": {
        "down":  { "uv": [ 9.125, 9.125, 12.625, 9.08056 ], "texture": "#texture" },
        "up":    { "uv": [ 9.125, 8.875, 12.625, 8.9194402694702148 ], "texture": "#texture" },
        "north": { "uv": [ 12.625, 8.875, 9.125, 9.125 ], "texture": "#texture" },
        "south": { "uv": [ 9.125, 8.875, 12.625, 9.125 ], "texture": "#texture" },
        "west":  { "uv": [ 9.125, 8.875, 9.1694402694702148, 9.125 ], "texture": "#texture" },
        "east":  { "uv": [ 12.625, 8.875, 12.580599784851074, 9.125 ], "texture": "#texture" }
    }
},
{
    "__comment": "360fx360f x128",
    "from": [ 9.5, 6.75, 7.5 ],
    "to": [ 9.625, 6.875, 7.7 ],
    "faces": {
        "down":  { "uv": [ 9.5, 9.25, 9.625, 9.20556 ], "texture": "#texture" },
        "up":    { "uv": [ 9.5, 9.125, 9.625, 9.1694402694702148 ], "texture": "#texture" },
        "north": { "uv": [ 9.625, 9.125, 9.5, 9.25 ], "texture": "#texture" },
        "south": { "uv": [ 9.5, 9.125, 9.625, 9.25 ], "texture": "#texture" },
        "west":  { "uv": [ 9.5, 9.125, 9.5444402694702148, 9.25 ], "texture": "#texture" },
        "east":  { "uv": [ 9.625, 9.125, 9.5805597305297852, 9.25 ], "texture": "#texture" }
    }
},
{
    "__comment": "360fx360f x128",
    "from": [ 9.75, 6.75, 7.5 ],
    "to": [ 13.125, 6.875, 7.7 ],
    "faces": {
        "down":  { "uv": [ 9.75, 9.25, 13.125, 9.20556 ], "texture": "#texture" },
        "up":    { "uv": [ 9.75, 9.125, 13.125, 9.1694402694702148 ], "texture": "#texture" },
        "north": { "uv": [ 13.125, 9.125, 9.75, 9.25 ], "texture": "#texture" },
        "south": { "uv": [ 9.75, 9.125, 13.125, 9.25 ], "texture": "#texture" },
        "west":  { "uv": [ 9.75, 9.125, 9.7944402694702148, 9.25 ], "texture": "#texture" },
        "east":  { "uv": [ 13.125, 9.125, 13.080599784851074, 9.25 ], "texture": "#texture" }
    }
},
{
    "__comment": "360fx360f x128",
    "from": [ 9.875, 6.625, 7.5 ],
    "to": [ 10, 6.75, 7.7 ],
    "faces": {
        "down":  { "uv": [ 9.875, 9.375, 10, 9.33056 ], "texture": "#texture" },
        "up":    { "uv": [ 9.875, 9.25, 10, 9.2944402694702148 ], "texture": "#texture" },
        "north": { "uv": [ 10, 9.25, 9.875, 9.375 ], "texture": "#texture" },
        "south": { "uv": [ 9.875, 9.25, 10, 9.375 ], "texture": "#texture" },
        "west":  { "uv": [ 9.875, 9.25, 9.9194402694702148, 9.375 ], "texture": "#texture" },
        "east":  { "uv": [ 10, 9.25, 9.9555597305297852, 9.375 ], "texture": "#texture" }
    }
},
{
    "__comment": "360fx360f x128",
    "from": [ 10.125, 6.625, 7.5 ],
    "to": [ 13.25, 6.75, 7.7 ],
    "faces": {
        "down":  { "uv": [ 10.125, 9.375, 13.25, 9.33056 ], "texture": "#texture" },
        "up":    { "uv": [ 10.125, 9.25, 13.25, 9.2944402694702148 ], "texture": "#texture" },
        "north": { "uv": [ 13.25, 9.25, 10.125, 9.375 ], "texture": "#texture" },
        "south": { "uv": [ 10.125, 9.25, 13.25, 9.375 ], "texture": "#texture" },
        "west":  { "uv": [ 10.125, 9.25, 10.169400215148926, 9.375 ], "texture": "#texture" },
        "east":  { "uv": [ 13.25, 9.25, 13.205599784851074, 9.375 ], "texture": "#texture" }
    }
},
{
    "__comment": "360fx360f x128",
    "from": [ 10.25, 6.5, 7.5 ],
    "to": [ 10.375, 6.625, 7.7 ],
    "faces": {
        "down":  { "uv": [ 10.25, 9.5, 10.375, 9.45556 ], "texture": "#texture" },
        "up":    { "uv": [ 10.25, 9.375, 10.375, 9.4194402694702148 ], "texture": "#texture" },
        "north": { "uv": [ 10.375, 9.375, 10.25, 9.5 ], "texture": "#texture" },
        "south": { "uv": [ 10.25, 9.375, 10.375, 9.5 ], "texture": "#texture" },
        "west":  { "uv": [ 10.25, 9.375, 10.294400215148926, 9.5 ], "texture": "#texture" },
        "east":  { "uv": [ 10.375, 9.375, 10.330599784851074, 9.5 ], "texture": "#texture" }
    }
},
{
    "__comment": "360fx360f x128",
    "from": [ 10.5, 6.5, 7.5 ],
    "to": [ 13.25, 6.625, 7.7 ],
    "faces": {
        "down":  { "uv": [ 10.5, 9.5, 13.25, 9.45556 ], "texture": "#texture" },
        "up":    { "uv": [ 10.5, 9.375, 13.25, 9.4194402694702148 ], "texture": "#texture" },
        "north": { "uv": [ 13.25, 9.375, 10.5, 9.5 ], "texture": "#texture" },
        "south": { "uv": [ 10.5, 9.375, 13.25, 9.5 ], "texture": "#texture" },
        "west":  { "uv": [ 10.5, 9.375, 10.544400215148926, 9.5 ], "texture": "#texture" },
        "east":  { "uv": [ 13.25, 9.375, 13.205599784851074, 9.5 ], "texture": "#texture" }
    }
},
{
    "__comment": "360fx360f x128",
    "from": [ 10.75, 7.875, 7.5 ],
    "to": [ 10.875, 8, 7.7 ],
    "faces": {
        "down":  { "uv": [ 10.75, 8.125, 10.875, 8.08056 ], "texture": "#texture" },
        "up":    { "uv": [ 10.75, 8, 10.875, 8.0444402694702148 ], "texture": "#texture" },
        "north": { "uv": [ 10.875, 8, 10.75, 8.125 ], "texture": "#texture" },
        "south": { "uv": [ 10.75, 8, 10.875, 8.125 ], "texture": "#texture" },
        "west":  { "uv": [ 10.75, 8, 10.794400215148926, 8.125 ], "texture": "#texture" },
        "east":  { "uv": [ 10.875, 8, 10.830599784851074, 8.125 ], "texture": "#texture" }
    }
},
{
    "__comment": "360fx360f x128",
    "from": [ 10.75, 6.25, 7.5 ],
    "to": [ 10.875, 6.5, 7.7 ],
    "faces": {
        "down":  { "uv": [ 10.75, 9.75, 10.875, 9.70556 ], "texture": "#texture" },
        "up":    { "uv": [ 10.75, 9.5, 10.875, 9.5444402694702148 ], "texture": "#texture" },
        "north": { "uv": [ 10.875, 9.5, 10.75, 9.75 ], "texture": "#texture" },
        "south": { "uv": [ 10.75, 9.5, 10.875, 9.75 ], "texture": "#texture" },
        "west":  { "uv": [ 10.75, 9.5, 10.794400215148926, 9.75 ], "texture": "#texture" },
        "east":  { "uv": [ 10.875, 9.5, 10.830599784851074, 9.75 ], "texture": "#texture" }
    }
},
{
    "__comment": "360fx360f x128",
    "from": [ 10.875, 6.375, 7.5 ],
    "to": [ 13.625, 6.5, 7.7 ],
    "faces": {
        "down":  { "uv": [ 10.875, 9.625, 13.625, 9.58056 ], "texture": "#texture" },
        "up":    { "uv": [ 10.875, 9.5, 13.625, 9.5444402694702148 ], "texture": "#texture" },
        "north": { "uv": [ 13.625, 9.5, 10.875, 9.625 ], "texture": "#texture" },
        "south": { "uv": [ 10.875, 9.5, 13.625, 9.625 ], "texture": "#texture" },
        "west":  { "uv": [ 10.875, 9.5, 10.919400215148926, 9.625 ], "texture": "#texture" },
        "east":  { "uv": [ 13.625, 9.5, 13.580599784851074, 9.625 ], "texture": "#texture" }
    }
},
{
    "__comment": "360fx360f x128",
    "from": [ 11, 6.25, 7.5 ],
    "to": [ 13.5, 6.375, 7.7 ],
    "faces": {
        "down":  { "uv": [ 11, 9.75, 13.5, 9.70556 ], "texture": "#texture" },
        "up":    { "uv": [ 11, 9.625, 13.5, 9.6694402694702148 ], "texture": "#texture" },
        "north": { "uv": [ 13.5, 9.625, 11, 9.75 ], "texture": "#texture" },
        "south": { "uv": [ 11, 9.625, 13.5, 9.75 ], "texture": "#texture" },
        "west":  { "uv": [ 11, 9.625, 11.044400215148926, 9.75 ], "texture": "#texture" },
        "east":  { "uv": [ 13.5, 9.625, 13.455599784851074, 9.75 ], "texture": "#texture" }
    }
},
{
    "__comment": "360fx360f x128",
    "from": [ 11.125, 7.875, 7.5 ],
    "to": [ 11.25, 8, 7.7 ],
    "faces": {
        "down":  { "uv": [ 11.125, 8.125, 11.25, 8.08056 ], "texture": "#texture" },
        "up":    { "uv": [ 11.125, 8, 11.25, 8.0444402694702148 ], "texture": "#texture" },
        "north": { "uv": [ 11.25, 8, 11.125, 8.125 ], "texture": "#texture" },
        "south": { "uv": [ 11.125, 8, 11.25, 8.125 ], "texture": "#texture" },
        "west":  { "uv": [ 11.125, 8, 11.169400215148926, 8.125 ], "texture": "#texture" },
        "east":  { "uv": [ 11.25, 8, 11.205599784851074, 8.125 ], "texture": "#texture" }
    }
},
{
    "__comment": "360fx360f x128",
    "from": [ 11.25, 6.125, 7.5 ],
    "to": [ 13.625, 6.25, 7.7 ],
    "faces": {
        "down":  { "uv": [ 11.25, 9.875, 13.625, 9.83056 ], "texture": "#texture" },
        "up":    { "uv": [ 11.25, 9.75, 13.625, 9.7944402694702148 ], "texture": "#texture" },
        "north": { "uv": [ 13.625, 9.75, 11.25, 9.875 ], "texture": "#texture" },
        "south": { "uv": [ 11.25, 9.75, 13.625, 9.875 ], "texture": "#texture" },
        "west":  { "uv": [ 11.25, 9.75, 11.294400215148926, 9.875 ], "texture": "#texture" },
        "east":  { "uv": [ 13.625, 9.75, 13.580599784851074, 9.875 ], "texture": "#texture" }
    }
},
{
    "__comment": "360fx360f x128",
    "from": [ 11.5, 5.875, 7.5 ],
    "to": [ 13.75, 6.125, 7.7 ],
    "faces": {
        "down":  { "uv": [ 11.5, 10.125, 13.75, 10.0806 ], "texture": "#texture" },
        "up":    { "uv": [ 11.5, 9.875, 13.75, 9.9194402694702148 ], "texture": "#texture" },
        "north": { "uv": [ 13.75, 9.875, 11.5, 10.125 ], "texture": "#texture" },
        "south": { "uv": [ 11.5, 9.875, 13.75, 10.125 ], "texture": "#texture" },
        "west":  { "uv": [ 11.5, 9.875, 11.544400215148926, 10.125 ], "texture": "#texture" },
        "east":  { "uv": [ 13.75, 9.875, 13.705599784851074, 10.125 ], "texture": "#texture" }
    }
},
{
    "__comment": "360fx360f x128",
    "from": [ 11.625, 7.5, 7.5 ],
    "to": [ 11.75, 7.625, 7.7 ],
    "faces": {
        "down":  { "uv": [ 11.625, 8.5, 11.75, 8.45556 ], "texture": "#texture" },
        "up":    { "uv": [ 11.625, 8.375, 11.75, 8.4194402694702148 ], "texture": "#texture" },
        "north": { "uv": [ 11.75, 8.375, 11.625, 8.5 ], "texture": "#texture" },
        "south": { "uv": [ 11.625, 8.375, 11.75, 8.5 ], "texture": "#texture" },
        "west":  { "uv": [ 11.625, 8.375, 11.669400215148926, 8.5 ], "texture": "#texture" },
        "east":  { "uv": [ 11.75, 8.375, 11.705599784851074, 8.5 ], "texture": "#texture" }
    }
},
{
    "__comment": "360fx360f x128",
    "from": [ 11.875, 5.75, 7.5 ],
    "to": [ 14, 5.875, 7.7 ],
    "faces": {
        "down":  { "uv": [ 11.875, 10.25, 14, 10.2056 ], "texture": "#texture" },
        "up":    { "uv": [ 11.875, 10.125, 14, 10.169400215148926 ], "texture": "#texture" },
        "north": { "uv": [ 14, 10.125, 11.875, 10.25 ], "texture": "#texture" },
        "south": { "uv": [ 11.875, 10.125, 14, 10.25 ], "texture": "#texture" },
        "west":  { "uv": [ 11.875, 10.125, 11.919400215148926, 10.25 ], "texture": "#texture" },
        "east":  { "uv": [ 14, 10.125, 13.955599784851074, 10.25 ], "texture": "#texture" }
    }
},
{
    "__comment": "360fx360f x128",
    "from": [ 12, 5.5, 7.5 ],
    "to": [ 14.125, 5.75, 7.7 ],
    "faces": {
        "down":  { "uv": [ 12, 10.5, 14.125, 10.4556 ], "texture": "#texture" },
        "up":    { "uv": [ 12, 10.25, 14.125, 10.294400215148926 ], "texture": "#texture" },
        "north": { "uv": [ 14.125, 10.25, 12, 10.5 ], "texture": "#texture" },
        "south": { "uv": [ 12, 10.25, 14.125, 10.5 ], "texture": "#texture" },
        "west":  { "uv": [ 12, 10.25, 12.044400215148926, 10.5 ], "texture": "#texture" },
        "east":  { "uv": [ 14.125, 10.25, 14.080599784851074, 10.5 ], "texture": "#texture" }
    }
},
{
    "__comment": "360fx360f x128",
    "from": [ 12.125, 7.375, 7.5 ],
    "to": [ 12.25, 7.5, 7.7 ],
    "faces": {
        "down":  { "uv": [ 12.125, 8.625, 12.25, 8.58056 ], "texture": "#texture" },
        "up":    { "uv": [ 12.125, 8.5, 12.25, 8.5444402694702148 ], "texture": "#texture" },
        "north": { "uv": [ 12.25, 8.5, 12.125, 8.625 ], "texture": "#texture" },
        "south": { "uv": [ 12.125, 8.5, 12.25, 8.625 ], "texture": "#texture" },
        "west":  { "uv": [ 12.125, 8.5, 12.169400215148926, 8.625 ], "texture": "#texture" },
        "east":  { "uv": [ 12.25, 8.5, 12.205599784851074, 8.625 ], "texture": "#texture" }
    }
},
{
    "__comment": "360fx360f x128",
    "from": [ 12.125, 5.375, 7.5 ],
    "to": [ 14.375, 5.5, 7.7 ],
    "faces": {
        "down":  { "uv": [ 12.125, 10.625, 14.375, 10.5806 ], "texture": "#texture" },
        "up":    { "uv": [ 12.125, 10.5, 14.375, 10.544400215148926 ], "texture": "#texture" },
        "north": { "uv": [ 14.375, 10.5, 12.125, 10.625 ], "texture": "#texture" },
        "south": { "uv": [ 12.125, 10.5, 14.375, 10.625 ], "texture": "#texture" },
        "west":  { "uv": [ 12.125, 10.5, 12.169400215148926, 10.625 ], "texture": "#texture" },
        "east":  { "uv": [ 14.375, 10.5, 14.330599784851074, 10.625 ], "texture": "#texture" }
    }
},
{
    "__comment": "360fx360f x128",
    "from": [ 12.25, 7.125, 7.5 ],
    "to": [ 12.5, 7.25, 7.7 ],
    "faces": {
        "down":  { "uv": [ 12.25, 8.875, 12.5, 8.83056 ], "texture": "#texture" },
        "up":    { "uv": [ 12.25, 8.75, 12.5, 8.7944402694702148 ], "texture": "#texture" },
        "north": { "uv": [ 12.5, 8.75, 12.25, 8.875 ], "texture": "#texture" },
        "south": { "uv": [ 12.25, 8.75, 12.5, 8.875 ], "texture": "#texture" },
        "west":  { "uv": [ 12.25, 8.75, 12.294400215148926, 8.875 ], "texture": "#texture" },
        "east":  { "uv": [ 12.5, 8.75, 12.455599784851074, 8.875 ], "texture": "#texture" }
    }
},
{
    "__comment": "360fx360f x128",
    "from": [ 12.375, 5.25, 7.5 ],
    "to": [ 14.5, 5.375, 7.7 ],
    "faces": {
        "down":  { "uv": [ 12.375, 10.75, 14.5, 10.7056 ], "texture": "#texture" },
        "up":    { "uv": [ 12.375, 10.625, 14.5, 10.669400215148926 ], "texture": "#texture" },
        "north": { "uv": [ 14.5, 10.625, 12.375, 10.75 ], "texture": "#texture" },
        "south": { "uv": [ 12.375, 10.625, 14.5, 10.75 ], "texture": "#texture" },
        "west":  { "uv": [ 12.375, 10.625, 12.419400215148926, 10.75 ], "texture": "#texture" },
        "east":  { "uv": [ 14.5, 10.625, 14.455599784851074, 10.75 ], "texture": "#texture" }
    }
},
{
    "__comment": "360fx360f x128",
    "from": [ 12.5, 5.125, 7.5 ],
    "to": [ 14.5, 5.25, 7.7 ],
    "faces": {
        "down":  { "uv": [ 12.5, 10.875, 14.5, 10.8306 ], "texture": "#texture" },
        "up":    { "uv": [ 12.5, 10.75, 14.5, 10.794400215148926 ], "texture": "#texture" },
        "north": { "uv": [ 14.5, 10.75, 12.5, 10.875 ], "texture": "#texture" },
        "south": { "uv": [ 12.5, 10.75, 14.5, 10.875 ], "texture": "#texture" },
        "west":  { "uv": [ 12.5, 10.75, 12.544400215148926, 10.875 ], "texture": "#texture" },
        "east":  { "uv": [ 14.5, 10.75, 14.455599784851074, 10.875 ], "texture": "#texture" }
    }
},
{
    "__comment": "360fx360f x128",
    "from": [ 12.5, 4.875, 7.5 ],
    "to": [ 14.625, 5, 7.7 ],
    "faces": {
        "down":  { "uv": [ 12.5, 11.125, 14.625, 11.0806 ], "texture": "#texture" },
        "up":    { "uv": [ 12.5, 11, 14.625, 11.044400215148926 ], "texture": "#texture" },
        "north": { "uv": [ 14.625, 11, 12.5, 11.125 ], "texture": "#texture" },
        "south": { "uv": [ 12.5, 11, 14.625, 11.125 ], "texture": "#texture" },
        "west":  { "uv": [ 12.5, 11, 12.544400215148926, 11.125 ], "texture": "#texture" },
        "east":  { "uv": [ 14.625, 11, 14.580599784851074, 11.125 ], "texture": "#texture" }
    }
},
{
    "__comment": "360fx360f x128",
    "from": [ 12.625, 6.875, 7.5 ],
    "to": [ 12.75, 7, 7.7 ],
    "faces": {
        "down":  { "uv": [ 12.625, 9.125, 12.75, 9.08056 ], "texture": "#texture" },
        "up":    { "uv": [ 12.625, 9, 12.75, 9.0444402694702148 ], "texture": "#texture" },
        "north": { "uv": [ 12.75, 9, 12.625, 9.125 ], "texture": "#texture" },
        "south": { "uv": [ 12.625, 9, 12.75, 9.125 ], "texture": "#texture" },
        "west":  { "uv": [ 12.625, 9, 12.669400215148926, 9.125 ], "texture": "#texture" },
        "east":  { "uv": [ 12.75, 9, 12.705599784851074, 9.125 ], "texture": "#texture" }
    }
},
{
    "__comment": "360fx360f x128",
    "from": [ 12.625, 5, 7.5 ],
    "to": [ 14.5, 5.125, 7.7 ],
    "faces": {
        "down":  { "uv": [ 12.625, 11, 14.5, 10.9556 ], "texture": "#texture" },
        "up":    { "uv": [ 12.625, 10.875, 14.5, 10.919400215148926 ], "texture": "#texture" },
        "north": { "uv": [ 14.5, 10.875, 12.625, 11 ], "texture": "#texture" },
        "south": { "uv": [ 12.625, 10.875, 14.5, 11 ], "texture": "#texture" },
        "west":  { "uv": [ 12.625, 10.875, 12.669400215148926, 11 ], "texture": "#texture" },
        "east":  { "uv": [ 14.5, 10.875, 14.455599784851074, 11 ], "texture": "#texture" }
    }
},
{
    "__comment": "360fx360f x128",
    "from": [ 12.625, 4.75, 7.5 ],
    "to": [ 14.75, 4.875, 7.7 ],
    "faces": {
        "down":  { "uv": [ 12.625, 11.25, 14.75, 11.2056 ], "texture": "#texture" },
        "up":    { "uv": [ 12.625, 11.125, 14.75, 11.169400215148926 ], "texture": "#texture" },
        "north": { "uv": [ 14.75, 11.125, 12.625, 11.25 ], "texture": "#texture" },
        "south": { "uv": [ 12.625, 11.125, 14.75, 11.25 ], "texture": "#texture" },
        "west":  { "uv": [ 12.625, 11.125, 12.669400215148926, 11.25 ], "texture": "#texture" },
        "east":  { "uv": [ 14.75, 11.125, 14.705599784851074, 11.25 ], "texture": "#texture" }
    }
},
{
    "__comment": "360fx360f x128",
    "from": [ 12.75, 4.625, 7.5 ],
    "to": [ 14.625, 4.75, 7.7 ],
    "faces": {
        "down":  { "uv": [ 12.75, 11.375, 14.625, 11.3306 ], "texture": "#texture" },
        "up":    { "uv": [ 12.75, 11.25, 14.625, 11.294400215148926 ], "texture": "#texture" },
        "north": { "uv": [ 14.625, 11.25, 12.75, 11.375 ], "texture": "#texture" },
        "south": { "uv": [ 12.75, 11.25, 14.625, 11.375 ], "texture": "#texture" },
        "west":  { "uv": [ 12.75, 11.25, 12.794400215148926, 11.375 ], "texture": "#texture" },
        "east":  { "uv": [ 14.625, 11.25, 14.580599784851074, 11.375 ], "texture": "#texture" }
    }
},
{
    "__comment": "360fx360f x128",
    "from": [ 12.875, 4.375, 7.5 ],
    "to": [ 14.625, 4.5, 7.7 ],
    "faces": {
        "down":  { "uv": [ 12.875, 11.625, 14.625, 11.5806 ], "texture": "#texture" },
        "up":    { "uv": [ 12.875, 11.5, 14.625, 11.544400215148926 ], "texture": "#texture" },
        "north": { "uv": [ 14.625, 11.5, 12.875, 11.625 ], "texture": "#texture" },
        "south": { "uv": [ 12.875, 11.5, 14.625, 11.625 ], "texture": "#texture" },
        "west":  { "uv": [ 12.875, 11.5, 12.919400215148926, 11.625 ], "texture": "#texture" },
        "east":  { "uv": [ 14.625, 11.5, 14.580599784851074, 11.625 ], "texture": "#texture" }
    }
},
{
    "__comment": "360fx360f x128",
    "from": [ 13, 4.5, 7.5 ],
    "to": [ 14.625, 4.625, 7.7 ],
    "faces": {
        "down":  { "uv": [ 13, 11.5, 14.625, 11.4556 ], "texture": "#texture" },
        "up":    { "uv": [ 13, 11.375, 14.625, 11.419400215148926 ], "texture": "#texture" },
        "north": { "uv": [ 14.625, 11.375, 13, 11.5 ], "texture": "#texture" },
        "south": { "uv": [ 13, 11.375, 14.625, 11.5 ], "texture": "#texture" },
        "west":  { "uv": [ 13, 11.375, 13.044400215148926, 11.5 ], "texture": "#texture" },
        "east":  { "uv": [ 14.625, 11.375, 14.580599784851074, 11.5 ], "texture": "#texture" }
    }
},
{
    "__comment": "360fx360f x128",
    "from": [ 13, 4, 7.5 ],
    "to": [ 14, 4.375, 7.7 ],
    "faces": {
        "down":  { "uv": [ 13, 12, 14, 11.9556 ], "texture": "#texture" },
        "up":    { "uv": [ 13, 11.625, 14, 11.669400215148926 ], "texture": "#texture" },
        "north": { "uv": [ 14, 11.625, 13, 12 ], "texture": "#texture" },
        "south": { "uv": [ 13, 11.625, 14, 12 ], "texture": "#texture" },
        "west":  { "uv": [ 13, 11.625, 13.044400215148926, 12 ], "texture": "#texture" },
        "east":  { "uv": [ 14, 11.625, 13.955599784851074, 12 ], "texture": "#texture" }
    }
},
{
    "__comment": "360fx360f x128",
    "from": [ 13.125, 3.875, 7.5 ],
    "to": [ 13.875, 4, 7.7 ],
    "faces": {
        "down":  { "uv": [ 13.125, 12.125, 13.875, 12.0806 ], "texture": "#texture" },
        "up":    { "uv": [ 13.125, 12, 13.875, 12.044400215148926 ], "texture": "#texture" },
        "north": { "uv": [ 13.875, 12, 13.125, 12.125 ], "texture": "#texture" },
        "south": { "uv": [ 13.125, 12, 13.875, 12.125 ], "texture": "#texture" },
        "west":  { "uv": [ 13.125, 12, 13.169400215148926, 12.125 ], "texture": "#texture" },
        "east":  { "uv": [ 13.875, 12, 13.830599784851074, 12.125 ], "texture": "#texture" }
    }
},
{
    "__comment": "360fx360f x128",
    "from": [ 13.25, 3.75, 7.5 ],
    "to": [ 13.75, 3.875, 7.7 ],
    "faces": {
        "down":  { "uv": [ 13.25, 12.25, 13.75, 12.2056 ], "texture": "#texture" },
        "up":    { "uv": [ 13.25, 12.125, 13.75, 12.169400215148926 ], "texture": "#texture" },
        "north": { "uv": [ 13.75, 12.125, 13.25, 12.25 ], "texture": "#texture" },
        "south": { "uv": [ 13.25, 12.125, 13.75, 12.25 ], "texture": "#texture" },
        "west":  { "uv": [ 13.25, 12.125, 13.294400215148926, 12.25 ], "texture": "#texture" },
        "east":  { "uv": [ 13.75, 12.125, 13.705599784851074, 12.25 ], "texture": "#texture" }
    }
},
{
    "__comment": "360fx360f x128",
    "from": [ 13.75, 5.875, 7.5 ],
    "to": [ 13.875, 6, 7.7 ],
    "faces": {
        "down":  { "uv": [ 13.75, 10.125, 13.875, 10.0806 ], "texture": "#texture" },
        "up":    { "uv": [ 13.75, 10, 13.875, 10.044400215148926 ], "texture": "#texture" },
        "north": { "uv": [ 13.875, 10, 13.75, 10.125 ], "texture": "#texture" },
        "south": { "uv": [ 13.75, 10, 13.875, 10.125 ], "texture": "#texture" },
        "west":  { "uv": [ 13.75, 10, 13.794400215148926, 10.125 ], "texture": "#texture" },
        "east":  { "uv": [ 13.875, 10, 13.830599784851074, 10.125 ], "texture": "#texture" }
    }
},
{
    "__comment": "360fx360f x128",
    "from": [ 14, 4.125, 7.5 ],
    "to": [ 14.25, 4.375, 7.7 ],
    "faces": {
        "down":  { "uv": [ 14, 11.875, 14.25, 11.8306 ], "texture": "#texture" },
        "up":    { "uv": [ 14, 11.625, 14.25, 11.669400215148926 ], "texture": "#texture" },
        "north": { "uv": [ 14.25, 11.625, 14, 11.875 ], "texture": "#texture" },
        "south": { "uv": [ 14, 11.625, 14.25, 11.875 ], "texture": "#texture" },
        "west":  { "uv": [ 14, 11.625, 14.044400215148926, 11.875 ], "texture": "#texture" },
        "east":  { "uv": [ 14.25, 11.625, 14.205599784851074, 11.875 ], "texture": "#texture" }
    }
},
{
    "__comment": "360fx360f x128",
    "from": [ 14.125, 5.5, 7.5 ],
    "to": [ 14.25, 5.625, 7.7 ],
    "faces": {
        "down":  { "uv": [ 14.125, 10.5, 14.25, 10.4556 ], "texture": "#texture" },
        "up":    { "uv": [ 14.125, 10.375, 14.25, 10.419400215148926 ], "texture": "#texture" },
        "north": { "uv": [ 14.25, 10.375, 14.125, 10.5 ], "texture": "#texture" },
        "south": { "uv": [ 14.125, 10.375, 14.25, 10.5 ], "texture": "#texture" },
        "west":  { "uv": [ 14.125, 10.375, 14.169400215148926, 10.5 ], "texture": "#texture" },
        "east":  { "uv": [ 14.25, 10.375, 14.205599784851074, 10.5 ], "texture": "#texture" }
    }
},
{
    "__comment": "360fx360f x128",
    "from": [ 14.25, 4.25, 7.5 ],
    "to": [ 14.625, 4.375, 7.7 ],
    "faces": {
        "down":  { "uv": [ 14.25, 11.75, 14.625, 11.7056 ], "texture": "#texture" },
        "up":    { "uv": [ 14.25, 11.625, 14.625, 11.669400215148926 ], "texture": "#texture" },
        "north": { "uv": [ 14.625, 11.625, 14.25, 11.75 ], "texture": "#texture" },
        "south": { "uv": [ 14.25, 11.625, 14.625, 11.75 ], "texture": "#texture" },
        "west":  { "uv": [ 14.25, 11.625, 14.294400215148926, 11.75 ], "texture": "#texture" },
        "east":  { "uv": [ 14.625, 11.625, 14.580599784851074, 11.75 ], "texture": "#texture" }
    }
}
],
"display": {
    "thirdperson_righthand": {
        "rotation": [ 0, -90, -51 ],
        "translation": [ -0.38, 2.46, 0 ],
        "scale": [ 1.5, 1.5, 1.5 ]
    },
    "thirdperson_lefthand": {
        "rotation": [ 0, 90, 51 ],
        "translation": [ -0.38, 2.46, 0 ],
        "scale": [ 1.5, 1.5, 1.5 ]
    },
    "head": {
        "rotation": [ 0, 0, 0 ],
        "translation": [ 0, 0, 0 ],
        "scale": [ 1, 1, 1 ]
    },
    "ground": {
        "rotation": [ 0, 0, 0 ],
        "translation": [ 0, 0, 0 ],
        "scale": [ 1, 1, 1 ]
    },
    "fixed": {
        "rotation": [ 0, 180, 0 ],
        "translation": [ 0, 0, -0.76 ],
        "scale": [ 2, 2, 2 ]
    },
    "firstperson_righthand": {
        "rotation": [ 0, -103, -28 ],
        "translation": [ -0.19, 4.54, 0 ],
        "scale": [ 1.3, 1.3, 1 ]
    },
    "firstperson_lefthand": {
        "rotation": [ 0, 81, 26 ],
        "translation": [ -0.19, 4.54, 0 ],
        "scale": [ 1.3, 1.3, 1 ]
    },
    "gui": {
        "rotation": [ 0, 0, -10 ],
        "translation": [ 0, 0, 0 ],
        "scale": [ 1.2, 1.2, 1.2 ]
    }
}
}