{
"__comment": "Designed by Yoyomg43 with BDcraft Cubik PRO 0.96 Beta - http://bdcraft.net",
"textures": {
    "particle": "custom/ca3",
    "texture": "custom/ca4"
},
"elements": [ 
{
    "__comment": "record_mellohi x128",
    "from": [ 0.125, 7.75, 7.5 ],
    "to": [ 15.5, 7.875, 7.6 ],
    "faces": {
        "down":  { "uv": [ 0.125, 8.25, 15.5, 8.125 ], "texture": "#texture" },
        "up":    { "uv": [ 0.125, 8.125, 15.5, 8.25 ], "texture": "#texture" },
        "north": { "uv": [ 15.5, 8.125, 0.125, 8.25 ], "texture": "#texture" },
        "south": { "uv": [ 0.125, 8.125, 15.5, 8.25 ], "texture": "#particle" },
        "west":  { "uv": [ 0.125, 8.125, 0.25, 8.25 ], "texture": "#texture" },
        "east":  { "uv": [ 15.5, 8.125, 15.375, 8.25 ], "texture": "#texture" }
    }
},
{
    "__comment": "record_mellohi x128",
    "from": [ 0.25, 7.875, 7.5 ],
    "to": [ 15.375, 9.25, 7.6 ],
    "faces": {
        "down":  { "uv": [ 0.25, 8.125, 15.375, 8 ], "texture": "#texture" },
        "up":    { "uv": [ 0.25, 6.75, 15.375, 6.875 ], "texture": "#texture" },
        "north": { "uv": [ 15.375, 6.75, 0.25, 8.125 ], "texture": "#texture" },
        "south": { "uv": [ 0.25, 6.75, 15.375, 8.125 ], "texture": "#particle" },
        "west":  { "uv": [ 0.25, 6.75, 0.375, 8.125 ], "texture": "#texture" },
        "east":  { "uv": [ 15.375, 6.75, 15.25, 8.125 ], "texture": "#texture" }
    }
},
{
    "__comment": "record_mellohi x128",
    "from": [ 0.25, 7.125, 7.5 ],
    "to": [ 15.5, 7.75, 7.6 ],
    "faces": {
        "down":  { "uv": [ 0.25, 8.875, 15.5, 8.75 ], "texture": "#texture" },
        "up":    { "uv": [ 0.25, 8.25, 15.5, 8.375 ], "texture": "#texture" },
        "north": { "uv": [ 15.5, 8.25, 0.25, 8.875 ], "texture": "#texture" },
        "south": { "uv": [ 0.25, 8.25, 15.5, 8.875 ], "texture": "#particle" },
        "west":  { "uv": [ 0.25, 8.25, 0.375, 8.875 ], "texture": "#texture" },
        "east":  { "uv": [ 15.5, 8.25, 15.375, 8.875 ], "texture": "#texture" }
    }
},
{
    "__comment": "record_mellohi x128",
    "from": [ 0.375, 9.25, 7.5 ],
    "to": [ 15.25, 10.25, 7.6 ],
    "faces": {
        "down":  { "uv": [ 0.375, 6.75, 15.25, 6.625 ], "texture": "#texture" },
        "up":    { "uv": [ 0.375, 5.75, 15.25, 5.875 ], "texture": "#texture" },
        "north": { "uv": [ 15.25, 5.75, 0.375, 6.75 ], "texture": "#texture" },
        "south": { "uv": [ 0.375, 5.75, 15.25, 6.75 ], "texture": "#particle" },
        "west":  { "uv": [ 0.375, 5.75, 0.5, 6.75 ], "texture": "#texture" },
        "east":  { "uv": [ 15.25, 5.75, 15.125, 6.75 ], "texture": "#texture" }
    }
},
{
    "__comment": "record_mellohi x128",
    "from": [ 0.375, 6.75, 7.5 ],
    "to": [ 15.375, 7.125, 7.6 ],
    "faces": {
        "down":  { "uv": [ 0.375, 9.25, 15.375, 9.125 ], "texture": "#texture" },
        "up":    { "uv": [ 0.375, 8.875, 15.375, 9 ], "texture": "#texture" },
        "north": { "uv": [ 15.375, 8.875, 0.375, 9.25 ], "texture": "#texture" },
        "south": { "uv": [ 0.375, 8.875, 15.375, 9.25 ], "texture": "#particle" },
        "west":  { "uv": [ 0.375, 8.875, 0.5, 9.25 ], "texture": "#texture" },
        "east":  { "uv": [ 15.375, 8.875, 15.25, 9.25 ], "texture": "#texture" }
    }
},
{
    "__comment": "record_mellohi x128",
    "from": [ 0.5, 10.25, 7.5 ],
    "to": [ 15.125, 10.5, 7.6 ],
    "faces": {
        "down":  { "uv": [ 0.5, 5.75, 15.125, 5.625 ], "texture": "#texture" },
        "up":    { "uv": [ 0.5, 5.5, 15.125, 5.625 ], "texture": "#texture" },
        "north": { "uv": [ 15.125, 5.5, 0.5, 5.75 ], "texture": "#texture" },
        "south": { "uv": [ 0.5, 5.5, 15.125, 5.75 ], "texture": "#particle" },
        "west":  { "uv": [ 0.5, 5.5, 0.625, 5.75 ], "texture": "#texture" },
        "east":  { "uv": [ 15.125, 5.5, 15, 5.75 ], "texture": "#texture" }
    }
},
{
    "__comment": "record_mellohi x128",
    "from": [ 0.5, 6.25, 7.5 ],
    "to": [ 15.25, 6.75, 7.6 ],
    "faces": {
        "down":  { "uv": [ 0.5, 9.75, 15.25, 9.625 ], "texture": "#texture" },
        "up":    { "uv": [ 0.5, 9.25, 15.25, 9.375 ], "texture": "#texture" },
        "north": { "uv": [ 15.25, 9.25, 0.5, 9.75 ], "texture": "#texture" },
        "south": { "uv": [ 0.5, 9.25, 15.25, 9.75 ], "texture": "#particle" },
        "west":  { "uv": [ 0.5, 9.25, 0.625, 9.75 ], "texture": "#texture" },
        "east":  { "uv": [ 15.25, 9.25, 15.125, 9.75 ], "texture": "#texture" }
    }
},
{
    "__comment": "record_mellohi x128",
    "from": [ 0.625, 10.5, 7.5 ],
    "to": [ 15, 10.75, 7.6 ],
    "faces": {
        "down":  { "uv": [ 0.625, 5.5, 15, 5.375 ], "texture": "#texture" },
        "up":    { "uv": [ 0.625, 5.25, 15, 5.375 ], "texture": "#texture" },
        "north": { "uv": [ 15, 5.25, 0.625, 5.5 ], "texture": "#texture" },
        "south": { "uv": [ 0.625, 5.25, 15, 5.5 ], "texture": "#particle" },
        "west":  { "uv": [ 0.625, 5.25, 0.75, 5.5 ], "texture": "#texture" },
        "east":  { "uv": [ 15, 5.25, 14.875, 5.5 ], "texture": "#texture" }
    }
},
{
    "__comment": "record_mellohi x128",
    "from": [ 0.625, 5.75, 7.5 ],
    "to": [ 15.125, 6.25, 7.6 ],
    "faces": {
        "down":  { "uv": [ 0.625, 10.25, 15.125, 10.125 ], "texture": "#texture" },
        "up":    { "uv": [ 0.625, 9.75, 15.125, 9.875 ], "texture": "#texture" },
        "north": { "uv": [ 15.125, 9.75, 0.625, 10.25 ], "texture": "#texture" },
        "south": { "uv": [ 0.625, 9.75, 15.125, 10.25 ], "texture": "#particle" },
        "west":  { "uv": [ 0.625, 9.75, 0.75, 10.25 ], "texture": "#texture" },
        "east":  { "uv": [ 15.125, 9.75, 15, 10.25 ], "texture": "#texture" }
    }
},
{
    "__comment": "record_mellohi x128",
    "from": [ 0.75, 10.75, 7.5 ],
    "to": [ 14.875, 11.125, 7.6 ],
    "faces": {
        "down":  { "uv": [ 0.75, 5.25, 14.875, 5.125 ], "texture": "#texture" },
        "up":    { "uv": [ 0.75, 4.875, 14.875, 5 ], "texture": "#texture" },
        "north": { "uv": [ 14.875, 4.875, 0.75, 5.25 ], "texture": "#texture" },
        "south": { "uv": [ 0.75, 4.875, 14.875, 5.25 ], "texture": "#particle" },
        "west":  { "uv": [ 0.75, 4.875, 0.875, 5.25 ], "texture": "#texture" },
        "east":  { "uv": [ 14.875, 4.875, 14.75, 5.25 ], "texture": "#texture" }
    }
},
{
    "__comment": "record_mellohi x128",
    "from": [ 0.75, 5.125, 7.5 ],
    "to": [ 14.875, 5.75, 7.6 ],
    "faces": {
        "down":  { "uv": [ 0.75, 10.875, 14.875, 10.75 ], "texture": "#texture" },
        "up":    { "uv": [ 0.75, 10.25, 14.875, 10.375 ], "texture": "#texture" },
        "north": { "uv": [ 14.875, 10.25, 0.75, 10.875 ], "texture": "#texture" },
        "south": { "uv": [ 0.75, 10.25, 14.875, 10.875 ], "texture": "#particle" },
        "west":  { "uv": [ 0.75, 10.25, 0.875, 10.875 ], "texture": "#texture" },
        "east":  { "uv": [ 14.875, 10.25, 14.75, 10.875 ], "texture": "#texture" }
    }
},
{
    "__comment": "record_mellohi x128",
    "from": [ 0.875, 11.125, 7.5 ],
    "to": [ 14.75, 11.375, 7.6 ],
    "faces": {
        "down":  { "uv": [ 0.875, 4.875, 14.75, 4.75 ], "texture": "#texture" },
        "up":    { "uv": [ 0.875, 4.625, 14.75, 4.75 ], "texture": "#texture" },
        "north": { "uv": [ 14.75, 4.625, 0.875, 4.875 ], "texture": "#texture" },
        "south": { "uv": [ 0.875, 4.625, 14.75, 4.875 ], "texture": "#particle" },
        "west":  { "uv": [ 0.875, 4.625, 1, 4.875 ], "texture": "#texture" },
        "east":  { "uv": [ 14.75, 4.625, 14.625, 4.875 ], "texture": "#texture" }
    }
},
{
    "__comment": "record_mellohi x128",
    "from": [ 0.875, 4.875, 7.5 ],
    "to": [ 14.75, 5.125, 7.6 ],
    "faces": {
        "down":  { "uv": [ 0.875, 11.125, 14.75, 11 ], "texture": "#texture" },
        "up":    { "uv": [ 0.875, 10.875, 14.75, 11 ], "texture": "#texture" },
        "north": { "uv": [ 14.75, 10.875, 0.875, 11.125 ], "texture": "#texture" },
        "south": { "uv": [ 0.875, 10.875, 14.75, 11.125 ], "texture": "#particle" },
        "west":  { "uv": [ 0.875, 10.875, 1, 11.125 ], "texture": "#texture" },
        "east":  { "uv": [ 14.75, 10.875, 14.625, 11.125 ], "texture": "#texture" }
    }
},
{
    "__comment": "record_mellohi x128",
    "from": [ 1, 11.375, 7.5 ],
    "to": [ 14.625, 11.625, 7.6 ],
    "faces": {
        "down":  { "uv": [ 1, 4.625, 14.625, 4.5 ], "texture": "#texture" },
        "up":    { "uv": [ 1, 4.375, 14.625, 4.5 ], "texture": "#texture" },
        "north": { "uv": [ 14.625, 4.375, 1, 4.625 ], "texture": "#texture" },
        "south": { "uv": [ 1, 4.375, 14.625, 4.625 ], "texture": "#particle" },
        "west":  { "uv": [ 1, 4.375, 1.125, 4.625 ], "texture": "#texture" },
        "east":  { "uv": [ 14.625, 4.375, 14.5, 4.625 ], "texture": "#texture" }
    }
},
{
    "__comment": "record_mellohi x128",
    "from": [ 1, 4.625, 7.5 ],
    "to": [ 14.625, 4.875, 7.6 ],
    "faces": {
        "down":  { "uv": [ 1, 11.375, 14.625, 11.25 ], "texture": "#texture" },
        "up":    { "uv": [ 1, 11.125, 14.625, 11.25 ], "texture": "#texture" },
        "north": { "uv": [ 14.625, 11.125, 1, 11.375 ], "texture": "#texture" },
        "south": { "uv": [ 1, 11.125, 14.625, 11.375 ], "texture": "#particle" },
        "west":  { "uv": [ 1, 11.125, 1.125, 11.375 ], "texture": "#texture" },
        "east":  { "uv": [ 14.625, 11.125, 14.5, 11.375 ], "texture": "#texture" }
    }
},
{
    "__comment": "record_mellohi x128",
    "from": [ 1.125, 11.625, 7.5 ],
    "to": [ 14.625, 11.75, 7.6 ],
    "faces": {
        "down":  { "uv": [ 1.125, 4.375, 14.625, 4.25 ], "texture": "#texture" },
        "up":    { "uv": [ 1.125, 4.25, 14.625, 4.375 ], "texture": "#texture" },
        "north": { "uv": [ 14.625, 4.25, 1.125, 4.375 ], "texture": "#texture" },
        "south": { "uv": [ 1.125, 4.25, 14.625, 4.375 ], "texture": "#particle" },
        "west":  { "uv": [ 1.125, 4.25, 1.25, 4.375 ], "texture": "#texture" },
        "east":  { "uv": [ 14.625, 4.25, 14.5, 4.375 ], "texture": "#texture" }
    }
},
{
    "__comment": "record_mellohi x128",
    "from": [ 1.125, 4.5, 7.5 ],
    "to": [ 14.625, 4.625, 7.6 ],
    "faces": {
        "down":  { "uv": [ 1.125, 11.5, 14.625, 11.375 ], "texture": "#texture" },
        "up":    { "uv": [ 1.125, 11.375, 14.625, 11.5 ], "texture": "#texture" },
        "north": { "uv": [ 14.625, 11.375, 1.125, 11.5 ], "texture": "#texture" },
        "south": { "uv": [ 1.125, 11.375, 14.625, 11.5 ], "texture": "#particle" },
        "west":  { "uv": [ 1.125, 11.375, 1.25, 11.5 ], "texture": "#texture" },
        "east":  { "uv": [ 14.625, 11.375, 14.5, 11.5 ], "texture": "#texture" }
    }
},
{
    "__comment": "record_mellohi x128",
    "from": [ 1.25, 11.75, 7.5 ],
    "to": [ 14.5, 12, 7.6 ],
    "faces": {
        "down":  { "uv": [ 1.25, 4.25, 14.5, 4.125 ], "texture": "#texture" },
        "up":    { "uv": [ 1.25, 4, 14.5, 4.125 ], "texture": "#texture" },
        "north": { "uv": [ 14.5, 4, 1.25, 4.25 ], "texture": "#texture" },
        "south": { "uv": [ 1.25, 4, 14.5, 4.25 ], "texture": "#particle" },
        "west":  { "uv": [ 1.25, 4, 1.375, 4.25 ], "texture": "#texture" },
        "east":  { "uv": [ 14.5, 4, 14.375, 4.25 ], "texture": "#texture" }
    }
},
{
    "__comment": "record_mellohi x128",
    "from": [ 1.25, 4.375, 7.5 ],
    "to": [ 14.5, 4.5, 7.6 ],
    "faces": {
        "down":  { "uv": [ 1.25, 11.625, 14.5, 11.5 ], "texture": "#texture" },
        "up":    { "uv": [ 1.25, 11.5, 14.5, 11.625 ], "texture": "#texture" },
        "north": { "uv": [ 14.5, 11.5, 1.25, 11.625 ], "texture": "#texture" },
        "south": { "uv": [ 1.25, 11.5, 14.5, 11.625 ], "texture": "#particle" },
        "west":  { "uv": [ 1.25, 11.5, 1.375, 11.625 ], "texture": "#texture" },
        "east":  { "uv": [ 14.5, 11.5, 14.375, 11.625 ], "texture": "#texture" }
    }
},
{
    "__comment": "record_mellohi x128",
    "from": [ 1.375, 12, 7.5 ],
    "to": [ 14.375, 12.125, 7.6 ],
    "faces": {
        "down":  { "uv": [ 1.375, 4, 14.375, 3.875 ], "texture": "#texture" },
        "up":    { "uv": [ 1.375, 3.875, 14.375, 4 ], "texture": "#texture" },
        "north": { "uv": [ 14.375, 3.875, 1.375, 4 ], "texture": "#texture" },
        "south": { "uv": [ 1.375, 3.875, 14.375, 4 ], "texture": "#particle" },
        "west":  { "uv": [ 1.375, 3.875, 1.5, 4 ], "texture": "#texture" },
        "east":  { "uv": [ 14.375, 3.875, 14.25, 4 ], "texture": "#texture" }
    }
},
{
    "__comment": "record_mellohi x128",
    "from": [ 1.375, 4.125, 7.5 ],
    "to": [ 14.375, 4.375, 7.6 ],
    "faces": {
        "down":  { "uv": [ 1.375, 11.875, 14.375, 11.75 ], "texture": "#texture" },
        "up":    { "uv": [ 1.375, 11.625, 14.375, 11.75 ], "texture": "#texture" },
        "north": { "uv": [ 14.375, 11.625, 1.375, 11.875 ], "texture": "#texture" },
        "south": { "uv": [ 1.375, 11.625, 14.375, 11.875 ], "texture": "#particle" },
        "west":  { "uv": [ 1.375, 11.625, 1.5, 11.875 ], "texture": "#texture" },
        "east":  { "uv": [ 14.375, 11.625, 14.25, 11.875 ], "texture": "#texture" }
    }
},
{
    "__comment": "record_mellohi x128",
    "from": [ 1.5, 12.125, 7.5 ],
    "to": [ 14.25, 12.375, 7.6 ],
    "faces": {
        "down":  { "uv": [ 1.5, 3.875, 14.25, 3.75 ], "texture": "#texture" },
        "up":    { "uv": [ 1.5, 3.625, 14.25, 3.75 ], "texture": "#texture" },
        "north": { "uv": [ 14.25, 3.625, 1.5, 3.875 ], "texture": "#texture" },
        "south": { "uv": [ 1.5, 3.625, 14.25, 3.875 ], "texture": "#particle" },
        "west":  { "uv": [ 1.5, 3.625, 1.625, 3.875 ], "texture": "#texture" },
        "east":  { "uv": [ 14.25, 3.625, 14.125, 3.875 ], "texture": "#texture" }
    }
},
{
    "__comment": "record_mellohi x128",
    "from": [ 1.5, 3.875, 7.5 ],
    "to": [ 14.25, 4.125, 7.6 ],
    "faces": {
        "down":  { "uv": [ 1.5, 12.125, 14.25, 12 ], "texture": "#texture" },
        "up":    { "uv": [ 1.5, 11.875, 14.25, 12 ], "texture": "#texture" },
        "north": { "uv": [ 14.25, 11.875, 1.5, 12.125 ], "texture": "#texture" },
        "south": { "uv": [ 1.5, 11.875, 14.25, 12.125 ], "texture": "#particle" },
        "west":  { "uv": [ 1.5, 11.875, 1.625, 12.125 ], "texture": "#texture" },
        "east":  { "uv": [ 14.25, 11.875, 14.125, 12.125 ], "texture": "#texture" }
    }
},
{
    "__comment": "record_mellohi x128",
    "from": [ 1.625, 12.375, 7.5 ],
    "to": [ 14, 12.625, 7.6 ],
    "faces": {
        "down":  { "uv": [ 1.625, 3.625, 14, 3.5 ], "texture": "#texture" },
        "up":    { "uv": [ 1.625, 3.375, 14, 3.5 ], "texture": "#texture" },
        "north": { "uv": [ 14, 3.375, 1.625, 3.625 ], "texture": "#texture" },
        "south": { "uv": [ 1.625, 3.375, 14, 3.625 ], "texture": "#particle" },
        "west":  { "uv": [ 1.625, 3.375, 1.75, 3.625 ], "texture": "#texture" },
        "east":  { "uv": [ 14, 3.375, 13.875, 3.625 ], "texture": "#texture" }
    }
},
{
    "__comment": "record_mellohi x128",
    "from": [ 1.625, 3.75, 7.5 ],
    "to": [ 14.125, 3.875, 7.6 ],
    "faces": {
        "down":  { "uv": [ 1.625, 12.25, 14.125, 12.125 ], "texture": "#texture" },
        "up":    { "uv": [ 1.625, 12.125, 14.125, 12.25 ], "texture": "#texture" },
        "north": { "uv": [ 14.125, 12.125, 1.625, 12.25 ], "texture": "#texture" },
        "south": { "uv": [ 1.625, 12.125, 14.125, 12.25 ], "texture": "#particle" },
        "west":  { "uv": [ 1.625, 12.125, 1.75, 12.25 ], "texture": "#texture" },
        "east":  { "uv": [ 14.125, 12.125, 14, 12.25 ], "texture": "#texture" }
    }
},
{
    "__comment": "record_mellohi x128",
    "from": [ 1.75, 12.625, 7.5 ],
    "to": [ 14, 12.75, 7.6 ],
    "faces": {
        "down":  { "uv": [ 1.75, 3.375, 14, 3.25 ], "texture": "#texture" },
        "up":    { "uv": [ 1.75, 3.25, 14, 3.375 ], "texture": "#texture" },
        "north": { "uv": [ 14, 3.25, 1.75, 3.375 ], "texture": "#texture" },
        "south": { "uv": [ 1.75, 3.25, 14, 3.375 ], "texture": "#particle" },
        "west":  { "uv": [ 1.75, 3.25, 1.875, 3.375 ], "texture": "#texture" },
        "east":  { "uv": [ 14, 3.25, 13.875, 3.375 ], "texture": "#texture" }
    }
},
{
    "__comment": "record_mellohi x128",
    "from": [ 1.75, 3.5, 7.5 ],
    "to": [ 14, 3.75, 7.6 ],
    "faces": {
        "down":  { "uv": [ 1.75, 12.5, 14, 12.375 ], "texture": "#texture" },
        "up":    { "uv": [ 1.75, 12.25, 14, 12.375 ], "texture": "#texture" },
        "north": { "uv": [ 14, 12.25, 1.75, 12.5 ], "texture": "#texture" },
        "south": { "uv": [ 1.75, 12.25, 14, 12.5 ], "texture": "#particle" },
        "west":  { "uv": [ 1.75, 12.25, 1.875, 12.5 ], "texture": "#texture" },
        "east":  { "uv": [ 14, 12.25, 13.875, 12.5 ], "texture": "#texture" }
    }
},
{
    "__comment": "record_mellohi x128",
    "from": [ 1.875, 12.75, 7.5 ],
    "to": [ 13.875, 12.875, 7.6 ],
    "faces": {
        "down":  { "uv": [ 1.875, 3.25, 13.875, 3.125 ], "texture": "#texture" },
        "up":    { "uv": [ 1.875, 3.125, 13.875, 3.25 ], "texture": "#texture" },
        "north": { "uv": [ 13.875, 3.125, 1.875, 3.25 ], "texture": "#texture" },
        "south": { "uv": [ 1.875, 3.125, 13.875, 3.25 ], "texture": "#particle" },
        "west":  { "uv": [ 1.875, 3.125, 2, 3.25 ], "texture": "#texture" },
        "east":  { "uv": [ 13.875, 3.125, 13.75, 3.25 ], "texture": "#texture" }
    }
},
{
    "__comment": "record_mellohi x128",
    "from": [ 1.875, 3.25, 7.5 ],
    "to": [ 13.75, 3.5, 7.6 ],
    "faces": {
        "down":  { "uv": [ 1.875, 12.75, 13.75, 12.625 ], "texture": "#texture" },
        "up":    { "uv": [ 1.875, 12.5, 13.75, 12.625 ], "texture": "#texture" },
        "north": { "uv": [ 13.75, 12.5, 1.875, 12.75 ], "texture": "#texture" },
        "south": { "uv": [ 1.875, 12.5, 13.75, 12.75 ], "texture": "#particle" },
        "west":  { "uv": [ 1.875, 12.5, 2, 12.75 ], "texture": "#texture" },
        "east":  { "uv": [ 13.75, 12.5, 13.625, 12.75 ], "texture": "#texture" }
    }
},
{
    "__comment": "record_mellohi x128",
    "from": [ 2, 12.875, 7.5 ],
    "to": [ 13.75, 13, 7.6 ],
    "faces": {
        "down":  { "uv": [ 2, 3.125, 13.75, 3 ], "texture": "#texture" },
        "up":    { "uv": [ 2, 3, 13.75, 3.125 ], "texture": "#texture" },
        "north": { "uv": [ 13.75, 3, 2, 3.125 ], "texture": "#texture" },
        "south": { "uv": [ 2, 3, 13.75, 3.125 ], "texture": "#particle" },
        "west":  { "uv": [ 2, 3, 2.125, 3.125 ], "texture": "#texture" },
        "east":  { "uv": [ 13.75, 3, 13.625, 3.125 ], "texture": "#texture" }
    }
},
{
    "__comment": "record_mellohi x128",
    "from": [ 2, 3.125, 7.5 ],
    "to": [ 13.625, 3.25, 7.6 ],
    "faces": {
        "down":  { "uv": [ 2, 12.875, 13.625, 12.75 ], "texture": "#texture" },
        "up":    { "uv": [ 2, 12.75, 13.625, 12.875 ], "texture": "#texture" },
        "north": { "uv": [ 13.625, 12.75, 2, 12.875 ], "texture": "#texture" },
        "south": { "uv": [ 2, 12.75, 13.625, 12.875 ], "texture": "#particle" },
        "west":  { "uv": [ 2, 12.75, 2.125, 12.875 ], "texture": "#texture" },
        "east":  { "uv": [ 13.625, 12.75, 13.5, 12.875 ], "texture": "#texture" }
    }
},
{
    "__comment": "record_mellohi x128",
    "from": [ 2.125, 13, 7.5 ],
    "to": [ 13.625, 13.125, 7.6 ],
    "faces": {
        "down":  { "uv": [ 2.125, 3, 13.625, 2.875 ], "texture": "#texture" },
        "up":    { "uv": [ 2.125, 2.875, 13.625, 3 ], "texture": "#texture" },
        "north": { "uv": [ 13.625, 2.875, 2.125, 3 ], "texture": "#texture" },
        "south": { "uv": [ 2.125, 2.875, 13.625, 3 ], "texture": "#particle" },
        "west":  { "uv": [ 2.125, 2.875, 2.25, 3 ], "texture": "#texture" },
        "east":  { "uv": [ 13.625, 2.875, 13.5, 3 ], "texture": "#texture" }
    }
},
{
    "__comment": "record_mellohi x128",
    "from": [ 2.125, 3, 7.5 ],
    "to": [ 13.5, 3.125, 7.6 ],
    "faces": {
        "down":  { "uv": [ 2.125, 13, 13.5, 12.875 ], "texture": "#texture" },
        "up":    { "uv": [ 2.125, 12.875, 13.5, 13 ], "texture": "#texture" },
        "north": { "uv": [ 13.5, 12.875, 2.125, 13 ], "texture": "#texture" },
        "south": { "uv": [ 2.125, 12.875, 13.5, 13 ], "texture": "#particle" },
        "west":  { "uv": [ 2.125, 12.875, 2.25, 13 ], "texture": "#texture" },
        "east":  { "uv": [ 13.5, 12.875, 13.375, 13 ], "texture": "#texture" }
    }
},
{
    "__comment": "record_mellohi x128",
    "from": [ 2.25, 13.125, 7.5 ],
    "to": [ 13.5, 13.375, 7.6 ],
    "faces": {
        "down":  { "uv": [ 2.25, 2.875, 13.5, 2.75 ], "texture": "#texture" },
        "up":    { "uv": [ 2.25, 2.625, 13.5, 2.75 ], "texture": "#texture" },
        "north": { "uv": [ 13.5, 2.625, 2.25, 2.875 ], "texture": "#texture" },
        "south": { "uv": [ 2.25, 2.625, 13.5, 2.875 ], "texture": "#particle" },
        "west":  { "uv": [ 2.25, 2.625, 2.375, 2.875 ], "texture": "#texture" },
        "east":  { "uv": [ 13.5, 2.625, 13.375, 2.875 ], "texture": "#texture" }
    }
},
{
    "__comment": "record_mellohi x128",
    "from": [ 2.25, 2.875, 7.5 ],
    "to": [ 13.375, 3, 7.6 ],
    "faces": {
        "down":  { "uv": [ 2.25, 13.125, 13.375, 13 ], "texture": "#texture" },
        "up":    { "uv": [ 2.25, 13, 13.375, 13.125 ], "texture": "#texture" },
        "north": { "uv": [ 13.375, 13, 2.25, 13.125 ], "texture": "#texture" },
        "south": { "uv": [ 2.25, 13, 13.375, 13.125 ], "texture": "#particle" },
        "west":  { "uv": [ 2.25, 13, 2.375, 13.125 ], "texture": "#texture" },
        "east":  { "uv": [ 13.375, 13, 13.25, 13.125 ], "texture": "#texture" }
    }
},
{
    "__comment": "record_mellohi x128",
    "from": [ 2.375, 2.75, 7.5 ],
    "to": [ 13.25, 2.875, 7.6 ],
    "faces": {
        "down":  { "uv": [ 2.375, 13.25, 13.25, 13.125 ], "texture": "#texture" },
        "up":    { "uv": [ 2.375, 13.125, 13.25, 13.25 ], "texture": "#texture" },
        "north": { "uv": [ 13.25, 13.125, 2.375, 13.25 ], "texture": "#texture" },
        "south": { "uv": [ 2.375, 13.125, 13.25, 13.25 ], "texture": "#particle" },
        "west":  { "uv": [ 2.375, 13.125, 2.5, 13.25 ], "texture": "#texture" },
        "east":  { "uv": [ 13.25, 13.125, 13.125, 13.25 ], "texture": "#texture" }
    }
},
{
    "__comment": "record_mellohi x128",
    "from": [ 2.5, 13.375, 7.5 ],
    "to": [ 13.375, 13.5, 7.6 ],
    "faces": {
        "down":  { "uv": [ 2.5, 2.625, 13.375, 2.5 ], "texture": "#texture" },
        "up":    { "uv": [ 2.5, 2.5, 13.375, 2.625 ], "texture": "#texture" },
        "north": { "uv": [ 13.375, 2.5, 2.5, 2.625 ], "texture": "#texture" },
        "south": { "uv": [ 2.5, 2.5, 13.375, 2.625 ], "texture": "#particle" },
        "west":  { "uv": [ 2.5, 2.5, 2.625, 2.625 ], "texture": "#texture" },
        "east":  { "uv": [ 13.375, 2.5, 13.25, 2.625 ], "texture": "#texture" }
    }
},
{
    "__comment": "record_mellohi x128",
    "from": [ 2.5, 2.625, 7.5 ],
    "to": [ 13.125, 2.75, 7.6 ],
    "faces": {
        "down":  { "uv": [ 2.5, 13.375, 13.125, 13.25 ], "texture": "#texture" },
        "up":    { "uv": [ 2.5, 13.25, 13.125, 13.375 ], "texture": "#texture" },
        "north": { "uv": [ 13.125, 13.25, 2.5, 13.375 ], "texture": "#texture" },
        "south": { "uv": [ 2.5, 13.25, 13.125, 13.375 ], "texture": "#particle" },
        "west":  { "uv": [ 2.5, 13.25, 2.625, 13.375 ], "texture": "#texture" },
        "east":  { "uv": [ 13.125, 13.25, 13, 13.375 ], "texture": "#texture" }
    }
},
{
    "__comment": "record_mellohi x128",
    "from": [ 2.625, 13.5, 7.5 ],
    "to": [ 13.125, 13.625, 7.6 ],
    "faces": {
        "down":  { "uv": [ 2.625, 2.5, 13.125, 2.375 ], "texture": "#texture" },
        "up":    { "uv": [ 2.625, 2.375, 13.125, 2.5 ], "texture": "#texture" },
        "north": { "uv": [ 13.125, 2.375, 2.625, 2.5 ], "texture": "#texture" },
        "south": { "uv": [ 2.625, 2.375, 13.125, 2.5 ], "texture": "#particle" },
        "west":  { "uv": [ 2.625, 2.375, 2.75, 2.5 ], "texture": "#texture" },
        "east":  { "uv": [ 13.125, 2.375, 13, 2.5 ], "texture": "#texture" }
    }
},
{
    "__comment": "record_mellohi x128",
    "from": [ 2.75, 13.625, 7.5 ],
    "to": [ 13, 13.75, 7.6 ],
    "faces": {
        "down":  { "uv": [ 2.75, 2.375, 13, 2.25 ], "texture": "#texture" },
        "up":    { "uv": [ 2.75, 2.25, 13, 2.375 ], "texture": "#texture" },
        "north": { "uv": [ 13, 2.25, 2.75, 2.375 ], "texture": "#texture" },
        "south": { "uv": [ 2.75, 2.25, 13, 2.375 ], "texture": "#particle" },
        "west":  { "uv": [ 2.75, 2.25, 2.875, 2.375 ], "texture": "#texture" },
        "east":  { "uv": [ 13, 2.25, 12.875, 2.375 ], "texture": "#texture" }
    }
},
{
    "__comment": "record_mellohi x128",
    "from": [ 2.75, 2.5, 7.5 ],
    "to": [ 13, 2.625, 7.6 ],
    "faces": {
        "down":  { "uv": [ 2.75, 13.5, 13, 13.375 ], "texture": "#texture" },
        "up":    { "uv": [ 2.75, 13.375, 13, 13.5 ], "texture": "#texture" },
        "north": { "uv": [ 13, 13.375, 2.75, 13.5 ], "texture": "#texture" },
        "south": { "uv": [ 2.75, 13.375, 13, 13.5 ], "texture": "#particle" },
        "west":  { "uv": [ 2.75, 13.375, 2.875, 13.5 ], "texture": "#texture" },
        "east":  { "uv": [ 13, 13.375, 12.875, 13.5 ], "texture": "#texture" }
    }
},
{
    "__comment": "record_mellohi x128",
    "from": [ 2.875, 13.75, 7.5 ],
    "to": [ 12.875, 13.875, 7.6 ],
    "faces": {
        "down":  { "uv": [ 2.875, 2.25, 12.875, 2.125 ], "texture": "#texture" },
        "up":    { "uv": [ 2.875, 2.125, 12.875, 2.25 ], "texture": "#texture" },
        "north": { "uv": [ 12.875, 2.125, 2.875, 2.25 ], "texture": "#texture" },
        "south": { "uv": [ 2.875, 2.125, 12.875, 2.25 ], "texture": "#particle" },
        "west":  { "uv": [ 2.875, 2.125, 3, 2.25 ], "texture": "#texture" },
        "east":  { "uv": [ 12.875, 2.125, 12.75, 2.25 ], "texture": "#texture" }
    }
},
{
    "__comment": "record_mellohi x128",
    "from": [ 2.875, 2.375, 7.5 ],
    "to": [ 12.875, 2.5, 7.6 ],
    "faces": {
        "down":  { "uv": [ 2.875, 13.625, 12.875, 13.5 ], "texture": "#texture" },
        "up":    { "uv": [ 2.875, 13.5, 12.875, 13.625 ], "texture": "#texture" },
        "north": { "uv": [ 12.875, 13.5, 2.875, 13.625 ], "texture": "#texture" },
        "south": { "uv": [ 2.875, 13.5, 12.875, 13.625 ], "texture": "#particle" },
        "west":  { "uv": [ 2.875, 13.5, 3, 13.625 ], "texture": "#texture" },
        "east":  { "uv": [ 12.875, 13.5, 12.75, 13.625 ], "texture": "#texture" }
    }
},
{
    "__comment": "record_mellohi x128",
    "from": [ 3, 13.875, 7.5 ],
    "to": [ 12.75, 14, 7.6 ],
    "faces": {
        "down":  { "uv": [ 3, 2.125, 12.75, 2 ], "texture": "#texture" },
        "up":    { "uv": [ 3, 2, 12.75, 2.125 ], "texture": "#texture" },
        "north": { "uv": [ 12.75, 2, 3, 2.125 ], "texture": "#texture" },
        "south": { "uv": [ 3, 2, 12.75, 2.125 ], "texture": "#particle" },
        "west":  { "uv": [ 3, 2, 3.125, 2.125 ], "texture": "#texture" },
        "east":  { "uv": [ 12.75, 2, 12.625, 2.125 ], "texture": "#texture" }
    }
},
{
    "__comment": "record_mellohi x128",
    "from": [ 3, 2.25, 7.5 ],
    "to": [ 12.75, 2.375, 7.6 ],
    "faces": {
        "down":  { "uv": [ 3, 13.75, 12.75, 13.625 ], "texture": "#texture" },
        "up":    { "uv": [ 3, 13.625, 12.75, 13.75 ], "texture": "#texture" },
        "north": { "uv": [ 12.75, 13.625, 3, 13.75 ], "texture": "#texture" },
        "south": { "uv": [ 3, 13.625, 12.75, 13.75 ], "texture": "#particle" },
        "west":  { "uv": [ 3, 13.625, 3.125, 13.75 ], "texture": "#texture" },
        "east":  { "uv": [ 12.75, 13.625, 12.625, 13.75 ], "texture": "#texture" }
    }
},
{
    "__comment": "record_mellohi x128",
    "from": [ 3.125, 14, 7.5 ],
    "to": [ 12.625, 14.125, 7.6 ],
    "faces": {
        "down":  { "uv": [ 3.125, 2, 12.625, 1.875 ], "texture": "#texture" },
        "up":    { "uv": [ 3.125, 1.875, 12.625, 2 ], "texture": "#texture" },
        "north": { "uv": [ 12.625, 1.875, 3.125, 2 ], "texture": "#texture" },
        "south": { "uv": [ 3.125, 1.875, 12.625, 2 ], "texture": "#particle" },
        "west":  { "uv": [ 3.125, 1.875, 3.25, 2 ], "texture": "#texture" },
        "east":  { "uv": [ 12.625, 1.875, 12.5, 2 ], "texture": "#texture" }
    }
},
{
    "__comment": "record_mellohi x128",
    "from": [ 3.125, 2.125, 7.5 ],
    "to": [ 12.625, 2.25, 7.6 ],
    "faces": {
        "down":  { "uv": [ 3.125, 13.875, 12.625, 13.75 ], "texture": "#texture" },
        "up":    { "uv": [ 3.125, 13.75, 12.625, 13.875 ], "texture": "#texture" },
        "north": { "uv": [ 12.625, 13.75, 3.125, 13.875 ], "texture": "#texture" },
        "south": { "uv": [ 3.125, 13.75, 12.625, 13.875 ], "texture": "#particle" },
        "west":  { "uv": [ 3.125, 13.75, 3.25, 13.875 ], "texture": "#texture" },
        "east":  { "uv": [ 12.625, 13.75, 12.5, 13.875 ], "texture": "#texture" }
    }
},
{
    "__comment": "record_mellohi x128",
    "from": [ 3.375, 14.125, 7.5 ],
    "to": [ 12.5, 14.25, 7.6 ],
    "faces": {
        "down":  { "uv": [ 3.375, 1.875, 12.5, 1.75 ], "texture": "#texture" },
        "up":    { "uv": [ 3.375, 1.75, 12.5, 1.875 ], "texture": "#texture" },
        "north": { "uv": [ 12.5, 1.75, 3.375, 1.875 ], "texture": "#texture" },
        "south": { "uv": [ 3.375, 1.75, 12.5, 1.875 ], "texture": "#particle" },
        "west":  { "uv": [ 3.375, 1.75, 3.5, 1.875 ], "texture": "#texture" },
        "east":  { "uv": [ 12.5, 1.75, 12.375, 1.875 ], "texture": "#texture" }
    }
},
{
    "__comment": "record_mellohi x128",
    "from": [ 3.375, 2, 7.5 ],
    "to": [ 12.375, 2.125, 7.6 ],
    "faces": {
        "down":  { "uv": [ 3.375, 14, 12.375, 13.875 ], "texture": "#texture" },
        "up":    { "uv": [ 3.375, 13.875, 12.375, 14 ], "texture": "#texture" },
        "north": { "uv": [ 12.375, 13.875, 3.375, 14 ], "texture": "#texture" },
        "south": { "uv": [ 3.375, 13.875, 12.375, 14 ], "texture": "#particle" },
        "west":  { "uv": [ 3.375, 13.875, 3.5, 14 ], "texture": "#texture" },
        "east":  { "uv": [ 12.375, 13.875, 12.25, 14 ], "texture": "#texture" }
    }
},
{
    "__comment": "record_mellohi x128",
    "from": [ 3.5, 1.875, 7.5 ],
    "to": [ 12.25, 2, 7.6 ],
    "faces": {
        "down":  { "uv": [ 3.5, 14.125, 12.25, 14 ], "texture": "#texture" },
        "up":    { "uv": [ 3.5, 14, 12.25, 14.125 ], "texture": "#texture" },
        "north": { "uv": [ 12.25, 14, 3.5, 14.125 ], "texture": "#texture" },
        "south": { "uv": [ 3.5, 14, 12.25, 14.125 ], "texture": "#particle" },
        "west":  { "uv": [ 3.5, 14, 3.625, 14.125 ], "texture": "#texture" },
        "east":  { "uv": [ 12.25, 14, 12.125, 14.125 ], "texture": "#texture" }
    }
},
{
    "__comment": "record_mellohi x128",
    "from": [ 3.625, 14.25, 7.5 ],
    "to": [ 12.25, 14.375, 7.6 ],
    "faces": {
        "down":  { "uv": [ 3.625, 1.75, 12.25, 1.625 ], "texture": "#texture" },
        "up":    { "uv": [ 3.625, 1.625, 12.25, 1.75 ], "texture": "#texture" },
        "north": { "uv": [ 12.25, 1.625, 3.625, 1.75 ], "texture": "#texture" },
        "south": { "uv": [ 3.625, 1.625, 12.25, 1.75 ], "texture": "#particle" },
        "west":  { "uv": [ 3.625, 1.625, 3.75, 1.75 ], "texture": "#texture" },
        "east":  { "uv": [ 12.25, 1.625, 12.125, 1.75 ], "texture": "#texture" }
    }
},
{
    "__comment": "record_mellohi x128",
    "from": [ 3.75, 1.75, 7.5 ],
    "to": [ 12, 1.875, 7.6 ],
    "faces": {
        "down":  { "uv": [ 3.75, 14.25, 12, 14.125 ], "texture": "#texture" },
        "up":    { "uv": [ 3.75, 14.125, 12, 14.25 ], "texture": "#texture" },
        "north": { "uv": [ 12, 14.125, 3.75, 14.25 ], "texture": "#texture" },
        "south": { "uv": [ 3.75, 14.125, 12, 14.25 ], "texture": "#particle" },
        "west":  { "uv": [ 3.75, 14.125, 3.875, 14.25 ], "texture": "#texture" },
        "east":  { "uv": [ 12, 14.125, 11.875, 14.25 ], "texture": "#texture" }
    }
},
{
    "__comment": "record_mellohi x128",
    "from": [ 3.875, 14.375, 7.5 ],
    "to": [ 11.875, 14.625, 7.6 ],
    "faces": {
        "down":  { "uv": [ 3.875, 1.625, 11.875, 1.5 ], "texture": "#texture" },
        "up":    { "uv": [ 3.875, 1.375, 11.875, 1.5 ], "texture": "#texture" },
        "north": { "uv": [ 11.875, 1.375, 3.875, 1.625 ], "texture": "#texture" },
        "south": { "uv": [ 3.875, 1.375, 11.875, 1.625 ], "texture": "#particle" },
        "west":  { "uv": [ 3.875, 1.375, 4, 1.625 ], "texture": "#texture" },
        "east":  { "uv": [ 11.875, 1.375, 11.75, 1.625 ], "texture": "#texture" }
    }
},
{
    "__comment": "record_mellohi x128",
    "from": [ 3.875, 1.625, 7.5 ],
    "to": [ 11.875, 1.75, 7.6 ],
    "faces": {
        "down":  { "uv": [ 3.875, 14.375, 11.875, 14.25 ], "texture": "#texture" },
        "up":    { "uv": [ 3.875, 14.25, 11.875, 14.375 ], "texture": "#texture" },
        "north": { "uv": [ 11.875, 14.25, 3.875, 14.375 ], "texture": "#texture" },
        "south": { "uv": [ 3.875, 14.25, 11.875, 14.375 ], "texture": "#particle" },
        "west":  { "uv": [ 3.875, 14.25, 4, 14.375 ], "texture": "#texture" },
        "east":  { "uv": [ 11.875, 14.25, 11.75, 14.375 ], "texture": "#texture" }
    }
},
{
    "__comment": "record_mellohi x128",
    "from": [ 4.125, 1.5, 7.5 ],
    "to": [ 11.625, 1.625, 7.6 ],
    "faces": {
        "down":  { "uv": [ 4.125, 14.5, 11.625, 14.375 ], "texture": "#texture" },
        "up":    { "uv": [ 4.125, 14.375, 11.625, 14.5 ], "texture": "#texture" },
        "north": { "uv": [ 11.625, 14.375, 4.125, 14.5 ], "texture": "#texture" },
        "south": { "uv": [ 4.125, 14.375, 11.625, 14.5 ], "texture": "#particle" },
        "west":  { "uv": [ 4.125, 14.375, 4.25, 14.5 ], "texture": "#texture" },
        "east":  { "uv": [ 11.625, 14.375, 11.5, 14.5 ], "texture": "#texture" }
    }
},
{
    "__comment": "record_mellohi x128",
    "from": [ 4.25, 14.625, 7.5 ],
    "to": [ 11.5, 14.875, 7.6 ],
    "faces": {
        "down":  { "uv": [ 4.25, 1.375, 11.5, 1.25 ], "texture": "#texture" },
        "up":    { "uv": [ 4.25, 1.125, 11.5, 1.25 ], "texture": "#texture" },
        "north": { "uv": [ 11.5, 1.125, 4.25, 1.375 ], "texture": "#texture" },
        "south": { "uv": [ 4.25, 1.125, 11.5, 1.375 ], "texture": "#particle" },
        "west":  { "uv": [ 4.25, 1.125, 4.375, 1.375 ], "texture": "#texture" },
        "east":  { "uv": [ 11.5, 1.125, 11.375, 1.375 ], "texture": "#texture" }
    }
},
{
    "__comment": "record_mellohi x128",
    "from": [ 4.375, 1.375, 7.5 ],
    "to": [ 11.375, 1.5, 7.6 ],
    "faces": {
        "down":  { "uv": [ 4.375, 14.625, 11.375, 14.5 ], "texture": "#texture" },
        "up":    { "uv": [ 4.375, 14.5, 11.375, 14.625 ], "texture": "#texture" },
        "north": { "uv": [ 11.375, 14.5, 4.375, 14.625 ], "texture": "#texture" },
        "south": { "uv": [ 4.375, 14.5, 11.375, 14.625 ], "texture": "#particle" },
        "west":  { "uv": [ 4.375, 14.5, 4.5, 14.625 ], "texture": "#texture" },
        "east":  { "uv": [ 11.375, 14.5, 11.25, 14.625 ], "texture": "#texture" }
    }
},
{
    "__comment": "record_mellohi x128",
    "from": [ 4.5, 14.875, 7.5 ],
    "to": [ 11.25, 15, 7.6 ],
    "faces": {
        "down":  { "uv": [ 4.5, 1.125, 11.25, 1 ], "texture": "#texture" },
        "up":    { "uv": [ 4.5, 1, 11.25, 1.125 ], "texture": "#texture" },
        "north": { "uv": [ 11.25, 1, 4.5, 1.125 ], "texture": "#texture" },
        "south": { "uv": [ 4.5, 1, 11.25, 1.125 ], "texture": "#particle" },
        "west":  { "uv": [ 4.5, 1, 4.625, 1.125 ], "texture": "#texture" },
        "east":  { "uv": [ 11.25, 1, 11.125, 1.125 ], "texture": "#texture" }
    }
},
{
    "__comment": "record_mellohi x128",
    "from": [ 4.625, 1.25, 7.5 ],
    "to": [ 11.125, 1.375, 7.6 ],
    "faces": {
        "down":  { "uv": [ 4.625, 14.75, 11.125, 14.625 ], "texture": "#texture" },
        "up":    { "uv": [ 4.625, 14.625, 11.125, 14.75 ], "texture": "#texture" },
        "north": { "uv": [ 11.125, 14.625, 4.625, 14.75 ], "texture": "#texture" },
        "south": { "uv": [ 4.625, 14.625, 11.125, 14.75 ], "texture": "#particle" },
        "west":  { "uv": [ 4.625, 14.625, 4.75, 14.75 ], "texture": "#texture" },
        "east":  { "uv": [ 11.125, 14.625, 11, 14.75 ], "texture": "#texture" }
    }
},
{
    "__comment": "record_mellohi x128",
    "from": [ 4.75, 15, 7.5 ],
    "to": [ 10.875, 15.125, 7.6 ],
    "faces": {
        "down":  { "uv": [ 4.75, 1, 10.875, 0.875 ], "texture": "#texture" },
        "up":    { "uv": [ 4.75, 0.875, 10.875, 1 ], "texture": "#texture" },
        "north": { "uv": [ 10.875, 0.875, 4.75, 1 ], "texture": "#texture" },
        "south": { "uv": [ 4.75, 0.875, 10.875, 1 ], "texture": "#particle" },
        "west":  { "uv": [ 4.75, 0.875, 4.875, 1 ], "texture": "#texture" },
        "east":  { "uv": [ 10.875, 0.875, 10.75, 1 ], "texture": "#texture" }
    }
},
{
    "__comment": "record_mellohi x128",
    "from": [ 4.875, 1.125, 7.5 ],
    "to": [ 10.875, 1.25, 7.6 ],
    "faces": {
        "down":  { "uv": [ 4.875, 14.875, 10.875, 14.75 ], "texture": "#texture" },
        "up":    { "uv": [ 4.875, 14.75, 10.875, 14.875 ], "texture": "#texture" },
        "north": { "uv": [ 10.875, 14.75, 4.875, 14.875 ], "texture": "#texture" },
        "south": { "uv": [ 4.875, 14.75, 10.875, 14.875 ], "texture": "#particle" },
        "west":  { "uv": [ 4.875, 14.75, 5, 14.875 ], "texture": "#texture" },
        "east":  { "uv": [ 10.875, 14.75, 10.75, 14.875 ], "texture": "#texture" }
    }
},
{
    "__comment": "record_mellohi x128",
    "from": [ 5.125, 15.125, 7.5 ],
    "to": [ 10.625, 15.25, 7.6 ],
    "faces": {
        "down":  { "uv": [ 5.125, 0.875, 10.625, 0.75 ], "texture": "#texture" },
        "up":    { "uv": [ 5.125, 0.75, 10.625, 0.875 ], "texture": "#texture" },
        "north": { "uv": [ 10.625, 0.75, 5.125, 0.875 ], "texture": "#texture" },
        "south": { "uv": [ 5.125, 0.75, 10.625, 0.875 ], "texture": "#particle" },
        "west":  { "uv": [ 5.125, 0.75, 5.25, 0.875 ], "texture": "#texture" },
        "east":  { "uv": [ 10.625, 0.75, 10.5, 0.875 ], "texture": "#texture" }
    }
},
{
    "__comment": "record_mellohi x128",
    "from": [ 5.25, 1, 7.5 ],
    "to": [ 10.5, 1.125, 7.6 ],
    "faces": {
        "down":  { "uv": [ 5.25, 15, 10.5, 14.875 ], "texture": "#texture" },
        "up":    { "uv": [ 5.25, 14.875, 10.5, 15 ], "texture": "#texture" },
        "north": { "uv": [ 10.5, 14.875, 5.25, 15 ], "texture": "#texture" },
        "south": { "uv": [ 5.25, 14.875, 10.5, 15 ], "texture": "#particle" },
        "west":  { "uv": [ 5.25, 14.875, 5.375, 15 ], "texture": "#texture" },
        "east":  { "uv": [ 10.5, 14.875, 10.375, 15 ], "texture": "#texture" }
    }
},
{
    "__comment": "record_mellohi x128",
    "from": [ 5.375, 15.25, 7.5 ],
    "to": [ 5.875, 15.375, 7.6 ],
    "faces": {
        "down":  { "uv": [ 5.375, 0.75, 5.875, 0.625 ], "texture": "#texture" },
        "up":    { "uv": [ 5.375, 0.625, 5.875, 0.75 ], "texture": "#texture" },
        "north": { "uv": [ 5.875, 0.625, 5.375, 0.75 ], "texture": "#texture" },
        "south": { "uv": [ 5.375, 0.625, 5.875, 0.75 ], "texture": "#particle" },
        "west":  { "uv": [ 5.375, 0.625, 5.5, 0.75 ], "texture": "#texture" },
        "east":  { "uv": [ 5.875, 0.625, 5.75, 0.75 ], "texture": "#texture" }
    }
},
{
    "__comment": "record_mellohi x128",
    "from": [ 5.625, 0.875, 7.5 ],
    "to": [ 10, 1, 7.6 ],
    "faces": {
        "down":  { "uv": [ 5.625, 15.125, 10, 15 ], "texture": "#texture" },
        "up":    { "uv": [ 5.625, 15, 10, 15.125 ], "texture": "#texture" },
        "north": { "uv": [ 10, 15, 5.625, 15.125 ], "texture": "#texture" },
        "south": { "uv": [ 5.625, 15, 10, 15.125 ], "texture": "#particle" },
        "west":  { "uv": [ 5.625, 15, 5.75, 15.125 ], "texture": "#texture" },
        "east":  { "uv": [ 10, 15, 9.875, 15.125 ], "texture": "#texture" }
    }
},
{
    "__comment": "record_mellohi x128",
    "from": [ 5.875, 15.375, 7.5 ],
    "to": [ 9.875, 15.5, 7.6 ],
    "faces": {
        "down":  { "uv": [ 5.875, 0.625, 9.875, 0.5 ], "texture": "#texture" },
        "up":    { "uv": [ 5.875, 0.5, 9.875, 0.625 ], "texture": "#texture" },
        "north": { "uv": [ 9.875, 0.5, 5.875, 0.625 ], "texture": "#texture" },
        "south": { "uv": [ 5.875, 0.5, 9.875, 0.625 ], "texture": "#particle" },
        "west":  { "uv": [ 5.875, 0.5, 6, 0.625 ], "texture": "#texture" },
        "east":  { "uv": [ 9.875, 0.5, 9.75, 0.625 ], "texture": "#texture" }
    }
},
{
    "__comment": "record_mellohi x128",
    "from": [ 6, 15.25, 7.5 ],
    "to": [ 10.375, 15.375, 7.6 ],
    "faces": {
        "down":  { "uv": [ 6, 0.75, 10.375, 0.625 ], "texture": "#texture" },
        "up":    { "uv": [ 6, 0.625, 10.375, 0.75 ], "texture": "#texture" },
        "north": { "uv": [ 10.375, 0.625, 6, 0.75 ], "texture": "#texture" },
        "south": { "uv": [ 6, 0.625, 10.375, 0.75 ], "texture": "#particle" },
        "west":  { "uv": [ 6, 0.625, 6.125, 0.75 ], "texture": "#texture" },
        "east":  { "uv": [ 10.375, 0.625, 10.25, 0.75 ], "texture": "#texture" }
    }
},
{
    "__comment": "record_mellohi x128",
    "from": [ 6, 0.75, 7.5 ],
    "to": [ 9.5, 0.875, 7.6 ],
    "faces": {
        "down":  { "uv": [ 6, 15.25, 9.5, 15.125 ], "texture": "#texture" },
        "up":    { "uv": [ 6, 15.125, 9.5, 15.25 ], "texture": "#texture" },
        "north": { "uv": [ 9.5, 15.125, 6, 15.25 ], "texture": "#texture" },
        "south": { "uv": [ 6, 15.125, 9.5, 15.25 ], "texture": "#particle" },
        "west":  { "uv": [ 6, 15.125, 6.125, 15.25 ], "texture": "#texture" },
        "east":  { "uv": [ 9.5, 15.125, 9.375, 15.25 ], "texture": "#texture" }
    }
},
{
    "__comment": "record_mellohi x128",
    "from": [ 6.375, 15.5, 7.5 ],
    "to": [ 9.25, 15.625, 7.6 ],
    "faces": {
        "down":  { "uv": [ 6.375, 0.5, 9.25, 0.375 ], "texture": "#texture" },
        "up":    { "uv": [ 6.375, 0.375, 9.25, 0.5 ], "texture": "#texture" },
        "north": { "uv": [ 9.25, 0.375, 6.375, 0.5 ], "texture": "#texture" },
        "south": { "uv": [ 6.375, 0.375, 9.25, 0.5 ], "texture": "#particle" },
        "west":  { "uv": [ 6.375, 0.375, 6.5, 0.5 ], "texture": "#texture" },
        "east":  { "uv": [ 9.25, 0.375, 9.125, 0.5 ], "texture": "#texture" }
    }
},
{
    "__comment": "record_mellohi x128",
    "from": [ 6.625, 0.625, 7.5 ],
    "to": [ 8.375, 0.75, 7.6 ],
    "faces": {
        "down":  { "uv": [ 6.625, 15.375, 8.375, 15.25 ], "texture": "#texture" },
        "up":    { "uv": [ 6.625, 15.25, 8.375, 15.375 ], "texture": "#texture" },
        "north": { "uv": [ 8.375, 15.25, 6.625, 15.375 ], "texture": "#texture" },
        "south": { "uv": [ 6.625, 15.25, 8.375, 15.375 ], "texture": "#particle" },
        "west":  { "uv": [ 6.625, 15.25, 6.75, 15.375 ], "texture": "#texture" },
        "east":  { "uv": [ 8.375, 15.25, 8.25, 15.375 ], "texture": "#texture" }
    }
},
{
    "__comment": "record_mellohi x128",
    "from": [ 7.25, 15.625, 7.5 ],
    "to": [ 8.375, 15.75, 7.6 ],
    "faces": {
        "down":  { "uv": [ 7.25, 0.375, 8.375, 0.25 ], "texture": "#texture" },
        "up":    { "uv": [ 7.25, 0.25, 8.375, 0.375 ], "texture": "#texture" },
        "north": { "uv": [ 8.375, 0.25, 7.25, 0.375 ], "texture": "#texture" },
        "south": { "uv": [ 7.25, 0.25, 8.375, 0.375 ], "texture": "#particle" },
        "west":  { "uv": [ 7.25, 0.25, 7.375, 0.375 ], "texture": "#texture" },
        "east":  { "uv": [ 8.375, 0.25, 8.25, 0.375 ], "texture": "#texture" }
    }
},
{
    "__comment": "record_mellohi x128",
    "from": [ 11.5, 14.625, 7.5 ],
    "to": [ 11.625, 14.75, 7.6 ],
    "faces": {
        "down":  { "uv": [ 11.5, 1.375, 11.625, 1.25 ], "texture": "#texture" },
        "up":    { "uv": [ 11.5, 1.25, 11.625, 1.375 ], "texture": "#texture" },
        "north": { "uv": [ 11.625, 1.25, 11.5, 1.375 ], "texture": "#texture" },
        "south": { "uv": [ 11.5, 1.25, 11.625, 1.375 ], "texture": "#particle" },
        "west":  { "uv": [ 11.5, 1.25, 11.625, 1.375 ], "texture": "#texture" },
        "east":  { "uv": [ 11.625, 1.25, 11.5, 1.375 ], "texture": "#texture" }
    }
},
{
    "__comment": "record_mellohi x128",
    "from": [ 11.875, 14.375, 7.5 ],
    "to": [ 12.125, 14.5, 7.6 ],
    "faces": {
        "down":  { "uv": [ 11.875, 1.625, 12.125, 1.5 ], "texture": "#texture" },
        "up":    { "uv": [ 11.875, 1.5, 12.125, 1.625 ], "texture": "#texture" },
        "north": { "uv": [ 12.125, 1.5, 11.875, 1.625 ], "texture": "#texture" },
        "south": { "uv": [ 11.875, 1.5, 12.125, 1.625 ], "texture": "#particle" },
        "west":  { "uv": [ 11.875, 1.5, 12, 1.625 ], "texture": "#texture" },
        "east":  { "uv": [ 12.125, 1.5, 12, 1.625 ], "texture": "#texture" }
    }
},
{
    "__comment": "record_mellohi x128",
    "from": [ 13.75, 3.375, 7.5 ],
    "to": [ 13.875, 3.5, 7.6 ],
    "faces": {
        "down":  { "uv": [ 13.75, 12.625, 13.875, 12.5 ], "texture": "#texture" },
        "up":    { "uv": [ 13.75, 12.5, 13.875, 12.625 ], "texture": "#texture" },
        "north": { "uv": [ 13.875, 12.5, 13.75, 12.625 ], "texture": "#texture" },
        "south": { "uv": [ 13.75, 12.5, 13.875, 12.625 ], "texture": "#particle" },
        "west":  { "uv": [ 13.75, 12.5, 13.875, 12.625 ], "texture": "#texture" },
        "east":  { "uv": [ 13.875, 12.5, 13.75, 12.625 ], "texture": "#texture" }
    }
},
{
    "__comment": "record_mellohi x128",
    "from": [ 14, 12.375, 7.5 ],
    "to": [ 14.125, 12.5, 7.6 ],
    "faces": {
        "down":  { "uv": [ 14, 3.625, 14.125, 3.5 ], "texture": "#texture" },
        "up":    { "uv": [ 14, 3.5, 14.125, 3.625 ], "texture": "#texture" },
        "north": { "uv": [ 14.125, 3.5, 14, 3.625 ], "texture": "#texture" },
        "south": { "uv": [ 14, 3.5, 14.125, 3.625 ], "texture": "#particle" },
        "west":  { "uv": [ 14, 3.5, 14.125, 3.625 ], "texture": "#texture" },
        "east":  { "uv": [ 14.125, 3.5, 14, 3.625 ], "texture": "#texture" }
    }
},
{
    "__comment": "record_mellohi x128",
    "from": [ 14.25, 12.125, 7.5 ],
    "to": [ 14.375, 12.25, 7.6 ],
    "faces": {
        "down":  { "uv": [ 14.25, 3.875, 14.375, 3.75 ], "texture": "#texture" },
        "up":    { "uv": [ 14.25, 3.75, 14.375, 3.875 ], "texture": "#texture" },
        "north": { "uv": [ 14.375, 3.75, 14.25, 3.875 ], "texture": "#texture" },
        "south": { "uv": [ 14.25, 3.75, 14.375, 3.875 ], "texture": "#particle" },
        "west":  { "uv": [ 14.25, 3.75, 14.375, 3.875 ], "texture": "#texture" },
        "east":  { "uv": [ 14.375, 3.75, 14.25, 3.875 ], "texture": "#texture" }
    }
},
{
    "__comment": "record_mellohi x128",
    "from": [ 14.375, 4.25, 7.5 ],
    "to": [ 14.5, 4.375, 7.6 ],
    "faces": {
        "down":  { "uv": [ 14.375, 11.75, 14.5, 11.625 ], "texture": "#texture" },
        "up":    { "uv": [ 14.375, 11.625, 14.5, 11.75 ], "texture": "#texture" },
        "north": { "uv": [ 14.5, 11.625, 14.375, 11.75 ], "texture": "#texture" },
        "south": { "uv": [ 14.375, 11.625, 14.5, 11.75 ], "texture": "#particle" },
        "west":  { "uv": [ 14.375, 11.625, 14.5, 11.75 ], "texture": "#texture" },
        "east":  { "uv": [ 14.5, 11.625, 14.375, 11.75 ], "texture": "#texture" }
    }
},
{
    "__comment": "record_mellohi x128",
    "from": [ 14.625, 11.375, 7.5 ],
    "to": [ 14.75, 11.5, 7.6 ],
    "faces": {
        "down":  { "uv": [ 14.625, 4.625, 14.75, 4.5 ], "texture": "#texture" },
        "up":    { "uv": [ 14.625, 4.5, 14.75, 4.625 ], "texture": "#texture" },
        "north": { "uv": [ 14.75, 4.5, 14.625, 4.625 ], "texture": "#texture" },
        "south": { "uv": [ 14.625, 4.5, 14.75, 4.625 ], "texture": "#particle" },
        "west":  { "uv": [ 14.625, 4.5, 14.75, 4.625 ], "texture": "#texture" },
        "east":  { "uv": [ 14.75, 4.5, 14.625, 4.625 ], "texture": "#texture" }
    }
},
{
    "__comment": "record_mellohi x128",
    "from": [ 14.625, 4.75, 7.5 ],
    "to": [ 14.75, 4.875, 7.6 ],
    "faces": {
        "down":  { "uv": [ 14.625, 11.25, 14.75, 11.125 ], "texture": "#texture" },
        "up":    { "uv": [ 14.625, 11.125, 14.75, 11.25 ], "texture": "#texture" },
        "north": { "uv": [ 14.75, 11.125, 14.625, 11.25 ], "texture": "#texture" },
        "south": { "uv": [ 14.625, 11.125, 14.75, 11.25 ], "texture": "#particle" },
        "west":  { "uv": [ 14.625, 11.125, 14.75, 11.25 ], "texture": "#texture" },
        "east":  { "uv": [ 14.75, 11.125, 14.625, 11.25 ], "texture": "#texture" }
    }
},
{
    "__comment": "record_mellohi x128",
    "from": [ 14.75, 11.125, 7.5 ],
    "to": [ 14.875, 11.25, 7.6 ],
    "faces": {
        "down":  { "uv": [ 14.75, 4.875, 14.875, 4.75 ], "texture": "#texture" },
        "up":    { "uv": [ 14.75, 4.75, 14.875, 4.875 ], "texture": "#texture" },
        "north": { "uv": [ 14.875, 4.75, 14.75, 4.875 ], "texture": "#texture" },
        "south": { "uv": [ 14.75, 4.75, 14.875, 4.875 ], "texture": "#particle" },
        "west":  { "uv": [ 14.75, 4.75, 14.875, 4.875 ], "texture": "#texture" },
        "east":  { "uv": [ 14.875, 4.75, 14.75, 4.875 ], "texture": "#texture" }
    }
},
{
    "__comment": "record_mellohi x128",
    "from": [ 14.75, 5, 7.5 ],
    "to": [ 14.875, 5.125, 7.6 ],
    "faces": {
        "down":  { "uv": [ 14.75, 11, 14.875, 10.875 ], "texture": "#texture" },
        "up":    { "uv": [ 14.75, 10.875, 14.875, 11 ], "texture": "#texture" },
        "north": { "uv": [ 14.875, 10.875, 14.75, 11 ], "texture": "#texture" },
        "south": { "uv": [ 14.75, 10.875, 14.875, 11 ], "texture": "#particle" },
        "west":  { "uv": [ 14.75, 10.875, 14.875, 11 ], "texture": "#texture" },
        "east":  { "uv": [ 14.875, 10.875, 14.75, 11 ], "texture": "#texture" }
    }
},
{
    "__comment": "record_mellohi x128",
    "from": [ 14.875, 10.75, 7.5 ],
    "to": [ 15, 11, 7.6 ],
    "faces": {
        "down":  { "uv": [ 14.875, 5.25, 15, 5.125 ], "texture": "#texture" },
        "up":    { "uv": [ 14.875, 5, 15, 5.125 ], "texture": "#texture" },
        "north": { "uv": [ 15, 5, 14.875, 5.25 ], "texture": "#texture" },
        "south": { "uv": [ 14.875, 5, 15, 5.25 ], "texture": "#particle" },
        "west":  { "uv": [ 14.875, 5, 15, 5.25 ], "texture": "#texture" },
        "east":  { "uv": [ 15, 5, 14.875, 5.25 ], "texture": "#texture" }
    }
},
{
    "__comment": "record_mellohi x128",
    "from": [ 14.875, 5.25, 7.5 ],
    "to": [ 15, 5.75, 7.6 ],
    "faces": {
        "down":  { "uv": [ 14.875, 10.75, 15, 10.625 ], "texture": "#texture" },
        "up":    { "uv": [ 14.875, 10.25, 15, 10.375 ], "texture": "#texture" },
        "north": { "uv": [ 15, 10.25, 14.875, 10.75 ], "texture": "#texture" },
        "south": { "uv": [ 14.875, 10.25, 15, 10.75 ], "texture": "#particle" },
        "west":  { "uv": [ 14.875, 10.25, 15, 10.75 ], "texture": "#texture" },
        "east":  { "uv": [ 15, 10.25, 14.875, 10.75 ], "texture": "#texture" }
    }
},
{
    "__comment": "record_mellohi x128",
    "from": [ 15, 10.5, 7.5 ],
    "to": [ 15.125, 10.625, 7.6 ],
    "faces": {
        "down":  { "uv": [ 15, 5.5, 15.125, 5.375 ], "texture": "#texture" },
        "up":    { "uv": [ 15, 5.375, 15.125, 5.5 ], "texture": "#texture" },
        "north": { "uv": [ 15.125, 5.375, 15, 5.5 ], "texture": "#texture" },
        "south": { "uv": [ 15, 5.375, 15.125, 5.5 ], "texture": "#particle" },
        "west":  { "uv": [ 15, 5.375, 15.125, 5.5 ], "texture": "#texture" },
        "east":  { "uv": [ 15.125, 5.375, 15, 5.5 ], "texture": "#texture" }
    }
},
{
    "__comment": "record_mellohi x128",
    "from": [ 15, 5.625, 7.5 ],
    "to": [ 15.125, 5.75, 7.6 ],
    "faces": {
        "down":  { "uv": [ 15, 10.375, 15.125, 10.25 ], "texture": "#texture" },
        "up":    { "uv": [ 15, 10.25, 15.125, 10.375 ], "texture": "#texture" },
        "north": { "uv": [ 15.125, 10.25, 15, 10.375 ], "texture": "#texture" },
        "south": { "uv": [ 15, 10.25, 15.125, 10.375 ], "texture": "#particle" },
        "west":  { "uv": [ 15, 10.25, 15.125, 10.375 ], "texture": "#texture" },
        "east":  { "uv": [ 15.125, 10.25, 15, 10.375 ], "texture": "#texture" }
    }
},
{
    "__comment": "record_mellohi x128",
    "from": [ 15.125, 6, 7.5 ],
    "to": [ 15.25, 6.25, 7.6 ],
    "faces": {
        "down":  { "uv": [ 15.125, 10, 15.25, 9.875 ], "texture": "#texture" },
        "up":    { "uv": [ 15.125, 9.75, 15.25, 9.875 ], "texture": "#texture" },
        "north": { "uv": [ 15.25, 9.75, 15.125, 10 ], "texture": "#texture" },
        "south": { "uv": [ 15.125, 9.75, 15.25, 10 ], "texture": "#particle" },
        "west":  { "uv": [ 15.125, 9.75, 15.25, 10 ], "texture": "#texture" },
        "east":  { "uv": [ 15.25, 9.75, 15.125, 10 ], "texture": "#texture" }
    }
},
{
    "__comment": "record_mellohi x128",
    "from": [ 15.25, 9.25, 7.5 ],
    "to": [ 15.375, 9.875, 7.6 ],
    "faces": {
        "down":  { "uv": [ 15.25, 6.75, 15.375, 6.625 ], "texture": "#texture" },
        "up":    { "uv": [ 15.25, 6.125, 15.375, 6.25 ], "texture": "#texture" },
        "north": { "uv": [ 15.375, 6.125, 15.25, 6.75 ], "texture": "#texture" },
        "south": { "uv": [ 15.25, 6.125, 15.375, 6.75 ], "texture": "#particle" },
        "west":  { "uv": [ 15.25, 6.125, 15.375, 6.75 ], "texture": "#texture" },
        "east":  { "uv": [ 15.375, 6.125, 15.25, 6.75 ], "texture": "#texture" }
    }
},
{
    "__comment": "record_mellohi x128",
    "from": [ 15.25, 6.375, 7.5 ],
    "to": [ 15.375, 6.75, 7.6 ],
    "faces": {
        "down":  { "uv": [ 15.25, 9.625, 15.375, 9.5 ], "texture": "#texture" },
        "up":    { "uv": [ 15.25, 9.25, 15.375, 9.375 ], "texture": "#texture" },
        "north": { "uv": [ 15.375, 9.25, 15.25, 9.625 ], "texture": "#texture" },
        "south": { "uv": [ 15.25, 9.25, 15.375, 9.625 ], "texture": "#particle" },
        "west":  { "uv": [ 15.25, 9.25, 15.375, 9.625 ], "texture": "#texture" },
        "east":  { "uv": [ 15.375, 9.25, 15.25, 9.625 ], "texture": "#texture" }
    }
},
{
    "__comment": "record_mellohi x128",
    "from": [ 15.375, 7.875, 7.5 ],
    "to": [ 15.5, 8.875, 7.6 ],
    "faces": {
        "down":  { "uv": [ 15.375, 8.125, 15.5, 8 ], "texture": "#texture" },
        "up":    { "uv": [ 15.375, 7.125, 15.5, 7.25 ], "texture": "#texture" },
        "north": { "uv": [ 15.5, 7.125, 15.375, 8.125 ], "texture": "#texture" },
        "south": { "uv": [ 15.375, 7.125, 15.5, 8.125 ], "texture": "#particle" },
        "west":  { "uv": [ 15.375, 7.125, 15.5, 8.125 ], "texture": "#texture" },
        "east":  { "uv": [ 15.5, 7.125, 15.375, 8.125 ], "texture": "#texture" }
    }
}
],
"display": {
    "thirdperson_righthand": {
        "rotation": [ 0, -90, 0 ],
        "translation": [ 1.32, -1.51, 4.35 ],
        "scale": [ 1.1, 1.1, 3 ]
    },
    "thirdperson_lefthand": {
        "rotation": [ 0, -90, 0 ],
        "translation": [ 1.13, -1.7, 4.34 ],
        "scale": [ 1.1, 1.1, 3 ]
    },
    "head": {
        "rotation": [ 14, -9, -10 ],
        "translation": [ 7.56, 9.64, -0.19 ],
        "scale": [ 1, 1, 1 ]
    },
    "ground": {
        "rotation": [ 0, 0, 0 ],
        "translation": [ 0, 6.05, 0 ],
        "scale": [ 1, 1, 1 ]
    },
    "fixed": {
        "rotation": [ 0, 0, 0 ],
        "translation": [ 0, 0, 0 ],
        "scale": [ 1, 1, 1 ]
    },
    "firstperson_righthand": {
        "rotation": [ 0, -85, 0 ],
        "translation": [ 1.13, 0.19, -2.65 ],
        "scale": [ 1.1, 1.1, 1 ]
    },
    "firstperson_lefthand": {
        "rotation": [ 0, -85, 0 ],
        "translation": [ -0.76, 0.19, -2.65 ],
        "scale": [ 1.1, 1.1, 1 ]
    },
    "gui": {
        "rotation": [ 0, 180, 0 ],
        "translation": [ 0, 0, 0 ],
        "scale": [ 0.9, 0.95, 1 ]
    }
}
}