{
"__comment": "Designed by Yoyomg43 with BDcraft Cubik PRO 0.96 Beta - http://bdcraft.net",
"textures": {
    "texture": "custom/gk"
},
"elements": [ 
{
    "__comment": "gk x128",
    "from": [ 2.875, 12.875, 7.5 ],
    "to": [ 3.625, 13, 7.7 ],
    "faces": {
        "down":  { "uv": [ 2.875, 3.125, 3.625, 3.08056 ], "texture": "#texture" },
        "up":    { "uv": [ 2.875, 3, 3.625, 3.04444 ], "texture": "#texture" },
        "north": { "uv": [ 3.625, 3, 2.875, 3.125 ], "texture": "#texture" },
        "south": { "uv": [ 2.875, 3, 3.625, 3.125 ], "texture": "#texture" },
        "west":  { "uv": [ 2.875, 3, 2.91944, 3.125 ], "texture": "#texture" },
        "east":  { "uv": [ 3.625, 3, 3.58056, 3.125 ], "texture": "#texture" }
    }
},
{
    "__comment": "gk x128",
    "from": [ 3, 13, 7.5 ],
    "to": [ 3.125, 13.125, 7.7 ],
    "faces": {
        "down":  { "uv": [ 3, 3, 3.125, 2.95556 ], "texture": "#texture" },
        "up":    { "uv": [ 3, 2.875, 3.125, 2.91944 ], "texture": "#texture" },
        "north": { "uv": [ 3.125, 2.875, 3, 3 ], "texture": "#texture" },
        "south": { "uv": [ 3, 2.875, 3.125, 3 ], "texture": "#texture" },
        "west":  { "uv": [ 3, 2.875, 3.04444, 3 ], "texture": "#texture" },
        "east":  { "uv": [ 3.125, 2.875, 3.08056, 3 ], "texture": "#texture" }
    }
},
{
    "__comment": "gk x128",
    "from": [ 3, 12.5, 7.5 ],
    "to": [ 4.125, 12.875, 7.7 ],
    "faces": {
        "down":  { "uv": [ 3, 3.5, 4.125, 3.45556 ], "texture": "#texture" },
        "up":    { "uv": [ 3, 3.125, 4.125, 3.16944 ], "texture": "#texture" },
        "north": { "uv": [ 4.125, 3.125, 3, 3.5 ], "texture": "#texture" },
        "south": { "uv": [ 3, 3.125, 4.125, 3.5 ], "texture": "#texture" },
        "west":  { "uv": [ 3, 3.125, 3.04444, 3.5 ], "texture": "#texture" },
        "east":  { "uv": [ 4.125, 3.125, 4.08056, 3.5 ], "texture": "#texture" }
    }
},
{
    "__comment": "gk x128",
    "from": [ 3, 12.25, 7.5 ],
    "to": [ 5.25, 12.375, 7.7 ],
    "faces": {
        "down":  { "uv": [ 3, 3.75, 5.25, 3.70556 ], "texture": "#texture" },
        "up":    { "uv": [ 3, 3.625, 5.25, 3.66944 ], "texture": "#texture" },
        "north": { "uv": [ 5.25, 3.625, 3, 3.75 ], "texture": "#texture" },
        "south": { "uv": [ 3, 3.625, 5.25, 3.75 ], "texture": "#texture" },
        "west":  { "uv": [ 3, 3.625, 3.04444, 3.75 ], "texture": "#texture" },
        "east":  { "uv": [ 5.25, 3.625, 5.20556, 3.75 ], "texture": "#texture" }
    }
},
{
    "__comment": "gk x128",
    "from": [ 3.125, 12.375, 7.5 ],
    "to": [ 5, 12.5, 7.7 ],
    "faces": {
        "down":  { "uv": [ 3.125, 3.625, 5, 3.58056 ], "texture": "#texture" },
        "up":    { "uv": [ 3.125, 3.5, 5, 3.54444 ], "texture": "#texture" },
        "north": { "uv": [ 5, 3.5, 3.125, 3.625 ], "texture": "#texture" },
        "south": { "uv": [ 3.125, 3.5, 5, 3.625 ], "texture": "#texture" },
        "west":  { "uv": [ 3.125, 3.5, 3.16944, 3.625 ], "texture": "#texture" },
        "east":  { "uv": [ 5, 3.5, 4.95556, 3.625 ], "texture": "#texture" }
    }
},
{
    "__comment": "gk x128",
    "from": [ 3.125, 11.875, 7.5 ],
    "to": [ 5.625, 12.25, 7.7 ],
    "faces": {
        "down":  { "uv": [ 3.125, 4.125, 5.625, 4.08056 ], "texture": "#texture" },
        "up":    { "uv": [ 3.125, 3.75, 5.625, 3.79444 ], "texture": "#texture" },
        "north": { "uv": [ 5.625, 3.75, 3.125, 4.125 ], "texture": "#texture" },
        "south": { "uv": [ 3.125, 3.75, 5.625, 4.125 ], "texture": "#texture" },
        "west":  { "uv": [ 3.125, 3.75, 3.16944, 4.125 ], "texture": "#texture" },
        "east":  { "uv": [ 5.625, 3.75, 5.58056, 4.125 ], "texture": "#texture" }
    }
},
{
    "__comment": "gk x128",
    "from": [ 3.25, 13, 7.5 ],
    "to": [ 3.375, 13.125, 7.7 ],
    "faces": {
        "down":  { "uv": [ 3.25, 3, 3.375, 2.95556 ], "texture": "#texture" },
        "up":    { "uv": [ 3.25, 2.875, 3.375, 2.91944 ], "texture": "#texture" },
        "north": { "uv": [ 3.375, 2.875, 3.25, 3 ], "texture": "#texture" },
        "south": { "uv": [ 3.25, 2.875, 3.375, 3 ], "texture": "#texture" },
        "west":  { "uv": [ 3.25, 2.875, 3.29444, 3 ], "texture": "#texture" },
        "east":  { "uv": [ 3.375, 2.875, 3.33056, 3 ], "texture": "#texture" }
    }
},
{
    "__comment": "gk x128",
    "from": [ 3.25, 11.5, 7.5 ],
    "to": [ 5, 11.875, 7.7 ],
    "faces": {
        "down":  { "uv": [ 3.25, 4.5, 5, 4.45556 ], "texture": "#texture" },
        "up":    { "uv": [ 3.25, 4.125, 5, 4.16944 ], "texture": "#texture" },
        "north": { "uv": [ 5, 4.125, 3.25, 4.5 ], "texture": "#texture" },
        "south": { "uv": [ 3.25, 4.125, 5, 4.5 ], "texture": "#texture" },
        "west":  { "uv": [ 3.25, 4.125, 3.29444, 4.5 ], "texture": "#texture" },
        "east":  { "uv": [ 5, 4.125, 4.95556, 4.5 ], "texture": "#texture" }
    }
},
{
    "__comment": "gk x128",
    "from": [ 3.375, 11.375, 7.5 ],
    "to": [ 5.125, 11.5, 7.7 ],
    "faces": {
        "down":  { "uv": [ 3.375, 4.625, 5.125, 4.58056 ], "texture": "#texture" },
        "up":    { "uv": [ 3.375, 4.5, 5.125, 4.54444 ], "texture": "#texture" },
        "north": { "uv": [ 5.125, 4.5, 3.375, 4.625 ], "texture": "#texture" },
        "south": { "uv": [ 3.375, 4.5, 5.125, 4.625 ], "texture": "#texture" },
        "west":  { "uv": [ 3.375, 4.5, 3.41944, 4.625 ], "texture": "#texture" },
        "east":  { "uv": [ 5.125, 4.5, 5.08056, 4.625 ], "texture": "#texture" }
    }
},
{
    "__comment": "gk x128",
    "from": [ 3.5, 11.125, 7.5 ],
    "to": [ 5.5, 11.375, 7.7 ],
    "faces": {
        "down":  { "uv": [ 3.5, 4.875, 5.5, 4.83056 ], "texture": "#texture" },
        "up":    { "uv": [ 3.5, 4.625, 5.5, 4.66944 ], "texture": "#texture" },
        "north": { "uv": [ 5.5, 4.625, 3.5, 4.875 ], "texture": "#texture" },
        "south": { "uv": [ 3.5, 4.625, 5.5, 4.875 ], "texture": "#texture" },
        "west":  { "uv": [ 3.5, 4.625, 3.54444, 4.875 ], "texture": "#texture" },
        "east":  { "uv": [ 5.5, 4.625, 5.45556, 4.875 ], "texture": "#texture" }
    }
},
{
    "__comment": "gk x128",
    "from": [ 3.625, 10.75, 7.5 ],
    "to": [ 6.25, 11.125, 7.7 ],
    "faces": {
        "down":  { "uv": [ 3.625, 5.25, 6.25, 5.20556 ], "texture": "#texture" },
        "up":    { "uv": [ 3.625, 4.875, 6.25, 4.91944 ], "texture": "#texture" },
        "north": { "uv": [ 6.25, 4.875, 3.625, 5.25 ], "texture": "#texture" },
        "south": { "uv": [ 3.625, 4.875, 6.25, 5.25 ], "texture": "#texture" },
        "west":  { "uv": [ 3.625, 4.875, 3.66944, 5.25 ], "texture": "#texture" },
        "east":  { "uv": [ 6.25, 4.875, 6.20556, 5.25 ], "texture": "#texture" }
    }
},
{
    "__comment": "gk x128",
    "from": [ 3.75, 10.5, 7.5 ],
    "to": [ 7.25, 10.75, 7.7 ],
    "faces": {
        "down":  { "uv": [ 3.75, 5.5, 7.25, 5.45556 ], "texture": "#texture" },
        "up":    { "uv": [ 3.75, 5.25, 7.25, 5.29444 ], "texture": "#texture" },
        "north": { "uv": [ 7.25, 5.25, 3.75, 5.5 ], "texture": "#texture" },
        "south": { "uv": [ 3.75, 5.25, 7.25, 5.5 ], "texture": "#texture" },
        "west":  { "uv": [ 3.75, 5.25, 3.79444, 5.5 ], "texture": "#texture" },
        "east":  { "uv": [ 7.25, 5.25, 7.20556, 5.5 ], "texture": "#texture" }
    }
},
{
    "__comment": "gk x128",
    "from": [ 3.875, 10.375, 7.5 ],
    "to": [ 7.75, 10.5, 7.7 ],
    "faces": {
        "down":  { "uv": [ 3.875, 5.625, 7.75, 5.58056 ], "texture": "#texture" },
        "up":    { "uv": [ 3.875, 5.5, 7.75, 5.54444 ], "texture": "#texture" },
        "north": { "uv": [ 7.75, 5.5, 3.875, 5.625 ], "texture": "#texture" },
        "south": { "uv": [ 3.875, 5.5, 7.75, 5.625 ], "texture": "#texture" },
        "west":  { "uv": [ 3.875, 5.5, 3.91944, 5.625 ], "texture": "#texture" },
        "east":  { "uv": [ 7.75, 5.5, 7.70556, 5.625 ], "texture": "#texture" }
    }
},
{
    "__comment": "gk x128",
    "from": [ 4, 10.125, 7.5 ],
    "to": [ 8.125, 10.375, 7.7 ],
    "faces": {
        "down":  { "uv": [ 4, 5.875, 8.125, 5.83056 ], "texture": "#texture" },
        "up":    { "uv": [ 4, 5.625, 8.125, 5.66944 ], "texture": "#texture" },
        "north": { "uv": [ 8.125, 5.625, 4, 5.875 ], "texture": "#texture" },
        "south": { "uv": [ 4, 5.625, 8.125, 5.875 ], "texture": "#texture" },
        "west":  { "uv": [ 4, 5.625, 4.04444, 5.875 ], "texture": "#texture" },
        "east":  { "uv": [ 8.125, 5.625, 8.08056, 5.875 ], "texture": "#texture" }
    }
},
{
    "__comment": "gk x128",
    "from": [ 4.125, 12.5, 7.5 ],
    "to": [ 4.25, 12.75, 7.7 ],
    "faces": {
        "down":  { "uv": [ 4.125, 3.5, 4.25, 3.45556 ], "texture": "#texture" },
        "up":    { "uv": [ 4.125, 3.25, 4.25, 3.29444 ], "texture": "#texture" },
        "north": { "uv": [ 4.25, 3.25, 4.125, 3.5 ], "texture": "#texture" },
        "south": { "uv": [ 4.125, 3.25, 4.25, 3.5 ], "texture": "#texture" },
        "west":  { "uv": [ 4.125, 3.25, 4.16944, 3.5 ], "texture": "#texture" },
        "east":  { "uv": [ 4.25, 3.25, 4.20556, 3.5 ], "texture": "#texture" }
    }
},
{
    "__comment": "gk x128",
    "from": [ 4.125, 10, 7.5 ],
    "to": [ 8.375, 10.125, 7.7 ],
    "faces": {
        "down":  { "uv": [ 4.125, 6, 8.375, 5.95556 ], "texture": "#texture" },
        "up":    { "uv": [ 4.125, 5.875, 8.375, 5.91944 ], "texture": "#texture" },
        "north": { "uv": [ 8.375, 5.875, 4.125, 6 ], "texture": "#texture" },
        "south": { "uv": [ 4.125, 5.875, 8.375, 6 ], "texture": "#texture" },
        "west":  { "uv": [ 4.125, 5.875, 4.16944, 6 ], "texture": "#texture" },
        "east":  { "uv": [ 8.375, 5.875, 8.33056, 6 ], "texture": "#texture" }
    }
},
{
    "__comment": "gk x128",
    "from": [ 4.25, 12.5, 7.5 ],
    "to": [ 4.625, 12.625, 7.7 ],
    "faces": {
        "down":  { "uv": [ 4.25, 3.5, 4.625, 3.45556 ], "texture": "#texture" },
        "up":    { "uv": [ 4.25, 3.375, 4.625, 3.41944 ], "texture": "#texture" },
        "north": { "uv": [ 4.625, 3.375, 4.25, 3.5 ], "texture": "#texture" },
        "south": { "uv": [ 4.25, 3.375, 4.625, 3.5 ], "texture": "#texture" },
        "west":  { "uv": [ 4.25, 3.375, 4.29444, 3.5 ], "texture": "#texture" },
        "east":  { "uv": [ 4.625, 3.375, 4.58056, 3.5 ], "texture": "#texture" }
    }
},
{
    "__comment": "gk x128",
    "from": [ 4.25, 9.875, 7.5 ],
    "to": [ 8.625, 10, 7.7 ],
    "faces": {
        "down":  { "uv": [ 4.25, 6.125, 8.625, 6.08056 ], "texture": "#texture" },
        "up":    { "uv": [ 4.25, 6, 8.625, 6.04444 ], "texture": "#texture" },
        "north": { "uv": [ 8.625, 6, 4.25, 6.125 ], "texture": "#texture" },
        "south": { "uv": [ 4.25, 6, 8.625, 6.125 ], "texture": "#texture" },
        "west":  { "uv": [ 4.25, 6, 4.29444, 6.125 ], "texture": "#texture" },
        "east":  { "uv": [ 8.625, 6, 8.58056, 6.125 ], "texture": "#texture" }
    }
},
{
    "__comment": "gk x128",
    "from": [ 4.375, 12.625, 7.5 ],
    "to": [ 4.5, 12.75, 7.7 ],
    "faces": {
        "down":  { "uv": [ 4.375, 3.375, 4.5, 3.33056 ], "texture": "#texture" },
        "up":    { "uv": [ 4.375, 3.25, 4.5, 3.29444 ], "texture": "#texture" },
        "north": { "uv": [ 4.5, 3.25, 4.375, 3.375 ], "texture": "#texture" },
        "south": { "uv": [ 4.375, 3.25, 4.5, 3.375 ], "texture": "#texture" },
        "west":  { "uv": [ 4.375, 3.25, 4.41944, 3.375 ], "texture": "#texture" },
        "east":  { "uv": [ 4.5, 3.25, 4.45556, 3.375 ], "texture": "#texture" }
    }
},
{
    "__comment": "gk x128",
    "from": [ 4.5, 9.5, 7.5 ],
    "to": [ 9.125, 9.875, 7.7 ],
    "faces": {
        "down":  { "uv": [ 4.5, 6.5, 9.125, 6.45556 ], "texture": "#texture" },
        "up":    { "uv": [ 4.5, 6.125, 9.125, 6.16944 ], "texture": "#texture" },
        "north": { "uv": [ 9.125, 6.125, 4.5, 6.5 ], "texture": "#texture" },
        "south": { "uv": [ 4.5, 6.125, 9.125, 6.5 ], "texture": "#texture" },
        "west":  { "uv": [ 4.5, 6.125, 4.54444, 6.5 ], "texture": "#texture" },
        "east":  { "uv": [ 9.125, 6.125, 9.08056, 6.5 ], "texture": "#texture" }
    }
},
{
    "__comment": "gk x128",
    "from": [ 4.625, 9.375, 7.5 ],
    "to": [ 9.5, 9.5, 7.7 ],
    "faces": {
        "down":  { "uv": [ 4.625, 6.625, 9.5, 6.58056 ], "texture": "#texture" },
        "up":    { "uv": [ 4.625, 6.5, 9.5, 6.54444 ], "texture": "#texture" },
        "north": { "uv": [ 9.5, 6.5, 4.625, 6.625 ], "texture": "#texture" },
        "south": { "uv": [ 4.625, 6.5, 9.5, 6.625 ], "texture": "#texture" },
        "west":  { "uv": [ 4.625, 6.5, 4.66944, 6.625 ], "texture": "#texture" },
        "east":  { "uv": [ 9.5, 6.5, 9.45556, 6.625 ], "texture": "#texture" }
    }
},
{
    "__comment": "gk x128",
    "from": [ 4.75, 12.5, 7.5 ],
    "to": [ 4.875, 12.625, 7.7 ],
    "faces": {
        "down":  { "uv": [ 4.75, 3.5, 4.875, 3.45556 ], "texture": "#texture" },
        "up":    { "uv": [ 4.75, 3.375, 4.875, 3.41944 ], "texture": "#texture" },
        "north": { "uv": [ 4.875, 3.375, 4.75, 3.5 ], "texture": "#texture" },
        "south": { "uv": [ 4.75, 3.375, 4.875, 3.5 ], "texture": "#texture" },
        "west":  { "uv": [ 4.75, 3.375, 4.79444, 3.5 ], "texture": "#texture" },
        "east":  { "uv": [ 4.875, 3.375, 4.83056, 3.5 ], "texture": "#texture" }
    }
},
{
    "__comment": "gk x128",
    "from": [ 4.875, 9.25, 7.5 ],
    "to": [ 9.875, 9.375, 7.7 ],
    "faces": {
        "down":  { "uv": [ 4.875, 6.75, 9.875, 6.70556 ], "texture": "#texture" },
        "up":    { "uv": [ 4.875, 6.625, 9.875, 6.66944 ], "texture": "#texture" },
        "north": { "uv": [ 9.875, 6.625, 4.875, 6.75 ], "texture": "#texture" },
        "south": { "uv": [ 4.875, 6.625, 9.875, 6.75 ], "texture": "#texture" },
        "west":  { "uv": [ 4.875, 6.625, 4.91944, 6.75 ], "texture": "#texture" },
        "east":  { "uv": [ 9.875, 6.625, 9.83056, 6.75 ], "texture": "#texture" }
    }
},
{
    "__comment": "gk x128",
    "from": [ 5, 11.625, 7.5 ],
    "to": [ 5.125, 11.875, 7.7 ],
    "faces": {
        "down":  { "uv": [ 5, 4.375, 5.125, 4.33056 ], "texture": "#texture" },
        "up":    { "uv": [ 5, 4.125, 5.125, 4.16944 ], "texture": "#texture" },
        "north": { "uv": [ 5.125, 4.125, 5, 4.375 ], "texture": "#texture" },
        "south": { "uv": [ 5, 4.125, 5.125, 4.375 ], "texture": "#texture" },
        "west":  { "uv": [ 5, 4.125, 5.04444, 4.375 ], "texture": "#texture" },
        "east":  { "uv": [ 5.125, 4.125, 5.08056, 4.375 ], "texture": "#texture" }
    }
},
{
    "__comment": "gk x128",
    "from": [ 5, 9.125, 7.5 ],
    "to": [ 10.125, 9.25, 7.7 ],
    "faces": {
        "down":  { "uv": [ 5, 6.875, 10.125, 6.83056 ], "texture": "#texture" },
        "up":    { "uv": [ 5, 6.75, 10.125, 6.79444 ], "texture": "#texture" },
        "north": { "uv": [ 10.125, 6.75, 5, 6.875 ], "texture": "#texture" },
        "south": { "uv": [ 5, 6.75, 10.125, 6.875 ], "texture": "#texture" },
        "west":  { "uv": [ 5, 6.75, 5.04444, 6.875 ], "texture": "#texture" },
        "east":  { "uv": [ 10.125, 6.75, 10.0806, 6.875 ], "texture": "#texture" }
    }
},
{
    "__comment": "gk x128",
    "from": [ 5.125, 8.875, 7.5 ],
    "to": [ 10.25, 9.125, 7.7 ],
    "faces": {
        "down":  { "uv": [ 5.125, 7.125, 10.25, 7.08056 ], "texture": "#texture" },
        "up":    { "uv": [ 5.125, 6.875, 10.25, 6.91944 ], "texture": "#texture" },
        "north": { "uv": [ 10.25, 6.875, 5.125, 7.125 ], "texture": "#texture" },
        "south": { "uv": [ 5.125, 6.875, 10.25, 7.125 ], "texture": "#texture" },
        "west":  { "uv": [ 5.125, 6.875, 5.16944, 7.125 ], "texture": "#texture" },
        "east":  { "uv": [ 10.25, 6.875, 10.2056, 7.125 ], "texture": "#texture" }
    }
},
{
    "__comment": "gk x128",
    "from": [ 5.375, 12.25, 7.5 ],
    "to": [ 5.5, 12.375, 7.7 ],
    "faces": {
        "down":  { "uv": [ 5.375, 3.75, 5.5, 3.70556 ], "texture": "#texture" },
        "up":    { "uv": [ 5.375, 3.625, 5.5, 3.66944 ], "texture": "#texture" },
        "north": { "uv": [ 5.5, 3.625, 5.375, 3.75 ], "texture": "#texture" },
        "south": { "uv": [ 5.375, 3.625, 5.5, 3.75 ], "texture": "#texture" },
        "west":  { "uv": [ 5.375, 3.625, 5.41944, 3.75 ], "texture": "#texture" },
        "east":  { "uv": [ 5.5, 3.625, 5.45556, 3.75 ], "texture": "#texture" }
    }
},
{
    "__comment": "gk x128",
    "from": [ 5.5, 11.75, 7.5 ],
    "to": [ 5.75, 11.875, 7.7 ],
    "faces": {
        "down":  { "uv": [ 5.5, 4.25, 5.75, 4.20556 ], "texture": "#texture" },
        "up":    { "uv": [ 5.5, 4.125, 5.75, 4.16944 ], "texture": "#texture" },
        "north": { "uv": [ 5.75, 4.125, 5.5, 4.25 ], "texture": "#texture" },
        "south": { "uv": [ 5.5, 4.125, 5.75, 4.25 ], "texture": "#texture" },
        "west":  { "uv": [ 5.5, 4.125, 5.54444, 4.25 ], "texture": "#texture" },
        "east":  { "uv": [ 5.75, 4.125, 5.70556, 4.25 ], "texture": "#texture" }
    }
},
{
    "__comment": "gk x128",
    "from": [ 5.5, 11.125, 7.5 ],
    "to": [ 5.875, 11.25, 7.7 ],
    "faces": {
        "down":  { "uv": [ 5.5, 4.875, 5.875, 4.83056 ], "texture": "#texture" },
        "up":    { "uv": [ 5.5, 4.75, 5.875, 4.79444 ], "texture": "#texture" },
        "north": { "uv": [ 5.875, 4.75, 5.5, 4.875 ], "texture": "#texture" },
        "south": { "uv": [ 5.5, 4.75, 5.875, 4.875 ], "texture": "#texture" },
        "west":  { "uv": [ 5.5, 4.75, 5.54444, 4.875 ], "texture": "#texture" },
        "east":  { "uv": [ 5.875, 4.75, 5.83056, 4.875 ], "texture": "#texture" }
    }
},
{
    "__comment": "gk x128",
    "from": [ 5.5, 8.75, 7.5 ],
    "to": [ 10.625, 8.875, 7.7 ],
    "faces": {
        "down":  { "uv": [ 5.5, 7.25, 10.625, 7.20556 ], "texture": "#texture" },
        "up":    { "uv": [ 5.5, 7.125, 10.625, 7.16944 ], "texture": "#texture" },
        "north": { "uv": [ 10.625, 7.125, 5.5, 7.25 ], "texture": "#texture" },
        "south": { "uv": [ 5.5, 7.125, 10.625, 7.25 ], "texture": "#texture" },
        "west":  { "uv": [ 5.5, 7.125, 5.54444, 7.25 ], "texture": "#texture" },
        "east":  { "uv": [ 10.625, 7.125, 10.5806, 7.25 ], "texture": "#texture" }
    }
},
{
    "__comment": "gk x128",
    "from": [ 5.625, 11.875, 7.5 ],
    "to": [ 5.875, 12.125, 7.7 ],
    "faces": {
        "down":  { "uv": [ 5.625, 4.125, 5.875, 4.08056 ], "texture": "#texture" },
        "up":    { "uv": [ 5.625, 3.875, 5.875, 3.91944 ], "texture": "#texture" },
        "north": { "uv": [ 5.875, 3.875, 5.625, 4.125 ], "texture": "#texture" },
        "south": { "uv": [ 5.625, 3.875, 5.875, 4.125 ], "texture": "#texture" },
        "west":  { "uv": [ 5.625, 3.875, 5.66944, 4.125 ], "texture": "#texture" },
        "east":  { "uv": [ 5.875, 3.875, 5.83056, 4.125 ], "texture": "#texture" }
    }
},
{
    "__comment": "gk x128",
    "from": [ 5.625, 11.25, 7.5 ],
    "to": [ 5.75, 11.375, 7.7 ],
    "faces": {
        "down":  { "uv": [ 5.625, 4.75, 5.75, 4.70556 ], "texture": "#texture" },
        "up":    { "uv": [ 5.625, 4.625, 5.75, 4.66944 ], "texture": "#texture" },
        "north": { "uv": [ 5.75, 4.625, 5.625, 4.75 ], "texture": "#texture" },
        "south": { "uv": [ 5.625, 4.625, 5.75, 4.75 ], "texture": "#texture" },
        "west":  { "uv": [ 5.625, 4.625, 5.66944, 4.75 ], "texture": "#texture" },
        "east":  { "uv": [ 5.75, 4.625, 5.70556, 4.75 ], "texture": "#texture" }
    }
},
{
    "__comment": "gk x128",
    "from": [ 5.625, 8.5, 7.5 ],
    "to": [ 10.625, 8.75, 7.7 ],
    "faces": {
        "down":  { "uv": [ 5.625, 7.5, 10.625, 7.45556 ], "texture": "#texture" },
        "up":    { "uv": [ 5.625, 7.25, 10.625, 7.29444 ], "texture": "#texture" },
        "north": { "uv": [ 10.625, 7.25, 5.625, 7.5 ], "texture": "#texture" },
        "south": { "uv": [ 5.625, 7.25, 10.625, 7.5 ], "texture": "#texture" },
        "west":  { "uv": [ 5.625, 7.25, 5.66944, 7.5 ], "texture": "#texture" },
        "east":  { "uv": [ 10.625, 7.25, 10.5806, 7.5 ], "texture": "#texture" }
    }
},
{
    "__comment": "gk x128",
    "from": [ 5.75, 12.125, 7.5 ],
    "to": [ 5.875, 12.25, 7.7 ],
    "faces": {
        "down":  { "uv": [ 5.75, 3.875, 5.875, 3.83056 ], "texture": "#texture" },
        "up":    { "uv": [ 5.75, 3.75, 5.875, 3.79444 ], "texture": "#texture" },
        "north": { "uv": [ 5.875, 3.75, 5.75, 3.875 ], "texture": "#texture" },
        "south": { "uv": [ 5.75, 3.75, 5.875, 3.875 ], "texture": "#texture" },
        "west":  { "uv": [ 5.75, 3.75, 5.79444, 3.875 ], "texture": "#texture" },
        "east":  { "uv": [ 5.875, 3.75, 5.83056, 3.875 ], "texture": "#texture" }
    }
},
{
    "__comment": "gk x128",
    "from": [ 5.875, 11.75, 7.5 ],
    "to": [ 6.125, 12, 7.7 ],
    "faces": {
        "down":  { "uv": [ 5.875, 4.25, 6.125, 4.20556 ], "texture": "#texture" },
        "up":    { "uv": [ 5.875, 4, 6.125, 4.04444 ], "texture": "#texture" },
        "north": { "uv": [ 6.125, 4, 5.875, 4.25 ], "texture": "#texture" },
        "south": { "uv": [ 5.875, 4, 6.125, 4.25 ], "texture": "#texture" },
        "west":  { "uv": [ 5.875, 4, 5.91944, 4.25 ], "texture": "#texture" },
        "east":  { "uv": [ 6.125, 4, 6.08056, 4.25 ], "texture": "#texture" }
    }
},
{
    "__comment": "gk x128",
    "from": [ 5.875, 8.25, 7.5 ],
    "to": [ 11, 8.5, 7.7 ],
    "faces": {
        "down":  { "uv": [ 5.875, 7.75, 11, 7.70556 ], "texture": "#texture" },
        "up":    { "uv": [ 5.875, 7.5, 11, 7.54444 ], "texture": "#texture" },
        "north": { "uv": [ 11, 7.5, 5.875, 7.75 ], "texture": "#texture" },
        "south": { "uv": [ 5.875, 7.5, 11, 7.75 ], "texture": "#texture" },
        "west":  { "uv": [ 5.875, 7.5, 5.91944, 7.75 ], "texture": "#texture" },
        "east":  { "uv": [ 11, 7.5, 10.9556, 7.75 ], "texture": "#texture" }
    }
},
{
    "__comment": "gk x128",
    "from": [ 6, 12, 7.5 ],
    "to": [ 6.125, 12.125, 7.7 ],
    "faces": {
        "down":  { "uv": [ 6, 4, 6.125, 3.95556 ], "texture": "#texture" },
        "up":    { "uv": [ 6, 3.875, 6.125, 3.91944 ], "texture": "#texture" },
        "north": { "uv": [ 6.125, 3.875, 6, 4 ], "texture": "#texture" },
        "south": { "uv": [ 6, 3.875, 6.125, 4 ], "texture": "#texture" },
        "west":  { "uv": [ 6, 3.875, 6.04444, 4 ], "texture": "#texture" },
        "east":  { "uv": [ 6.125, 3.875, 6.08056, 4 ], "texture": "#texture" }
    }
},
{
    "__comment": "gk x128",
    "from": [ 6, 11.625, 7.5 ],
    "to": [ 6.125, 11.75, 7.7 ],
    "faces": {
        "down":  { "uv": [ 6, 4.375, 6.125, 4.33056 ], "texture": "#texture" },
        "up":    { "uv": [ 6, 4.25, 6.125, 4.29444 ], "texture": "#texture" },
        "north": { "uv": [ 6.125, 4.25, 6, 4.375 ], "texture": "#texture" },
        "south": { "uv": [ 6, 4.25, 6.125, 4.375 ], "texture": "#texture" },
        "west":  { "uv": [ 6, 4.25, 6.04444, 4.375 ], "texture": "#texture" },
        "east":  { "uv": [ 6.125, 4.25, 6.08056, 4.375 ], "texture": "#texture" }
    }
},
{
    "__comment": "gk x128",
    "from": [ 6.125, 11.75, 7.5 ],
    "to": [ 6.25, 11.875, 7.7 ],
    "faces": {
        "down":  { "uv": [ 6.125, 4.25, 6.25, 4.20556 ], "texture": "#texture" },
        "up":    { "uv": [ 6.125, 4.125, 6.25, 4.16944 ], "texture": "#texture" },
        "north": { "uv": [ 6.25, 4.125, 6.125, 4.25 ], "texture": "#texture" },
        "south": { "uv": [ 6.125, 4.125, 6.25, 4.25 ], "texture": "#texture" },
        "west":  { "uv": [ 6.125, 4.125, 6.16944, 4.25 ], "texture": "#texture" },
        "east":  { "uv": [ 6.25, 4.125, 6.20556, 4.25 ], "texture": "#texture" }
    }
},
{
    "__comment": "gk x128",
    "from": [ 6.25, 10.75, 7.5 ],
    "to": [ 6.5, 11, 7.7 ],
    "faces": {
        "down":  { "uv": [ 6.25, 5.25, 6.5, 5.20556 ], "texture": "#texture" },
        "up":    { "uv": [ 6.25, 5, 6.5, 5.04444 ], "texture": "#texture" },
        "north": { "uv": [ 6.5, 5, 6.25, 5.25 ], "texture": "#texture" },
        "south": { "uv": [ 6.25, 5, 6.5, 5.25 ], "texture": "#texture" },
        "west":  { "uv": [ 6.25, 5, 6.29444, 5.25 ], "texture": "#texture" },
        "east":  { "uv": [ 6.5, 5, 6.45556, 5.25 ], "texture": "#texture" }
    }
},
{
    "__comment": "gk x128",
    "from": [ 6.25, 8, 7.5 ],
    "to": [ 11.375, 8.25, 7.7 ],
    "faces": {
        "down":  { "uv": [ 6.25, 8, 11.375, 7.95556 ], "texture": "#texture" },
        "up":    { "uv": [ 6.25, 7.75, 11.375, 7.79444 ], "texture": "#texture" },
        "north": { "uv": [ 11.375, 7.75, 6.25, 8 ], "texture": "#texture" },
        "south": { "uv": [ 6.25, 7.75, 11.375, 8 ], "texture": "#texture" },
        "west":  { "uv": [ 6.25, 7.75, 6.29444, 8 ], "texture": "#texture" },
        "east":  { "uv": [ 11.375, 7.75, 11.3306, 8 ], "texture": "#texture" }
    }
},
{
    "__comment": "gk x128",
    "from": [ 6.375, 11, 7.5 ],
    "to": [ 6.5, 11.125, 7.7 ],
    "faces": {
        "down":  { "uv": [ 6.375, 5, 6.5, 4.95556 ], "texture": "#texture" },
        "up":    { "uv": [ 6.375, 4.875, 6.5, 4.91944 ], "texture": "#texture" },
        "north": { "uv": [ 6.5, 4.875, 6.375, 5 ], "texture": "#texture" },
        "south": { "uv": [ 6.375, 4.875, 6.5, 5 ], "texture": "#texture" },
        "west":  { "uv": [ 6.375, 4.875, 6.41944, 5 ], "texture": "#texture" },
        "east":  { "uv": [ 6.5, 4.875, 6.45556, 5 ], "texture": "#texture" }
    }
},
{
    "__comment": "gk x128",
    "from": [ 6.5, 10.75, 7.5 ],
    "to": [ 6.875, 10.875, 7.7 ],
    "faces": {
        "down":  { "uv": [ 6.5, 5.25, 6.875, 5.20556 ], "texture": "#texture" },
        "up":    { "uv": [ 6.5, 5.125, 6.875, 5.16944 ], "texture": "#texture" },
        "north": { "uv": [ 6.875, 5.125, 6.5, 5.25 ], "texture": "#texture" },
        "south": { "uv": [ 6.5, 5.125, 6.875, 5.25 ], "texture": "#texture" },
        "west":  { "uv": [ 6.5, 5.125, 6.54444, 5.25 ], "texture": "#texture" },
        "east":  { "uv": [ 6.875, 5.125, 6.83056, 5.25 ], "texture": "#texture" }
    }
},
{
    "__comment": "gk x128",
    "from": [ 6.5, 7.875, 7.5 ],
    "to": [ 11.75, 8, 7.7 ],
    "faces": {
        "down":  { "uv": [ 6.5, 8.125, 11.75, 8.08056 ], "texture": "#texture" },
        "up":    { "uv": [ 6.5, 8, 11.75, 8.04444 ], "texture": "#texture" },
        "north": { "uv": [ 11.75, 8, 6.5, 8.125 ], "texture": "#texture" },
        "south": { "uv": [ 6.5, 8, 11.75, 8.125 ], "texture": "#texture" },
        "west":  { "uv": [ 6.5, 8, 6.54444, 8.125 ], "texture": "#texture" },
        "east":  { "uv": [ 11.75, 8, 11.7056, 8.125 ], "texture": "#texture" }
    }
},
{
    "__comment": "gk x128",
    "from": [ 6.625, 10.875, 7.5 ],
    "to": [ 6.75, 11, 7.7 ],
    "faces": {
        "down":  { "uv": [ 6.625, 5.125, 6.75, 5.08056 ], "texture": "#texture" },
        "up":    { "uv": [ 6.625, 5, 6.75, 5.04444 ], "texture": "#texture" },
        "north": { "uv": [ 6.75, 5, 6.625, 5.125 ], "texture": "#texture" },
        "south": { "uv": [ 6.625, 5, 6.75, 5.125 ], "texture": "#texture" },
        "west":  { "uv": [ 6.625, 5, 6.66944, 5.125 ], "texture": "#texture" },
        "east":  { "uv": [ 6.75, 5, 6.70556, 5.125 ], "texture": "#texture" }
    }
},
{
    "__comment": "gk x128",
    "from": [ 6.75, 7.75, 7.5 ],
    "to": [ 11.875, 7.875, 7.7 ],
    "faces": {
        "down":  { "uv": [ 6.75, 8.25, 11.875, 8.20556 ], "texture": "#texture" },
        "up":    { "uv": [ 6.75, 8.125, 11.875, 8.16944 ], "texture": "#texture" },
        "north": { "uv": [ 11.875, 8.125, 6.75, 8.25 ], "texture": "#texture" },
        "south": { "uv": [ 6.75, 8.125, 11.875, 8.25 ], "texture": "#texture" },
        "west":  { "uv": [ 6.75, 8.125, 6.79444, 8.25 ], "texture": "#texture" },
        "east":  { "uv": [ 11.875, 8.125, 11.8306, 8.25 ], "texture": "#texture" }
    }
},
{
    "__comment": "gk x128",
    "from": [ 6.875, 7.625, 7.5 ],
    "to": [ 12, 7.75, 7.7 ],
    "faces": {
        "down":  { "uv": [ 6.875, 8.375, 12, 8.33056 ], "texture": "#texture" },
        "up":    { "uv": [ 6.875, 8.25, 12, 8.29444 ], "texture": "#texture" },
        "north": { "uv": [ 12, 8.25, 6.875, 8.375 ], "texture": "#texture" },
        "south": { "uv": [ 6.875, 8.25, 12, 8.375 ], "texture": "#texture" },
        "west":  { "uv": [ 6.875, 8.25, 6.91944, 8.375 ], "texture": "#texture" },
        "east":  { "uv": [ 12, 8.25, 11.9556, 8.375 ], "texture": "#texture" }
    }
},
{
    "__comment": "gk x128",
    "from": [ 7, 7.5, 7.5 ],
    "to": [ 12.125, 7.625, 7.7 ],
    "faces": {
        "down":  { "uv": [ 7, 8.5, 12.125, 8.45556 ], "texture": "#texture" },
        "up":    { "uv": [ 7, 8.375, 12.125, 8.41944 ], "texture": "#texture" },
        "north": { "uv": [ 12.125, 8.375, 7, 8.5 ], "texture": "#texture" },
        "south": { "uv": [ 7, 8.375, 12.125, 8.5 ], "texture": "#texture" },
        "west":  { "uv": [ 7, 8.375, 7.04444, 8.5 ], "texture": "#texture" },
        "east":  { "uv": [ 12.125, 8.375, 12.0806, 8.5 ], "texture": "#texture" }
    }
},
{
    "__comment": "gk x128",
    "from": [ 7.25, 10.5, 7.5 ],
    "to": [ 7.5, 10.625, 7.7 ],
    "faces": {
        "down":  { "uv": [ 7.25, 5.5, 7.5, 5.45556 ], "texture": "#texture" },
        "up":    { "uv": [ 7.25, 5.375, 7.5, 5.41944 ], "texture": "#texture" },
        "north": { "uv": [ 7.5, 5.375, 7.25, 5.5 ], "texture": "#texture" },
        "south": { "uv": [ 7.25, 5.375, 7.5, 5.5 ], "texture": "#texture" },
        "west":  { "uv": [ 7.25, 5.375, 7.29444, 5.5 ], "texture": "#texture" },
        "east":  { "uv": [ 7.5, 5.375, 7.45556, 5.5 ], "texture": "#texture" }
    }
},
{
    "__comment": "gk x128",
    "from": [ 7.25, 7.25, 7.5 ],
    "to": [ 7.375, 7.5, 7.7 ],
    "faces": {
        "down":  { "uv": [ 7.25, 8.75, 7.375, 8.70556 ], "texture": "#texture" },
        "up":    { "uv": [ 7.25, 8.5, 7.375, 8.54444 ], "texture": "#texture" },
        "north": { "uv": [ 7.375, 8.5, 7.25, 8.75 ], "texture": "#texture" },
        "south": { "uv": [ 7.25, 8.5, 7.375, 8.75 ], "texture": "#texture" },
        "west":  { "uv": [ 7.25, 8.5, 7.29444, 8.75 ], "texture": "#texture" },
        "east":  { "uv": [ 7.375, 8.5, 7.33056, 8.75 ], "texture": "#texture" }
    }
},
{
    "__comment": "gk x128",
    "from": [ 7.375, 10.625, 7.5 ],
    "to": [ 7.5, 10.75, 7.7 ],
    "faces": {
        "down":  { "uv": [ 7.375, 5.375, 7.5, 5.33056 ], "texture": "#texture" },
        "up":    { "uv": [ 7.375, 5.25, 7.5, 5.29444 ], "texture": "#texture" },
        "north": { "uv": [ 7.5, 5.25, 7.375, 5.375 ], "texture": "#texture" },
        "south": { "uv": [ 7.375, 5.25, 7.5, 5.375 ], "texture": "#texture" },
        "west":  { "uv": [ 7.375, 5.25, 7.41944, 5.375 ], "texture": "#texture" },
        "east":  { "uv": [ 7.5, 5.25, 7.45556, 5.375 ], "texture": "#texture" }
    }
},
{
    "__comment": "gk x128",
    "from": [ 7.375, 7.375, 7.5 ],
    "to": [ 12.125, 7.5, 7.7 ],
    "faces": {
        "down":  { "uv": [ 7.375, 8.625, 12.125, 8.58056 ], "texture": "#texture" },
        "up":    { "uv": [ 7.375, 8.5, 12.125, 8.54444 ], "texture": "#texture" },
        "north": { "uv": [ 12.125, 8.5, 7.375, 8.625 ], "texture": "#texture" },
        "south": { "uv": [ 7.375, 8.5, 12.125, 8.625 ], "texture": "#texture" },
        "west":  { "uv": [ 7.375, 8.5, 7.41944, 8.625 ], "texture": "#texture" },
        "east":  { "uv": [ 12.125, 8.5, 12.0806, 8.625 ], "texture": "#texture" }
    }
},
{
    "__comment": "gk x128",
    "from": [ 7.5, 7.125, 7.5 ],
    "to": [ 9.125, 7.375, 7.7 ],
    "faces": {
        "down":  { "uv": [ 7.5, 8.875, 9.125, 8.83056 ], "texture": "#texture" },
        "up":    { "uv": [ 7.5, 8.625, 9.125, 8.66944 ], "texture": "#texture" },
        "north": { "uv": [ 9.125, 8.625, 7.5, 8.875 ], "texture": "#texture" },
        "south": { "uv": [ 7.5, 8.625, 9.125, 8.875 ], "texture": "#texture" },
        "west":  { "uv": [ 7.5, 8.625, 7.54444, 8.875 ], "texture": "#texture" },
        "east":  { "uv": [ 9.125, 8.625, 9.08056, 8.875 ], "texture": "#texture" }
    }
},
{
    "__comment": "gk x128",
    "from": [ 7.625, 10.5, 7.5 ],
    "to": [ 7.75, 10.625, 7.7 ],
    "faces": {
        "down":  { "uv": [ 7.625, 5.5, 7.75, 5.45556 ], "texture": "#texture" },
        "up":    { "uv": [ 7.625, 5.375, 7.75, 5.41944 ], "texture": "#texture" },
        "north": { "uv": [ 7.75, 5.375, 7.625, 5.5 ], "texture": "#texture" },
        "south": { "uv": [ 7.625, 5.375, 7.75, 5.5 ], "texture": "#texture" },
        "west":  { "uv": [ 7.625, 5.375, 7.66944, 5.5 ], "texture": "#texture" },
        "east":  { "uv": [ 7.75, 5.375, 7.70556, 5.5 ], "texture": "#texture" }
    }
},
{
    "__comment": "gk x128",
    "from": [ 7.875, 7, 7.5 ],
    "to": [ 9, 7.125, 7.7 ],
    "faces": {
        "down":  { "uv": [ 7.875, 9, 9, 8.95556 ], "texture": "#texture" },
        "up":    { "uv": [ 7.875, 8.875, 9, 8.91944 ], "texture": "#texture" },
        "north": { "uv": [ 9, 8.875, 7.875, 9 ], "texture": "#texture" },
        "south": { "uv": [ 7.875, 8.875, 9, 9 ], "texture": "#texture" },
        "west":  { "uv": [ 7.875, 8.875, 7.91944, 9 ], "texture": "#texture" },
        "east":  { "uv": [ 9, 8.875, 8.95556, 9 ], "texture": "#texture" }
    }
},
{
    "__comment": "gk x128",
    "from": [ 8, 6.75, 7.5 ],
    "to": [ 8.125, 7, 7.7 ],
    "faces": {
        "down":  { "uv": [ 8, 9.25, 8.125, 9.20556 ], "texture": "#texture" },
        "up":    { "uv": [ 8, 9, 8.125, 9.04444 ], "texture": "#texture" },
        "north": { "uv": [ 8.125, 9, 8, 9.25 ], "texture": "#texture" },
        "south": { "uv": [ 8, 9, 8.125, 9.25 ], "texture": "#texture" },
        "west":  { "uv": [ 8, 9, 8.04444, 9.25 ], "texture": "#texture" },
        "east":  { "uv": [ 8.125, 9, 8.08056, 9.25 ], "texture": "#texture" }
    }
},
{
    "__comment": "gk x128",
    "from": [ 8.125, 10.125, 7.5 ],
    "to": [ 8.25, 10.25, 7.7 ],
    "faces": {
        "down":  { "uv": [ 8.125, 5.875, 8.25, 5.83056 ], "texture": "#texture" },
        "up":    { "uv": [ 8.125, 5.75, 8.25, 5.79444 ], "texture": "#texture" },
        "north": { "uv": [ 8.25, 5.75, 8.125, 5.875 ], "texture": "#texture" },
        "south": { "uv": [ 8.125, 5.75, 8.25, 5.875 ], "texture": "#texture" },
        "west":  { "uv": [ 8.125, 5.75, 8.16944, 5.875 ], "texture": "#texture" },
        "east":  { "uv": [ 8.25, 5.75, 8.20556, 5.875 ], "texture": "#texture" }
    }
},
{
    "__comment": "gk x128",
    "from": [ 8.125, 6.875, 7.5 ],
    "to": [ 8.25, 7, 7.7 ],
    "faces": {
        "down":  { "uv": [ 8.125, 9.125, 8.25, 9.08056 ], "texture": "#texture" },
        "up":    { "uv": [ 8.125, 9, 8.25, 9.04444 ], "texture": "#texture" },
        "north": { "uv": [ 8.25, 9, 8.125, 9.125 ], "texture": "#texture" },
        "south": { "uv": [ 8.125, 9, 8.25, 9.125 ], "texture": "#texture" },
        "west":  { "uv": [ 8.125, 9, 8.16944, 9.125 ], "texture": "#texture" },
        "east":  { "uv": [ 8.25, 9, 8.20556, 9.125 ], "texture": "#texture" }
    }
},
{
    "__comment": "gk x128",
    "from": [ 8.375, 6.75, 7.5 ],
    "to": [ 8.625, 7, 7.7 ],
    "faces": {
        "down":  { "uv": [ 8.375, 9.25, 8.625, 9.20556 ], "texture": "#texture" },
        "up":    { "uv": [ 8.375, 9, 8.625, 9.04444 ], "texture": "#texture" },
        "north": { "uv": [ 8.625, 9, 8.375, 9.25 ], "texture": "#texture" },
        "south": { "uv": [ 8.375, 9, 8.625, 9.25 ], "texture": "#texture" },
        "west":  { "uv": [ 8.375, 9, 8.41944, 9.25 ], "texture": "#texture" },
        "east":  { "uv": [ 8.625, 9, 8.58056, 9.25 ], "texture": "#texture" }
    }
},
{
    "__comment": "gk x128",
    "from": [ 8.625, 6.875, 7.5 ],
    "to": [ 8.875, 7, 7.7 ],
    "faces": {
        "down":  { "uv": [ 8.625, 9.125, 8.875, 9.08056 ], "texture": "#texture" },
        "up":    { "uv": [ 8.625, 9, 8.875, 9.04444 ], "texture": "#texture" },
        "north": { "uv": [ 8.875, 9, 8.625, 9.125 ], "texture": "#texture" },
        "south": { "uv": [ 8.625, 9, 8.875, 9.125 ], "texture": "#texture" },
        "west":  { "uv": [ 8.625, 9, 8.66944, 9.125 ], "texture": "#texture" },
        "east":  { "uv": [ 8.875, 9, 8.83056, 9.125 ], "texture": "#texture" }
    }
},
{
    "__comment": "gk x128",
    "from": [ 8.75, 9.875, 7.5 ],
    "to": [ 8.875, 10, 7.7 ],
    "faces": {
        "down":  { "uv": [ 8.75, 6.125, 8.875, 6.08056 ], "texture": "#texture" },
        "up":    { "uv": [ 8.75, 6, 8.875, 6.04444 ], "texture": "#texture" },
        "north": { "uv": [ 8.875, 6, 8.75, 6.125 ], "texture": "#texture" },
        "south": { "uv": [ 8.75, 6, 8.875, 6.125 ], "texture": "#texture" },
        "west":  { "uv": [ 8.75, 6, 8.79444, 6.125 ], "texture": "#texture" },
        "east":  { "uv": [ 8.875, 6, 8.83056, 6.125 ], "texture": "#texture" }
    }
},
{
    "__comment": "gk x128",
    "from": [ 9.125, 9.5, 7.5 ],
    "to": [ 9.375, 9.75, 7.7 ],
    "faces": {
        "down":  { "uv": [ 9.125, 6.5, 9.375, 6.45556 ], "texture": "#texture" },
        "up":    { "uv": [ 9.125, 6.25, 9.375, 6.29444 ], "texture": "#texture" },
        "north": { "uv": [ 9.375, 6.25, 9.125, 6.5 ], "texture": "#texture" },
        "south": { "uv": [ 9.125, 6.25, 9.375, 6.5 ], "texture": "#texture" },
        "west":  { "uv": [ 9.125, 6.25, 9.16944, 6.5 ], "texture": "#texture" },
        "east":  { "uv": [ 9.375, 6.25, 9.33056, 6.5 ], "texture": "#texture" }
    }
},
{
    "__comment": "gk x128",
    "from": [ 9.125, 7.25, 7.5 ],
    "to": [ 12.25, 7.375, 7.7 ],
    "faces": {
        "down":  { "uv": [ 9.125, 8.75, 12.25, 8.70556 ], "texture": "#texture" },
        "up":    { "uv": [ 9.125, 8.625, 12.25, 8.66944 ], "texture": "#texture" },
        "north": { "uv": [ 12.25, 8.625, 9.125, 8.75 ], "texture": "#texture" },
        "south": { "uv": [ 9.125, 8.625, 12.25, 8.75 ], "texture": "#texture" },
        "west":  { "uv": [ 9.125, 8.625, 9.16944, 8.75 ], "texture": "#texture" },
        "east":  { "uv": [ 12.25, 8.625, 12.2056, 8.75 ], "texture": "#texture" }
    }
},
{
    "__comment": "gk x128",
    "from": [ 9.375, 9.5, 7.5 ],
    "to": [ 9.5, 9.625, 7.7 ],
    "faces": {
        "down":  { "uv": [ 9.375, 6.5, 9.5, 6.45556 ], "texture": "#texture" },
        "up":    { "uv": [ 9.375, 6.375, 9.5, 6.41944 ], "texture": "#texture" },
        "north": { "uv": [ 9.5, 6.375, 9.375, 6.5 ], "texture": "#texture" },
        "south": { "uv": [ 9.375, 6.375, 9.5, 6.5 ], "texture": "#texture" },
        "west":  { "uv": [ 9.375, 6.375, 9.41944, 6.5 ], "texture": "#texture" },
        "east":  { "uv": [ 9.5, 6.375, 9.45556, 6.5 ], "texture": "#texture" }
    }
},
{
    "__comment": "gk x128",
    "from": [ 9.5, 7.125, 7.5 ],
    "to": [ 12.375, 7.25, 7.7 ],
    "faces": {
        "down":  { "uv": [ 9.5, 8.875, 12.375, 8.83056 ], "texture": "#texture" },
        "up":    { "uv": [ 9.5, 8.75, 12.375, 8.79444 ], "texture": "#texture" },
        "north": { "uv": [ 12.375, 8.75, 9.5, 8.875 ], "texture": "#texture" },
        "south": { "uv": [ 9.5, 8.75, 12.375, 8.875 ], "texture": "#texture" },
        "west":  { "uv": [ 9.5, 8.75, 9.54444, 8.875 ], "texture": "#texture" },
        "east":  { "uv": [ 12.375, 8.75, 12.3306, 8.875 ], "texture": "#texture" }
    }
},
{
    "__comment": "gk x128",
    "from": [ 9.875, 7, 7.5 ],
    "to": [ 12.625, 7.125, 7.7 ],
    "faces": {
        "down":  { "uv": [ 9.875, 9, 12.625, 8.95556 ], "texture": "#texture" },
        "up":    { "uv": [ 9.875, 8.875, 12.625, 8.91944 ], "texture": "#texture" },
        "north": { "uv": [ 12.625, 8.875, 9.875, 9 ], "texture": "#texture" },
        "south": { "uv": [ 9.875, 8.875, 12.625, 9 ], "texture": "#texture" },
        "west":  { "uv": [ 9.875, 8.875, 9.91944, 9 ], "texture": "#texture" },
        "east":  { "uv": [ 12.625, 8.875, 12.5806, 9 ], "texture": "#texture" }
    }
},
{
    "__comment": "gk x128",
    "from": [ 10, 6.75, 7.5 ],
    "to": [ 12.75, 7, 7.7 ],
    "faces": {
        "down":  { "uv": [ 10, 9.25, 12.75, 9.20556 ], "texture": "#texture" },
        "up":    { "uv": [ 10, 9, 12.75, 9.04444 ], "texture": "#texture" },
        "north": { "uv": [ 12.75, 9, 10, 9.25 ], "texture": "#texture" },
        "south": { "uv": [ 10, 9, 12.75, 9.25 ], "texture": "#texture" },
        "west":  { "uv": [ 10, 9, 10.0444, 9.25 ], "texture": "#texture" },
        "east":  { "uv": [ 12.75, 9, 12.7056, 9.25 ], "texture": "#texture" }
    }
},
{
    "__comment": "gk x128",
    "from": [ 10.125, 6.25, 7.5 ],
    "to": [ 13.25, 6.5, 7.7 ],
    "faces": {
        "down":  { "uv": [ 10.125, 9.75, 13.25, 9.70556 ], "texture": "#texture" },
        "up":    { "uv": [ 10.125, 9.5, 13.25, 9.54444 ], "texture": "#texture" },
        "north": { "uv": [ 13.25, 9.5, 10.125, 9.75 ], "texture": "#texture" },
        "south": { "uv": [ 10.125, 9.5, 13.25, 9.75 ], "texture": "#texture" },
        "west":  { "uv": [ 10.125, 9.5, 10.1694, 9.75 ], "texture": "#texture" },
        "east":  { "uv": [ 13.25, 9.5, 13.2056, 9.75 ], "texture": "#texture" }
    }
},
{
    "__comment": "gk x128",
    "from": [ 10.25, 6.5, 7.5 ],
    "to": [ 12.875, 6.75, 7.7 ],
    "faces": {
        "down":  { "uv": [ 10.25, 9.5, 12.875, 9.45556 ], "texture": "#texture" },
        "up":    { "uv": [ 10.25, 9.25, 12.875, 9.29444 ], "texture": "#texture" },
        "north": { "uv": [ 12.875, 9.25, 10.25, 9.5 ], "texture": "#texture" },
        "south": { "uv": [ 10.25, 9.25, 12.875, 9.5 ], "texture": "#texture" },
        "west":  { "uv": [ 10.25, 9.25, 10.2944, 9.5 ], "texture": "#texture" },
        "east":  { "uv": [ 12.875, 9.25, 12.8306, 9.5 ], "texture": "#texture" }
    }
},
{
    "__comment": "gk x128",
    "from": [ 10.375, 6.125, 7.5 ],
    "to": [ 13.25, 6.25, 7.7 ],
    "faces": {
        "down":  { "uv": [ 10.375, 9.875, 13.25, 9.83056 ], "texture": "#texture" },
        "up":    { "uv": [ 10.375, 9.75, 13.25, 9.79444 ], "texture": "#texture" },
        "north": { "uv": [ 13.25, 9.75, 10.375, 9.875 ], "texture": "#texture" },
        "south": { "uv": [ 10.375, 9.75, 13.25, 9.875 ], "texture": "#texture" },
        "west":  { "uv": [ 10.375, 9.75, 10.4194, 9.875 ], "texture": "#texture" },
        "east":  { "uv": [ 13.25, 9.75, 13.2056, 9.875 ], "texture": "#texture" }
    }
},
{
    "__comment": "gk x128",
    "from": [ 10.5, 6, 7.5 ],
    "to": [ 13.5, 6.125, 7.7 ],
    "faces": {
        "down":  { "uv": [ 10.5, 10, 13.5, 9.95556 ], "texture": "#texture" },
        "up":    { "uv": [ 10.5, 9.875, 13.5, 9.91944 ], "texture": "#texture" },
        "north": { "uv": [ 13.5, 9.875, 10.5, 10 ], "texture": "#texture" },
        "south": { "uv": [ 10.5, 9.875, 13.5, 10 ], "texture": "#texture" },
        "west":  { "uv": [ 10.5, 9.875, 10.5444, 10 ], "texture": "#texture" },
        "east":  { "uv": [ 13.5, 9.875, 13.4556, 10 ], "texture": "#texture" }
    }
},
{
    "__comment": "gk x128",
    "from": [ 10.625, 8.5, 7.5 ],
    "to": [ 11, 8.625, 7.7 ],
    "faces": {
        "down":  { "uv": [ 10.625, 7.5, 11, 7.45556 ], "texture": "#texture" },
        "up":    { "uv": [ 10.625, 7.375, 11, 7.41944 ], "texture": "#texture" },
        "north": { "uv": [ 11, 7.375, 10.625, 7.5 ], "texture": "#texture" },
        "south": { "uv": [ 10.625, 7.375, 11, 7.5 ], "texture": "#texture" },
        "west":  { "uv": [ 10.625, 7.375, 10.6694, 7.5 ], "texture": "#texture" },
        "east":  { "uv": [ 11, 7.375, 10.9556, 7.5 ], "texture": "#texture" }
    }
},
{
    "__comment": "gk x128",
    "from": [ 11, 8.25, 7.5 ],
    "to": [ 11.25, 8.375, 7.7 ],
    "faces": {
        "down":  { "uv": [ 11, 7.75, 11.25, 7.70556 ], "texture": "#texture" },
        "up":    { "uv": [ 11, 7.625, 11.25, 7.66944 ], "texture": "#texture" },
        "north": { "uv": [ 11.25, 7.625, 11, 7.75 ], "texture": "#texture" },
        "south": { "uv": [ 11, 7.625, 11.25, 7.75 ], "texture": "#texture" },
        "west":  { "uv": [ 11, 7.625, 11.0444, 7.75 ], "texture": "#texture" },
        "east":  { "uv": [ 11.25, 7.625, 11.2056, 7.75 ], "texture": "#texture" }
    }
},
{
    "__comment": "gk x128",
    "from": [ 11, 5.75, 7.5 ],
    "to": [ 13.5, 6, 7.7 ],
    "faces": {
        "down":  { "uv": [ 11, 10.25, 13.5, 10.2056 ], "texture": "#texture" },
        "up":    { "uv": [ 11, 10, 13.5, 10.0444 ], "texture": "#texture" },
        "north": { "uv": [ 13.5, 10, 11, 10.25 ], "texture": "#texture" },
        "south": { "uv": [ 11, 10, 13.5, 10.25 ], "texture": "#texture" },
        "west":  { "uv": [ 11, 10, 11.0444, 10.25 ], "texture": "#texture" },
        "east":  { "uv": [ 13.5, 10, 13.4556, 10.25 ], "texture": "#texture" }
    }
},
{
    "__comment": "gk x128",
    "from": [ 11.125, 5.625, 7.5 ],
    "to": [ 13.875, 5.75, 7.7 ],
    "faces": {
        "down":  { "uv": [ 11.125, 10.375, 13.875, 10.3306 ], "texture": "#texture" },
        "up":    { "uv": [ 11.125, 10.25, 13.875, 10.2944 ], "texture": "#texture" },
        "north": { "uv": [ 13.875, 10.25, 11.125, 10.375 ], "texture": "#texture" },
        "south": { "uv": [ 11.125, 10.25, 13.875, 10.375 ], "texture": "#texture" },
        "west":  { "uv": [ 11.125, 10.25, 11.1694, 10.375 ], "texture": "#texture" },
        "east":  { "uv": [ 13.875, 10.25, 13.8306, 10.375 ], "texture": "#texture" }
    }
},
{
    "__comment": "gk x128",
    "from": [ 11.25, 5.5, 7.5 ],
    "to": [ 13.75, 5.625, 7.7 ],
    "faces": {
        "down":  { "uv": [ 11.25, 10.5, 13.75, 10.4556 ], "texture": "#texture" },
        "up":    { "uv": [ 11.25, 10.375, 13.75, 10.4194 ], "texture": "#texture" },
        "north": { "uv": [ 13.75, 10.375, 11.25, 10.5 ], "texture": "#texture" },
        "south": { "uv": [ 11.25, 10.375, 13.75, 10.5 ], "texture": "#texture" },
        "west":  { "uv": [ 11.25, 10.375, 11.2944, 10.5 ], "texture": "#texture" },
        "east":  { "uv": [ 13.75, 10.375, 13.7056, 10.5 ], "texture": "#texture" }
    }
},
{
    "__comment": "gk x128",
    "from": [ 11.375, 8, 7.5 ],
    "to": [ 11.625, 8.125, 7.7 ],
    "faces": {
        "down":  { "uv": [ 11.375, 8, 11.625, 7.95556 ], "texture": "#texture" },
        "up":    { "uv": [ 11.375, 7.875, 11.625, 7.91944 ], "texture": "#texture" },
        "north": { "uv": [ 11.625, 7.875, 11.375, 8 ], "texture": "#texture" },
        "south": { "uv": [ 11.375, 7.875, 11.625, 8 ], "texture": "#texture" },
        "west":  { "uv": [ 11.375, 7.875, 11.4194, 8 ], "texture": "#texture" },
        "east":  { "uv": [ 11.625, 7.875, 11.5806, 8 ], "texture": "#texture" }
    }
},
{
    "__comment": "gk x128",
    "from": [ 11.625, 5.375, 7.5 ],
    "to": [ 14, 5.5, 7.7 ],
    "faces": {
        "down":  { "uv": [ 11.625, 10.625, 14, 10.5806 ], "texture": "#texture" },
        "up":    { "uv": [ 11.625, 10.5, 14, 10.5444 ], "texture": "#texture" },
        "north": { "uv": [ 14, 10.5, 11.625, 10.625 ], "texture": "#texture" },
        "south": { "uv": [ 11.625, 10.5, 14, 10.625 ], "texture": "#texture" },
        "west":  { "uv": [ 11.625, 10.5, 11.6694, 10.625 ], "texture": "#texture" },
        "east":  { "uv": [ 14, 10.5, 13.9556, 10.625 ], "texture": "#texture" }
    }
},
{
    "__comment": "gk x128",
    "from": [ 11.75, 5.25, 7.5 ],
    "to": [ 14.125, 5.375, 7.7 ],
    "faces": {
        "down":  { "uv": [ 11.75, 10.75, 14.125, 10.7056 ], "texture": "#texture" },
        "up":    { "uv": [ 11.75, 10.625, 14.125, 10.6694 ], "texture": "#texture" },
        "north": { "uv": [ 14.125, 10.625, 11.75, 10.75 ], "texture": "#texture" },
        "south": { "uv": [ 11.75, 10.625, 14.125, 10.75 ], "texture": "#texture" },
        "west":  { "uv": [ 11.75, 10.625, 11.7944, 10.75 ], "texture": "#texture" },
        "east":  { "uv": [ 14.125, 10.625, 14.0806, 10.75 ], "texture": "#texture" }
    }
},
{
    "__comment": "gk x128",
    "from": [ 11.875, 5.125, 7.5 ],
    "to": [ 14.25, 5.25, 7.7 ],
    "faces": {
        "down":  { "uv": [ 11.875, 10.875, 14.25, 10.8306 ], "texture": "#texture" },
        "up":    { "uv": [ 11.875, 10.75, 14.25, 10.7944 ], "texture": "#texture" },
        "north": { "uv": [ 14.25, 10.75, 11.875, 10.875 ], "texture": "#texture" },
        "south": { "uv": [ 11.875, 10.75, 14.25, 10.875 ], "texture": "#texture" },
        "west":  { "uv": [ 11.875, 10.75, 11.9194, 10.875 ], "texture": "#texture" },
        "east":  { "uv": [ 14.25, 10.75, 14.2056, 10.875 ], "texture": "#texture" }
    }
},
{
    "__comment": "gk x128",
    "from": [ 12, 4.875, 7.5 ],
    "to": [ 14.25, 5.125, 7.7 ],
    "faces": {
        "down":  { "uv": [ 12, 11.125, 14.25, 11.0806 ], "texture": "#texture" },
        "up":    { "uv": [ 12, 10.875, 14.25, 10.9194 ], "texture": "#texture" },
        "north": { "uv": [ 14.25, 10.875, 12, 11.125 ], "texture": "#texture" },
        "south": { "uv": [ 12, 10.875, 14.25, 11.125 ], "texture": "#texture" },
        "west":  { "uv": [ 12, 10.875, 12.0444, 11.125 ], "texture": "#texture" },
        "east":  { "uv": [ 14.25, 10.875, 14.2056, 11.125 ], "texture": "#texture" }
    }
},
{
    "__comment": "gk x128",
    "from": [ 12.25, 4.75, 7.5 ],
    "to": [ 14.375, 4.875, 7.7 ],
    "faces": {
        "down":  { "uv": [ 12.25, 11.25, 14.375, 11.2056 ], "texture": "#texture" },
        "up":    { "uv": [ 12.25, 11.125, 14.375, 11.1694 ], "texture": "#texture" },
        "north": { "uv": [ 14.375, 11.125, 12.25, 11.25 ], "texture": "#texture" },
        "south": { "uv": [ 12.25, 11.125, 14.375, 11.25 ], "texture": "#texture" },
        "west":  { "uv": [ 12.25, 11.125, 12.2944, 11.25 ], "texture": "#texture" },
        "east":  { "uv": [ 14.375, 11.125, 14.3306, 11.25 ], "texture": "#texture" }
    }
},
{
    "__comment": "gk x128",
    "from": [ 12.375, 4.625, 7.5 ],
    "to": [ 14.25, 4.75, 7.7 ],
    "faces": {
        "down":  { "uv": [ 12.375, 11.375, 14.25, 11.3306 ], "texture": "#texture" },
        "up":    { "uv": [ 12.375, 11.25, 14.25, 11.2944 ], "texture": "#texture" },
        "north": { "uv": [ 14.25, 11.25, 12.375, 11.375 ], "texture": "#texture" },
        "south": { "uv": [ 12.375, 11.25, 14.25, 11.375 ], "texture": "#texture" },
        "west":  { "uv": [ 12.375, 11.25, 12.4194, 11.375 ], "texture": "#texture" },
        "east":  { "uv": [ 14.25, 11.25, 14.2056, 11.375 ], "texture": "#texture" }
    }
},
{
    "__comment": "gk x128",
    "from": [ 12.5, 4.5, 7.5 ],
    "to": [ 14.125, 4.625, 7.7 ],
    "faces": {
        "down":  { "uv": [ 12.5, 11.5, 14.125, 11.4556 ], "texture": "#texture" },
        "up":    { "uv": [ 12.5, 11.375, 14.125, 11.4194 ], "texture": "#texture" },
        "north": { "uv": [ 14.125, 11.375, 12.5, 11.5 ], "texture": "#texture" },
        "south": { "uv": [ 12.5, 11.375, 14.125, 11.5 ], "texture": "#texture" },
        "west":  { "uv": [ 12.5, 11.375, 12.5444, 11.5 ], "texture": "#texture" },
        "east":  { "uv": [ 14.125, 11.375, 14.0806, 11.5 ], "texture": "#texture" }
    }
},
{
    "__comment": "gk x128",
    "from": [ 12.625, 4, 7.5 ],
    "to": [ 14, 4.5, 7.7 ],
    "faces": {
        "down":  { "uv": [ 12.625, 12, 14, 11.9556 ], "texture": "#texture" },
        "up":    { "uv": [ 12.625, 11.5, 14, 11.5444 ], "texture": "#texture" },
        "north": { "uv": [ 14, 11.5, 12.625, 12 ], "texture": "#texture" },
        "south": { "uv": [ 12.625, 11.5, 14, 12 ], "texture": "#texture" },
        "west":  { "uv": [ 12.625, 11.5, 12.6694, 12 ], "texture": "#texture" },
        "east":  { "uv": [ 14, 11.5, 13.9556, 12 ], "texture": "#texture" }
    }
},
{
    "__comment": "gk x128",
    "from": [ 12.875, 6.5, 7.5 ],
    "to": [ 13.125, 6.625, 7.7 ],
    "faces": {
        "down":  { "uv": [ 12.875, 9.5, 13.125, 9.45556 ], "texture": "#texture" },
        "up":    { "uv": [ 12.875, 9.375, 13.125, 9.41944 ], "texture": "#texture" },
        "north": { "uv": [ 13.125, 9.375, 12.875, 9.5 ], "texture": "#texture" },
        "south": { "uv": [ 12.875, 9.375, 13.125, 9.5 ], "texture": "#texture" },
        "west":  { "uv": [ 12.875, 9.375, 12.9194, 9.5 ], "texture": "#texture" },
        "east":  { "uv": [ 13.125, 9.375, 13.0806, 9.5 ], "texture": "#texture" }
    }
},
{
    "__comment": "gk x128",
    "from": [ 12.875, 3.625, 7.5 ],
    "to": [ 13.375, 4, 7.7 ],
    "faces": {
        "down":  { "uv": [ 12.875, 12.375, 13.375, 12.3306 ], "texture": "#texture" },
        "up":    { "uv": [ 12.875, 12, 13.375, 12.0444 ], "texture": "#texture" },
        "north": { "uv": [ 13.375, 12, 12.875, 12.375 ], "texture": "#texture" },
        "south": { "uv": [ 12.875, 12, 13.375, 12.375 ], "texture": "#texture" },
        "west":  { "uv": [ 12.875, 12, 12.9194, 12.375 ], "texture": "#texture" },
        "east":  { "uv": [ 13.375, 12, 13.3306, 12.375 ], "texture": "#texture" }
    }
},
{
    "__comment": "gk x128",
    "from": [ 13, 3.375, 7.5 ],
    "to": [ 13.75, 3.625, 7.7 ],
    "faces": {
        "down":  { "uv": [ 13, 12.625, 13.75, 12.5806 ], "texture": "#texture" },
        "up":    { "uv": [ 13, 12.375, 13.75, 12.4194 ], "texture": "#texture" },
        "north": { "uv": [ 13.75, 12.375, 13, 12.625 ], "texture": "#texture" },
        "south": { "uv": [ 13, 12.375, 13.75, 12.625 ], "texture": "#texture" },
        "west":  { "uv": [ 13, 12.375, 13.0444, 12.625 ], "texture": "#texture" },
        "east":  { "uv": [ 13.75, 12.375, 13.7056, 12.625 ], "texture": "#texture" }
    }
},
{
    "__comment": "gk x128",
    "from": [ 13.25, 3.25, 7.5 ],
    "to": [ 13.5, 3.375, 7.7 ],
    "faces": {
        "down":  { "uv": [ 13.25, 12.75, 13.5, 12.7056 ], "texture": "#texture" },
        "up":    { "uv": [ 13.25, 12.625, 13.5, 12.6694 ], "texture": "#texture" },
        "north": { "uv": [ 13.5, 12.625, 13.25, 12.75 ], "texture": "#texture" },
        "south": { "uv": [ 13.25, 12.625, 13.5, 12.75 ], "texture": "#texture" },
        "west":  { "uv": [ 13.25, 12.625, 13.2944, 12.75 ], "texture": "#texture" },
        "east":  { "uv": [ 13.5, 12.625, 13.4556, 12.75 ], "texture": "#texture" }
    }
},
{
    "__comment": "gk x128",
    "from": [ 13.375, 3.875, 7.5 ],
    "to": [ 14, 4, 7.7 ],
    "faces": {
        "down":  { "uv": [ 13.375, 12.125, 14, 12.0806 ], "texture": "#texture" },
        "up":    { "uv": [ 13.375, 12, 14, 12.0444 ], "texture": "#texture" },
        "north": { "uv": [ 14, 12, 13.375, 12.125 ], "texture": "#texture" },
        "south": { "uv": [ 13.375, 12, 14, 12.125 ], "texture": "#texture" },
        "west":  { "uv": [ 13.375, 12, 13.4194, 12.125 ], "texture": "#texture" },
        "east":  { "uv": [ 14, 12, 13.9556, 12.125 ], "texture": "#texture" }
    }
},
{
    "__comment": "gk x128",
    "from": [ 13.375, 3.625, 7.5 ],
    "to": [ 13.875, 3.75, 7.7 ],
    "faces": {
        "down":  { "uv": [ 13.375, 12.375, 13.875, 12.3306 ], "texture": "#texture" },
        "up":    { "uv": [ 13.375, 12.25, 13.875, 12.2944 ], "texture": "#texture" },
        "north": { "uv": [ 13.875, 12.25, 13.375, 12.375 ], "texture": "#texture" },
        "south": { "uv": [ 13.375, 12.25, 13.875, 12.375 ], "texture": "#texture" },
        "west":  { "uv": [ 13.375, 12.25, 13.4194, 12.375 ], "texture": "#texture" },
        "east":  { "uv": [ 13.875, 12.25, 13.8306, 12.375 ], "texture": "#texture" }
    }
},
{
    "__comment": "gk x128",
    "from": [ 13.5, 5.75, 7.5 ],
    "to": [ 13.75, 5.875, 7.7 ],
    "faces": {
        "down":  { "uv": [ 13.5, 10.25, 13.75, 10.2056 ], "texture": "#texture" },
        "up":    { "uv": [ 13.5, 10.125, 13.75, 10.1694 ], "texture": "#texture" },
        "north": { "uv": [ 13.75, 10.125, 13.5, 10.25 ], "texture": "#texture" },
        "south": { "uv": [ 13.5, 10.125, 13.75, 10.25 ], "texture": "#texture" },
        "west":  { "uv": [ 13.5, 10.125, 13.5444, 10.25 ], "texture": "#texture" },
        "east":  { "uv": [ 13.75, 10.125, 13.7056, 10.25 ], "texture": "#texture" }
    }
},
{
    "__comment": "gk x128",
    "from": [ 13.5, 3.75, 7.5 ],
    "to": [ 14, 3.875, 7.7 ],
    "faces": {
        "down":  { "uv": [ 13.5, 12.25, 14, 12.2056 ], "texture": "#texture" },
        "up":    { "uv": [ 13.5, 12.125, 14, 12.1694 ], "texture": "#texture" },
        "north": { "uv": [ 14, 12.125, 13.5, 12.25 ], "texture": "#texture" },
        "south": { "uv": [ 13.5, 12.125, 14, 12.25 ], "texture": "#texture" },
        "west":  { "uv": [ 13.5, 12.125, 13.5444, 12.25 ], "texture": "#texture" },
        "east":  { "uv": [ 14, 12.125, 13.9556, 12.25 ], "texture": "#texture" }
    }
},
{
    "__comment": "gk x128",
    "from": [ 14, 4.125, 7.5 ],
    "to": [ 14.125, 4.5, 7.7 ],
    "faces": {
        "down":  { "uv": [ 14, 11.875, 14.125, 11.8306 ], "texture": "#texture" },
        "up":    { "uv": [ 14, 11.5, 14.125, 11.5444 ], "texture": "#texture" },
        "north": { "uv": [ 14.125, 11.5, 14, 11.875 ], "texture": "#texture" },
        "south": { "uv": [ 14, 11.5, 14.125, 11.875 ], "texture": "#texture" },
        "west":  { "uv": [ 14, 11.5, 14.0444, 11.875 ], "texture": "#texture" },
        "east":  { "uv": [ 14.125, 11.5, 14.0806, 11.875 ], "texture": "#texture" }
    }
},
{
    "__comment": "gk x128",
    "from": [ 14.125, 4.25, 7.5 ],
    "to": [ 14.25, 4.375, 7.7 ],
    "faces": {
        "down":  { "uv": [ 14.125, 11.75, 14.25, 11.7056 ], "texture": "#texture" },
        "up":    { "uv": [ 14.125, 11.625, 14.25, 11.6694 ], "texture": "#texture" },
        "north": { "uv": [ 14.25, 11.625, 14.125, 11.75 ], "texture": "#texture" },
        "south": { "uv": [ 14.125, 11.625, 14.25, 11.75 ], "texture": "#texture" },
        "west":  { "uv": [ 14.125, 11.625, 14.1694, 11.75 ], "texture": "#texture" },
        "east":  { "uv": [ 14.25, 11.625, 14.2056, 11.75 ], "texture": "#texture" }
    }
},
{
    "__comment": "gk x128",
    "from": [ 14.25, 4.875, 7.5 ],
    "to": [ 14.375, 5, 7.7 ],
    "faces": {
        "down":  { "uv": [ 14.25, 11.125, 14.375, 11.0806 ], "texture": "#texture" },
        "up":    { "uv": [ 14.25, 11, 14.375, 11.0444 ], "texture": "#texture" },
        "north": { "uv": [ 14.375, 11, 14.25, 11.125 ], "texture": "#texture" },
        "south": { "uv": [ 14.25, 11, 14.375, 11.125 ], "texture": "#texture" },
        "west":  { "uv": [ 14.25, 11, 14.2944, 11.125 ], "texture": "#texture" },
        "east":  { "uv": [ 14.375, 11, 14.3306, 11.125 ], "texture": "#texture" }
    }
}
],
"display": {
    "thirdperson_righthand": {
        "rotation": [ 0, -90, -45 ],
        "translation": [ 0, 2.83, 0 ],
        "scale": [ 1, 1, 1 ]
    },
    "thirdperson_lefthand": {
        "rotation": [ 0, 90, 45 ],
        "translation": [ 0, 2.83, 0 ],
        "scale": [ 1, 1, 1 ]
    },
    "head": {
        "rotation": [ 0, 0, 0 ],
        "translation": [ 0, 0, 0 ],
        "scale": [ 1, 1, 1 ]
    },
    "ground": {
        "rotation": [ 0, 0, 0 ],
        "translation": [ 0, 0, 0 ],
        "scale": [ 1, 1, 1 ]
    },
    "fixed": {
        "rotation": [ 0, 180, 0 ],
        "translation": [ 0, 0, -1.32 ],
        "scale": [ 1, 1, 1 ]
    },
    "firstperson_righthand": {
        "rotation": [ 0, -99, -31 ],
        "translation": [ 0.57, 2.65, -1.51 ],
        "scale": [ 1, 1, 1 ]
    },
    "firstperson_lefthand": {
        "rotation": [ 0, 98, 34 ],
        "translation": [ 0.56, 2.65, -1.51 ],
        "scale": [ 1, 1, 1 ]
    },
    "gui": {
        "rotation": [ 0, 0, 0 ],
        "translation": [ 0, 0, 0 ],
        "scale": [ 1, 1, 1 ]
    }
}
}