{
"__comment": "Designed by Yoyomg43 with BDcraft Cubik PRO 0.96 Beta - http://bdcraft.net",
"textures": {
    "texture": "custom/knife1"
},
"elements": [ 
{
    "__comment": "Bubba-Blade-BB1-7P-7-Penetrator-Tactical-Survival-Knife x128",
    "from": [ 0.125, 9.25, 7.5 ],
    "to": [ 15.75, 9.375, 7.7 ],
    "faces": {
        "down":  { "uv": [ 0.125, 6.75, 15.75, 6.70556 ], "texture": "#texture" },
        "up":    { "uv": [ 0.125, 6.625, 15.75, 6.66944 ], "texture": "#texture" },
        "north": { "uv": [ 15.75, 6.625, 0.125, 6.75 ], "texture": "#texture" },
        "south": { "uv": [ 0.125, 6.625, 15.75, 6.75 ], "texture": "#texture" },
        "west":  { "uv": [ 0.125, 6.625, 0.169444, 6.75 ], "texture": "#texture" },
        "east":  { "uv": [ 15.75, 6.625, 15.7056, 6.75 ], "texture": "#texture" }
    }
},
{
    "__comment": "Bubba-Blade-BB1-7P-7-Penetrator-Tactical-Survival-Knife x128",
    "from": [ 0.25, 9.125, 7.5 ],
    "to": [ 15.125, 9.25, 7.7 ],
    "faces": {
        "down":  { "uv": [ 0.25, 6.875, 15.125, 6.83056 ], "texture": "#texture" },
        "up":    { "uv": [ 0.25, 6.75, 15.125, 6.79444 ], "texture": "#texture" },
        "north": { "uv": [ 15.125, 6.75, 0.25, 6.875 ], "texture": "#texture" },
        "south": { "uv": [ 0.25, 6.75, 15.125, 6.875 ], "texture": "#texture" },
        "west":  { "uv": [ 0.25, 6.75, 0.294444, 6.875 ], "texture": "#texture" },
        "east":  { "uv": [ 15.125, 6.75, 15.0806, 6.875 ], "texture": "#texture" }
    }
},
{
    "__comment": "Bubba-Blade-BB1-7P-7-Penetrator-Tactical-Survival-Knife x128",
    "from": [ 0.375, 9, 7.5 ],
    "to": [ 15.75, 9.125, 7.7 ],
    "faces": {
        "down":  { "uv": [ 0.375, 7, 15.75, 6.95556 ], "texture": "#texture" },
        "up":    { "uv": [ 0.375, 6.875, 15.75, 6.91944 ], "texture": "#texture" },
        "north": { "uv": [ 15.75, 6.875, 0.375, 7 ], "texture": "#texture" },
        "south": { "uv": [ 0.375, 6.875, 15.75, 7 ], "texture": "#texture" },
        "west":  { "uv": [ 0.375, 6.875, 0.419444, 7 ], "texture": "#texture" },
        "east":  { "uv": [ 15.75, 6.875, 15.7056, 7 ], "texture": "#texture" }
    }
},
{
    "__comment": "Bubba-Blade-BB1-7P-7-Penetrator-Tactical-Survival-Knife x128",
    "from": [ 0.5, 8.875, 7.5 ],
    "to": [ 15.75, 9, 7.7 ],
    "faces": {
        "down":  { "uv": [ 0.5, 7.125, 15.75, 7.08056 ], "texture": "#texture" },
        "up":    { "uv": [ 0.5, 7, 15.75, 7.04444 ], "texture": "#texture" },
        "north": { "uv": [ 15.75, 7, 0.5, 7.125 ], "texture": "#texture" },
        "south": { "uv": [ 0.5, 7, 15.75, 7.125 ], "texture": "#texture" },
        "west":  { "uv": [ 0.5, 7, 0.544444, 7.125 ], "texture": "#texture" },
        "east":  { "uv": [ 15.75, 7, 15.7056, 7.125 ], "texture": "#texture" }
    }
},
{
    "__comment": "Bubba-Blade-BB1-7P-7-Penetrator-Tactical-Survival-Knife x128",
    "from": [ 0.75, 8.75, 7.5 ],
    "to": [ 15.75, 8.875, 7.7 ],
    "faces": {
        "down":  { "uv": [ 0.75, 7.25, 15.75, 7.20556 ], "texture": "#texture" },
        "up":    { "uv": [ 0.75, 7.125, 15.75, 7.16944 ], "texture": "#texture" },
        "north": { "uv": [ 15.75, 7.125, 0.75, 7.25 ], "texture": "#texture" },
        "south": { "uv": [ 0.75, 7.125, 15.75, 7.25 ], "texture": "#texture" },
        "west":  { "uv": [ 0.75, 7.125, 0.794444, 7.25 ], "texture": "#texture" },
        "east":  { "uv": [ 15.75, 7.125, 15.7056, 7.25 ], "texture": "#texture" }
    }
},
{
    "__comment": "Bubba-Blade-BB1-7P-7-Penetrator-Tactical-Survival-Knife x128",
    "from": [ 1, 8.625, 7.5 ],
    "to": [ 15.875, 8.75, 7.7 ],
    "faces": {
        "down":  { "uv": [ 1, 7.375, 15.875, 7.33056 ], "texture": "#texture" },
        "up":    { "uv": [ 1, 7.25, 15.875, 7.29444 ], "texture": "#texture" },
        "north": { "uv": [ 15.875, 7.25, 1, 7.375 ], "texture": "#texture" },
        "south": { "uv": [ 1, 7.25, 15.875, 7.375 ], "texture": "#texture" },
        "west":  { "uv": [ 1, 7.25, 1.04444, 7.375 ], "texture": "#texture" },
        "east":  { "uv": [ 15.875, 7.25, 15.8306, 7.375 ], "texture": "#texture" }
    }
},
{
    "__comment": "Bubba-Blade-BB1-7P-7-Penetrator-Tactical-Survival-Knife x128",
    "from": [ 1.25, 9.375, 7.5 ],
    "to": [ 15.75, 9.5, 7.7 ],
    "faces": {
        "down":  { "uv": [ 1.25, 6.625, 15.75, 6.58056 ], "texture": "#texture" },
        "up":    { "uv": [ 1.25, 6.5, 15.75, 6.54444 ], "texture": "#texture" },
        "north": { "uv": [ 15.75, 6.5, 1.25, 6.625 ], "texture": "#texture" },
        "south": { "uv": [ 1.25, 6.5, 15.75, 6.625 ], "texture": "#texture" },
        "west":  { "uv": [ 1.25, 6.5, 1.29444, 6.625 ], "texture": "#texture" },
        "east":  { "uv": [ 15.75, 6.5, 15.7056, 6.625 ], "texture": "#texture" }
    }
},
{
    "__comment": "Bubba-Blade-BB1-7P-7-Penetrator-Tactical-Survival-Knife x128",
    "from": [ 1.25, 8.5, 7.5 ],
    "to": [ 15.875, 8.625, 7.7 ],
    "faces": {
        "down":  { "uv": [ 1.25, 7.5, 15.875, 7.45556 ], "texture": "#texture" },
        "up":    { "uv": [ 1.25, 7.375, 15.875, 7.41944 ], "texture": "#texture" },
        "north": { "uv": [ 15.875, 7.375, 1.25, 7.5 ], "texture": "#texture" },
        "south": { "uv": [ 1.25, 7.375, 15.875, 7.5 ], "texture": "#texture" },
        "west":  { "uv": [ 1.25, 7.375, 1.29444, 7.5 ], "texture": "#texture" },
        "east":  { "uv": [ 15.875, 7.375, 15.8306, 7.5 ], "texture": "#texture" }
    }
},
{
    "__comment": "Bubba-Blade-BB1-7P-7-Penetrator-Tactical-Survival-Knife x128",
    "from": [ 1.625, 8.375, 7.5 ],
    "to": [ 15.875, 8.5, 7.7 ],
    "faces": {
        "down":  { "uv": [ 1.625, 7.625, 15.875, 7.58056 ], "texture": "#texture" },
        "up":    { "uv": [ 1.625, 7.5, 15.875, 7.54444 ], "texture": "#texture" },
        "north": { "uv": [ 15.875, 7.5, 1.625, 7.625 ], "texture": "#texture" },
        "south": { "uv": [ 1.625, 7.5, 15.875, 7.625 ], "texture": "#texture" },
        "west":  { "uv": [ 1.625, 7.5, 1.66944, 7.625 ], "texture": "#texture" },
        "east":  { "uv": [ 15.875, 7.5, 15.8306, 7.625 ], "texture": "#texture" }
    }
},
{
    "__comment": "Bubba-Blade-BB1-7P-7-Penetrator-Tactical-Survival-Knife x128",
    "from": [ 2, 9.5, 7.5 ],
    "to": [ 15.625, 9.625, 7.7 ],
    "faces": {
        "down":  { "uv": [ 2, 6.5, 15.625, 6.45556 ], "texture": "#texture" },
        "up":    { "uv": [ 2, 6.375, 15.625, 6.41944 ], "texture": "#texture" },
        "north": { "uv": [ 15.625, 6.375, 2, 6.5 ], "texture": "#texture" },
        "south": { "uv": [ 2, 6.375, 15.625, 6.5 ], "texture": "#texture" },
        "west":  { "uv": [ 2, 6.375, 2.04444, 6.5 ], "texture": "#texture" },
        "east":  { "uv": [ 15.625, 6.375, 15.5806, 6.5 ], "texture": "#texture" }
    }
},
{
    "__comment": "Bubba-Blade-BB1-7P-7-Penetrator-Tactical-Survival-Knife x128",
    "from": [ 2, 8.25, 7.5 ],
    "to": [ 6.5, 8.375, 7.7 ],
    "faces": {
        "down":  { "uv": [ 2, 7.75, 6.5, 7.70556 ], "texture": "#texture" },
        "up":    { "uv": [ 2, 7.625, 6.5, 7.66944 ], "texture": "#texture" },
        "north": { "uv": [ 6.5, 7.625, 2, 7.75 ], "texture": "#texture" },
        "south": { "uv": [ 2, 7.625, 6.5, 7.75 ], "texture": "#texture" },
        "west":  { "uv": [ 2, 7.625, 2.04444, 7.75 ], "texture": "#texture" },
        "east":  { "uv": [ 6.5, 7.625, 6.45556, 7.75 ], "texture": "#texture" }
    }
},
{
    "__comment": "Bubba-Blade-BB1-7P-7-Penetrator-Tactical-Survival-Knife x128",
    "from": [ 2.5, 9.625, 7.5 ],
    "to": [ 5.625, 9.75, 7.7 ],
    "faces": {
        "down":  { "uv": [ 2.5, 6.375, 5.625, 6.33056 ], "texture": "#texture" },
        "up":    { "uv": [ 2.5, 6.25, 5.625, 6.29444 ], "texture": "#texture" },
        "north": { "uv": [ 5.625, 6.25, 2.5, 6.375 ], "texture": "#texture" },
        "south": { "uv": [ 2.5, 6.25, 5.625, 6.375 ], "texture": "#texture" },
        "west":  { "uv": [ 2.5, 6.25, 2.54444, 6.375 ], "texture": "#texture" },
        "east":  { "uv": [ 5.625, 6.25, 5.58056, 6.375 ], "texture": "#texture" }
    }
},
{
    "__comment": "Bubba-Blade-BB1-7P-7-Penetrator-Tactical-Survival-Knife x128",
    "from": [ 3, 9.75, 7.5 ],
    "to": [ 5.625, 9.875, 7.7 ],
    "faces": {
        "down":  { "uv": [ 3, 6.25, 5.625, 6.20556 ], "texture": "#texture" },
        "up":    { "uv": [ 3, 6.125, 5.625, 6.16944 ], "texture": "#texture" },
        "north": { "uv": [ 5.625, 6.125, 3, 6.25 ], "texture": "#texture" },
        "south": { "uv": [ 3, 6.125, 5.625, 6.25 ], "texture": "#texture" },
        "west":  { "uv": [ 3, 6.125, 3.04444, 6.25 ], "texture": "#texture" },
        "east":  { "uv": [ 5.625, 6.125, 5.58056, 6.25 ], "texture": "#texture" }
    }
},
{
    "__comment": "Bubba-Blade-BB1-7P-7-Penetrator-Tactical-Survival-Knife x128",
    "from": [ 3, 8.125, 7.5 ],
    "to": [ 3.25, 8.25, 7.7 ],
    "faces": {
        "down":  { "uv": [ 3, 7.875, 3.25, 7.83056 ], "texture": "#texture" },
        "up":    { "uv": [ 3, 7.75, 3.25, 7.79444 ], "texture": "#texture" },
        "north": { "uv": [ 3.25, 7.75, 3, 7.875 ], "texture": "#texture" },
        "south": { "uv": [ 3, 7.75, 3.25, 7.875 ], "texture": "#texture" },
        "west":  { "uv": [ 3, 7.75, 3.04444, 7.875 ], "texture": "#texture" },
        "east":  { "uv": [ 3.25, 7.75, 3.20556, 7.875 ], "texture": "#texture" }
    }
},
{
    "__comment": "Bubba-Blade-BB1-7P-7-Penetrator-Tactical-Survival-Knife x128",
    "from": [ 3.5, 9.875, 7.5 ],
    "to": [ 4.375, 10, 7.7 ],
    "faces": {
        "down":  { "uv": [ 3.5, 6.125, 4.375, 6.08056 ], "texture": "#texture" },
        "up":    { "uv": [ 3.5, 6, 4.375, 6.04444 ], "texture": "#texture" },
        "north": { "uv": [ 4.375, 6, 3.5, 6.125 ], "texture": "#texture" },
        "south": { "uv": [ 3.5, 6, 4.375, 6.125 ], "texture": "#texture" },
        "west":  { "uv": [ 3.5, 6, 3.54444, 6.125 ], "texture": "#texture" },
        "east":  { "uv": [ 4.375, 6, 4.33056, 6.125 ], "texture": "#texture" }
    }
},
{
    "__comment": "Bubba-Blade-BB1-7P-7-Penetrator-Tactical-Survival-Knife x128",
    "from": [ 3.625, 8.125, 7.5 ],
    "to": [ 3.75, 8.25, 7.7 ],
    "faces": {
        "down":  { "uv": [ 3.625, 7.875, 3.75, 7.83056 ], "texture": "#texture" },
        "up":    { "uv": [ 3.625, 7.75, 3.75, 7.79444 ], "texture": "#texture" },
        "north": { "uv": [ 3.75, 7.75, 3.625, 7.875 ], "texture": "#texture" },
        "south": { "uv": [ 3.625, 7.75, 3.75, 7.875 ], "texture": "#texture" },
        "west":  { "uv": [ 3.625, 7.75, 3.66944, 7.875 ], "texture": "#texture" },
        "east":  { "uv": [ 3.75, 7.75, 3.70556, 7.875 ], "texture": "#texture" }
    }
},
{
    "__comment": "Bubba-Blade-BB1-7P-7-Penetrator-Tactical-Survival-Knife x128",
    "from": [ 4.125, 8.125, 7.5 ],
    "to": [ 5.25, 8.25, 7.7 ],
    "faces": {
        "down":  { "uv": [ 4.125, 7.875, 5.25, 7.83056 ], "texture": "#texture" },
        "up":    { "uv": [ 4.125, 7.75, 5.25, 7.79444 ], "texture": "#texture" },
        "north": { "uv": [ 5.25, 7.75, 4.125, 7.875 ], "texture": "#texture" },
        "south": { "uv": [ 4.125, 7.75, 5.25, 7.875 ], "texture": "#texture" },
        "west":  { "uv": [ 4.125, 7.75, 4.16944, 7.875 ], "texture": "#texture" },
        "east":  { "uv": [ 5.25, 7.75, 5.20556, 7.875 ], "texture": "#texture" }
    }
},
{
    "__comment": "Bubba-Blade-BB1-7P-7-Penetrator-Tactical-Survival-Knife x128",
    "from": [ 4.5, 9.875, 7.5 ],
    "to": [ 4.875, 10, 7.7 ],
    "faces": {
        "down":  { "uv": [ 4.5, 6.125, 4.875, 6.08056 ], "texture": "#texture" },
        "up":    { "uv": [ 4.5, 6, 4.875, 6.04444 ], "texture": "#texture" },
        "north": { "uv": [ 4.875, 6, 4.5, 6.125 ], "texture": "#texture" },
        "south": { "uv": [ 4.5, 6, 4.875, 6.125 ], "texture": "#texture" },
        "west":  { "uv": [ 4.5, 6, 4.54444, 6.125 ], "texture": "#texture" },
        "east":  { "uv": [ 4.875, 6, 4.83056, 6.125 ], "texture": "#texture" }
    }
},
{
    "__comment": "Bubba-Blade-BB1-7P-7-Penetrator-Tactical-Survival-Knife x128",
    "from": [ 5, 9.875, 7.5 ],
    "to": [ 5.25, 10, 7.7 ],
    "faces": {
        "down":  { "uv": [ 5, 6.125, 5.25, 6.08056 ], "texture": "#texture" },
        "up":    { "uv": [ 5, 6, 5.25, 6.04444 ], "texture": "#texture" },
        "north": { "uv": [ 5.25, 6, 5, 6.125 ], "texture": "#texture" },
        "south": { "uv": [ 5, 6, 5.25, 6.125 ], "texture": "#texture" },
        "west":  { "uv": [ 5, 6, 5.04444, 6.125 ], "texture": "#texture" },
        "east":  { "uv": [ 5.25, 6, 5.20556, 6.125 ], "texture": "#texture" }
    }
},
{
    "__comment": "Bubba-Blade-BB1-7P-7-Penetrator-Tactical-Survival-Knife x128",
    "from": [ 5.375, 9.875, 7.5 ],
    "to": [ 5.75, 10, 7.7 ],
    "faces": {
        "down":  { "uv": [ 5.375, 6.125, 5.75, 6.08056 ], "texture": "#texture" },
        "up":    { "uv": [ 5.375, 6, 5.75, 6.04444 ], "texture": "#texture" },
        "north": { "uv": [ 5.75, 6, 5.375, 6.125 ], "texture": "#texture" },
        "south": { "uv": [ 5.375, 6, 5.75, 6.125 ], "texture": "#texture" },
        "west":  { "uv": [ 5.375, 6, 5.41944, 6.125 ], "texture": "#texture" },
        "east":  { "uv": [ 5.75, 6, 5.70556, 6.125 ], "texture": "#texture" }
    }
},
{
    "__comment": "Bubba-Blade-BB1-7P-7-Penetrator-Tactical-Survival-Knife x128",
    "from": [ 5.75, 9.625, 7.5 ],
    "to": [ 6.125, 9.875, 7.7 ],
    "faces": {
        "down":  { "uv": [ 5.75, 6.375, 6.125, 6.33056 ], "texture": "#texture" },
        "up":    { "uv": [ 5.75, 6.125, 6.125, 6.16944 ], "texture": "#texture" },
        "north": { "uv": [ 6.125, 6.125, 5.75, 6.375 ], "texture": "#texture" },
        "south": { "uv": [ 5.75, 6.125, 6.125, 6.375 ], "texture": "#texture" },
        "west":  { "uv": [ 5.75, 6.125, 5.79444, 6.375 ], "texture": "#texture" },
        "east":  { "uv": [ 6.125, 6.125, 6.08056, 6.375 ], "texture": "#texture" }
    }
},
{
    "__comment": "Bubba-Blade-BB1-7P-7-Penetrator-Tactical-Survival-Knife x128",
    "from": [ 5.875, 9.875, 7.5 ],
    "to": [ 6.625, 10, 7.7 ],
    "faces": {
        "down":  { "uv": [ 5.875, 6.125, 6.625, 6.08056 ], "texture": "#texture" },
        "up":    { "uv": [ 5.875, 6, 6.625, 6.04444 ], "texture": "#texture" },
        "north": { "uv": [ 6.625, 6, 5.875, 6.125 ], "texture": "#texture" },
        "south": { "uv": [ 5.875, 6, 6.625, 6.125 ], "texture": "#texture" },
        "west":  { "uv": [ 5.875, 6, 5.91944, 6.125 ], "texture": "#texture" },
        "east":  { "uv": [ 6.625, 6, 6.58056, 6.125 ], "texture": "#texture" }
    }
},
{
    "__comment": "Bubba-Blade-BB1-7P-7-Penetrator-Tactical-Survival-Knife x128",
    "from": [ 6.125, 9.625, 7.5 ],
    "to": [ 6.5, 9.75, 7.7 ],
    "faces": {
        "down":  { "uv": [ 6.125, 6.375, 6.5, 6.33056 ], "texture": "#texture" },
        "up":    { "uv": [ 6.125, 6.25, 6.5, 6.29444 ], "texture": "#texture" },
        "north": { "uv": [ 6.5, 6.25, 6.125, 6.375 ], "texture": "#texture" },
        "south": { "uv": [ 6.125, 6.25, 6.5, 6.375 ], "texture": "#texture" },
        "west":  { "uv": [ 6.125, 6.25, 6.16944, 6.375 ], "texture": "#texture" },
        "east":  { "uv": [ 6.5, 6.25, 6.45556, 6.375 ], "texture": "#texture" }
    }
},
{
    "__comment": "Bubba-Blade-BB1-7P-7-Penetrator-Tactical-Survival-Knife x128",
    "from": [ 6.25, 9.75, 7.5 ],
    "to": [ 7, 9.875, 7.7 ],
    "faces": {
        "down":  { "uv": [ 6.25, 6.25, 7, 6.20556 ], "texture": "#texture" },
        "up":    { "uv": [ 6.25, 6.125, 7, 6.16944 ], "texture": "#texture" },
        "north": { "uv": [ 7, 6.125, 6.25, 6.25 ], "texture": "#texture" },
        "south": { "uv": [ 6.25, 6.125, 7, 6.25 ], "texture": "#texture" },
        "west":  { "uv": [ 6.25, 6.125, 6.29444, 6.25 ], "texture": "#texture" },
        "east":  { "uv": [ 7, 6.125, 6.95556, 6.25 ], "texture": "#texture" }
    }
},
{
    "__comment": "Bubba-Blade-BB1-7P-7-Penetrator-Tactical-Survival-Knife x128",
    "from": [ 6.25, 8.125, 7.5 ],
    "to": [ 6.5, 8.25, 7.7 ],
    "faces": {
        "down":  { "uv": [ 6.25, 7.875, 6.5, 7.83056 ], "texture": "#texture" },
        "up":    { "uv": [ 6.25, 7.75, 6.5, 7.79444 ], "texture": "#texture" },
        "north": { "uv": [ 6.5, 7.75, 6.25, 7.875 ], "texture": "#texture" },
        "south": { "uv": [ 6.25, 7.75, 6.5, 7.875 ], "texture": "#texture" },
        "west":  { "uv": [ 6.25, 7.75, 6.29444, 7.875 ], "texture": "#texture" },
        "east":  { "uv": [ 6.5, 7.75, 6.45556, 7.875 ], "texture": "#texture" }
    }
},
{
    "__comment": "Bubba-Blade-BB1-7P-7-Penetrator-Tactical-Survival-Knife x128",
    "from": [ 6.625, 9.625, 7.5 ],
    "to": [ 7.875, 9.75, 7.7 ],
    "faces": {
        "down":  { "uv": [ 6.625, 6.375, 7.875, 6.33056 ], "texture": "#texture" },
        "up":    { "uv": [ 6.625, 6.25, 7.875, 6.29444 ], "texture": "#texture" },
        "north": { "uv": [ 7.875, 6.25, 6.625, 6.375 ], "texture": "#texture" },
        "south": { "uv": [ 6.625, 6.25, 7.875, 6.375 ], "texture": "#texture" },
        "west":  { "uv": [ 6.625, 6.25, 6.66944, 6.375 ], "texture": "#texture" },
        "east":  { "uv": [ 7.875, 6.25, 7.83056, 6.375 ], "texture": "#texture" }
    }
},
{
    "__comment": "Bubba-Blade-BB1-7P-7-Penetrator-Tactical-Survival-Knife x128",
    "from": [ 6.625, 8.125, 7.5 ],
    "to": [ 6.875, 8.375, 7.7 ],
    "faces": {
        "down":  { "uv": [ 6.625, 7.875, 6.875, 7.83056 ], "texture": "#texture" },
        "up":    { "uv": [ 6.625, 7.625, 6.875, 7.66944 ], "texture": "#texture" },
        "north": { "uv": [ 6.875, 7.625, 6.625, 7.875 ], "texture": "#texture" },
        "south": { "uv": [ 6.625, 7.625, 6.875, 7.875 ], "texture": "#texture" },
        "west":  { "uv": [ 6.625, 7.625, 6.66944, 7.875 ], "texture": "#texture" },
        "east":  { "uv": [ 6.875, 7.625, 6.83056, 7.875 ], "texture": "#texture" }
    }
},
{
    "__comment": "Bubba-Blade-BB1-7P-7-Penetrator-Tactical-Survival-Knife x128",
    "from": [ 6.75, 9.875, 7.5 ],
    "to": [ 7.125, 10, 7.7 ],
    "faces": {
        "down":  { "uv": [ 6.75, 6.125, 7.125, 6.08056 ], "texture": "#texture" },
        "up":    { "uv": [ 6.75, 6, 7.125, 6.04444 ], "texture": "#texture" },
        "north": { "uv": [ 7.125, 6, 6.75, 6.125 ], "texture": "#texture" },
        "south": { "uv": [ 6.75, 6, 7.125, 6.125 ], "texture": "#texture" },
        "west":  { "uv": [ 6.75, 6, 6.79444, 6.125 ], "texture": "#texture" },
        "east":  { "uv": [ 7.125, 6, 7.08056, 6.125 ], "texture": "#texture" }
    }
},
{
    "__comment": "Bubba-Blade-BB1-7P-7-Penetrator-Tactical-Survival-Knife x128",
    "from": [ 6.875, 8.25, 7.5 ],
    "to": [ 7, 8.375, 7.7 ],
    "faces": {
        "down":  { "uv": [ 6.875, 7.75, 7, 7.70556 ], "texture": "#texture" },
        "up":    { "uv": [ 6.875, 7.625, 7, 7.66944 ], "texture": "#texture" },
        "north": { "uv": [ 7, 7.625, 6.875, 7.75 ], "texture": "#texture" },
        "south": { "uv": [ 6.875, 7.625, 7, 7.75 ], "texture": "#texture" },
        "west":  { "uv": [ 6.875, 7.625, 6.91944, 7.75 ], "texture": "#texture" },
        "east":  { "uv": [ 7, 7.625, 6.95556, 7.75 ], "texture": "#texture" }
    }
},
{
    "__comment": "Bubba-Blade-BB1-7P-7-Penetrator-Tactical-Survival-Knife x128",
    "from": [ 7.125, 9.75, 7.5 ],
    "to": [ 7.5, 9.875, 7.7 ],
    "faces": {
        "down":  { "uv": [ 7.125, 6.25, 7.5, 6.20556 ], "texture": "#texture" },
        "up":    { "uv": [ 7.125, 6.125, 7.5, 6.16944 ], "texture": "#texture" },
        "north": { "uv": [ 7.5, 6.125, 7.125, 6.25 ], "texture": "#texture" },
        "south": { "uv": [ 7.125, 6.125, 7.5, 6.25 ], "texture": "#texture" },
        "west":  { "uv": [ 7.125, 6.125, 7.16944, 6.25 ], "texture": "#texture" },
        "east":  { "uv": [ 7.5, 6.125, 7.45556, 6.25 ], "texture": "#texture" }
    }
},
{
    "__comment": "Bubba-Blade-BB1-7P-7-Penetrator-Tactical-Survival-Knife x128",
    "from": [ 7.125, 8.125, 7.5 ],
    "to": [ 8.25, 8.375, 7.7 ],
    "faces": {
        "down":  { "uv": [ 7.125, 7.875, 8.25, 7.83056 ], "texture": "#texture" },
        "up":    { "uv": [ 7.125, 7.625, 8.25, 7.66944 ], "texture": "#texture" },
        "north": { "uv": [ 8.25, 7.625, 7.125, 7.875 ], "texture": "#texture" },
        "south": { "uv": [ 7.125, 7.625, 8.25, 7.875 ], "texture": "#texture" },
        "west":  { "uv": [ 7.125, 7.625, 7.16944, 7.875 ], "texture": "#texture" },
        "east":  { "uv": [ 8.25, 7.625, 8.20556, 7.875 ], "texture": "#texture" }
    }
},
{
    "__comment": "Bubba-Blade-BB1-7P-7-Penetrator-Tactical-Survival-Knife x128",
    "from": [ 7.25, 9.875, 7.5 ],
    "to": [ 7.5, 10, 7.7 ],
    "faces": {
        "down":  { "uv": [ 7.25, 6.125, 7.5, 6.08056 ], "texture": "#texture" },
        "up":    { "uv": [ 7.25, 6, 7.5, 6.04444 ], "texture": "#texture" },
        "north": { "uv": [ 7.5, 6, 7.25, 6.125 ], "texture": "#texture" },
        "south": { "uv": [ 7.25, 6, 7.5, 6.125 ], "texture": "#texture" },
        "west":  { "uv": [ 7.25, 6, 7.29444, 6.125 ], "texture": "#texture" },
        "east":  { "uv": [ 7.5, 6, 7.45556, 6.125 ], "texture": "#texture" }
    }
},
{
    "__comment": "Bubba-Blade-BB1-7P-7-Penetrator-Tactical-Survival-Knife x128",
    "from": [ 7.625, 9.75, 7.5 ],
    "to": [ 7.875, 10, 7.7 ],
    "faces": {
        "down":  { "uv": [ 7.625, 6.25, 7.875, 6.20556 ], "texture": "#texture" },
        "up":    { "uv": [ 7.625, 6, 7.875, 6.04444 ], "texture": "#texture" },
        "north": { "uv": [ 7.875, 6, 7.625, 6.25 ], "texture": "#texture" },
        "south": { "uv": [ 7.625, 6, 7.875, 6.25 ], "texture": "#texture" },
        "west":  { "uv": [ 7.625, 6, 7.66944, 6.25 ], "texture": "#texture" },
        "east":  { "uv": [ 7.875, 6, 7.83056, 6.25 ], "texture": "#texture" }
    }
},
{
    "__comment": "Bubba-Blade-BB1-7P-7-Penetrator-Tactical-Survival-Knife x128",
    "from": [ 7.875, 9.875, 7.5 ],
    "to": [ 9.625, 10, 7.7 ],
    "faces": {
        "down":  { "uv": [ 7.875, 6.125, 9.625, 6.08056 ], "texture": "#texture" },
        "up":    { "uv": [ 7.875, 6, 9.625, 6.04444 ], "texture": "#texture" },
        "north": { "uv": [ 9.625, 6, 7.875, 6.125 ], "texture": "#texture" },
        "south": { "uv": [ 7.875, 6, 9.625, 6.125 ], "texture": "#texture" },
        "west":  { "uv": [ 7.875, 6, 7.91944, 6.125 ], "texture": "#texture" },
        "east":  { "uv": [ 9.625, 6, 9.58056, 6.125 ], "texture": "#texture" }
    }
},
{
    "__comment": "Bubba-Blade-BB1-7P-7-Penetrator-Tactical-Survival-Knife x128",
    "from": [ 8, 9.625, 7.5 ],
    "to": [ 10, 9.875, 7.7 ],
    "faces": {
        "down":  { "uv": [ 8, 6.375, 10, 6.33056 ], "texture": "#texture" },
        "up":    { "uv": [ 8, 6.125, 10, 6.16944 ], "texture": "#texture" },
        "north": { "uv": [ 10, 6.125, 8, 6.375 ], "texture": "#texture" },
        "south": { "uv": [ 8, 6.125, 10, 6.375 ], "texture": "#texture" },
        "west":  { "uv": [ 8, 6.125, 8.04444, 6.375 ], "texture": "#texture" },
        "east":  { "uv": [ 10, 6.125, 9.95556, 6.375 ], "texture": "#texture" }
    }
},
{
    "__comment": "Bubba-Blade-BB1-7P-7-Penetrator-Tactical-Survival-Knife x128",
    "from": [ 8.25, 8.25, 7.5 ],
    "to": [ 9.625, 8.375, 7.7 ],
    "faces": {
        "down":  { "uv": [ 8.25, 7.75, 9.625, 7.70556 ], "texture": "#texture" },
        "up":    { "uv": [ 8.25, 7.625, 9.625, 7.66944 ], "texture": "#texture" },
        "north": { "uv": [ 9.625, 7.625, 8.25, 7.75 ], "texture": "#texture" },
        "south": { "uv": [ 8.25, 7.625, 9.625, 7.75 ], "texture": "#texture" },
        "west":  { "uv": [ 8.25, 7.625, 8.29444, 7.75 ], "texture": "#texture" },
        "east":  { "uv": [ 9.625, 7.625, 9.58056, 7.75 ], "texture": "#texture" }
    }
},
{
    "__comment": "Bubba-Blade-BB1-7P-7-Penetrator-Tactical-Survival-Knife x128",
    "from": [ 8.375, 10, 7.5 ],
    "to": [ 9, 10.5, 7.7 ],
    "faces": {
        "down":  { "uv": [ 8.375, 6, 9, 5.95556 ], "texture": "#texture" },
        "up":    { "uv": [ 8.375, 5.5, 9, 5.54444 ], "texture": "#texture" },
        "north": { "uv": [ 9, 5.5, 8.375, 6 ], "texture": "#texture" },
        "south": { "uv": [ 8.375, 5.5, 9, 6 ], "texture": "#texture" },
        "west":  { "uv": [ 8.375, 5.5, 8.41944, 6 ], "texture": "#texture" },
        "east":  { "uv": [ 9, 5.5, 8.95556, 6 ], "texture": "#texture" }
    }
},
{
    "__comment": "Bubba-Blade-BB1-7P-7-Penetrator-Tactical-Survival-Knife x128",
    "from": [ 8.875, 7.875, 7.5 ],
    "to": [ 9.375, 8.25, 7.7 ],
    "faces": {
        "down":  { "uv": [ 8.875, 8.125, 9.375, 8.08056 ], "texture": "#texture" },
        "up":    { "uv": [ 8.875, 7.75, 9.375, 7.79444 ], "texture": "#texture" },
        "north": { "uv": [ 9.375, 7.75, 8.875, 8.125 ], "texture": "#texture" },
        "south": { "uv": [ 8.875, 7.75, 9.375, 8.125 ], "texture": "#texture" },
        "west":  { "uv": [ 8.875, 7.75, 8.91944, 8.125 ], "texture": "#texture" },
        "east":  { "uv": [ 9.375, 7.75, 9.33056, 8.125 ], "texture": "#texture" }
    }
},
{
    "__comment": "Bubba-Blade-BB1-7P-7-Penetrator-Tactical-Survival-Knife x128",
    "from": [ 9, 10, 7.5 ],
    "to": [ 9.25, 10.25, 7.7 ],
    "faces": {
        "down":  { "uv": [ 9, 6, 9.25, 5.95556 ], "texture": "#texture" },
        "up":    { "uv": [ 9, 5.75, 9.25, 5.79444 ], "texture": "#texture" },
        "north": { "uv": [ 9.25, 5.75, 9, 6 ], "texture": "#texture" },
        "south": { "uv": [ 9, 5.75, 9.25, 6 ], "texture": "#texture" },
        "west":  { "uv": [ 9, 5.75, 9.04444, 6 ], "texture": "#texture" },
        "east":  { "uv": [ 9.25, 5.75, 9.20556, 6 ], "texture": "#texture" }
    }
},
{
    "__comment": "Bubba-Blade-BB1-7P-7-Penetrator-Tactical-Survival-Knife x128",
    "from": [ 9, 7.625, 7.5 ],
    "to": [ 9.375, 7.875, 7.7 ],
    "faces": {
        "down":  { "uv": [ 9, 8.375, 9.375, 8.33056 ], "texture": "#texture" },
        "up":    { "uv": [ 9, 8.125, 9.375, 8.16944 ], "texture": "#texture" },
        "north": { "uv": [ 9.375, 8.125, 9, 8.375 ], "texture": "#texture" },
        "south": { "uv": [ 9, 8.125, 9.375, 8.375 ], "texture": "#texture" },
        "west":  { "uv": [ 9, 8.125, 9.04444, 8.375 ], "texture": "#texture" },
        "east":  { "uv": [ 9.375, 8.125, 9.33056, 8.375 ], "texture": "#texture" }
    }
},
{
    "__comment": "Bubba-Blade-BB1-7P-7-Penetrator-Tactical-Survival-Knife x128",
    "from": [ 9.125, 7.5, 7.5 ],
    "to": [ 9.25, 7.625, 7.7 ],
    "faces": {
        "down":  { "uv": [ 9.125, 8.5, 9.25, 8.45556 ], "texture": "#texture" },
        "up":    { "uv": [ 9.125, 8.375, 9.25, 8.41944 ], "texture": "#texture" },
        "north": { "uv": [ 9.25, 8.375, 9.125, 8.5 ], "texture": "#texture" },
        "south": { "uv": [ 9.125, 8.375, 9.25, 8.5 ], "texture": "#texture" },
        "west":  { "uv": [ 9.125, 8.375, 9.16944, 8.5 ], "texture": "#texture" },
        "east":  { "uv": [ 9.25, 8.375, 9.20556, 8.5 ], "texture": "#texture" }
    }
},
{
    "__comment": "Bubba-Blade-BB1-7P-7-Penetrator-Tactical-Survival-Knife x128",
    "from": [ 9.25, 10, 7.5 ],
    "to": [ 9.375, 10.125, 7.7 ],
    "faces": {
        "down":  { "uv": [ 9.25, 6, 9.375, 5.95556 ], "texture": "#texture" },
        "up":    { "uv": [ 9.25, 5.875, 9.375, 5.91944 ], "texture": "#texture" },
        "north": { "uv": [ 9.375, 5.875, 9.25, 6 ], "texture": "#texture" },
        "south": { "uv": [ 9.25, 5.875, 9.375, 6 ], "texture": "#texture" },
        "west":  { "uv": [ 9.25, 5.875, 9.29444, 6 ], "texture": "#texture" },
        "east":  { "uv": [ 9.375, 5.875, 9.33056, 6 ], "texture": "#texture" }
    }
},
{
    "__comment": "Bubba-Blade-BB1-7P-7-Penetrator-Tactical-Survival-Knife x128",
    "from": [ 9.375, 8.125, 7.5 ],
    "to": [ 9.5, 8.25, 7.7 ],
    "faces": {
        "down":  { "uv": [ 9.375, 7.875, 9.5, 7.83056 ], "texture": "#texture" },
        "up":    { "uv": [ 9.375, 7.75, 9.5, 7.79444 ], "texture": "#texture" },
        "north": { "uv": [ 9.5, 7.75, 9.375, 7.875 ], "texture": "#texture" },
        "south": { "uv": [ 9.375, 7.75, 9.5, 7.875 ], "texture": "#texture" },
        "west":  { "uv": [ 9.375, 7.75, 9.41944, 7.875 ], "texture": "#texture" },
        "east":  { "uv": [ 9.5, 7.75, 9.45556, 7.875 ], "texture": "#texture" }
    }
},
{
    "__comment": "Bubba-Blade-BB1-7P-7-Penetrator-Tactical-Survival-Knife x128",
    "from": [ 10, 9.625, 7.5 ],
    "to": [ 15.625, 9.75, 7.7 ],
    "faces": {
        "down":  { "uv": [ 10, 6.375, 15.625, 6.33056 ], "texture": "#texture" },
        "up":    { "uv": [ 10, 6.25, 15.625, 6.29444 ], "texture": "#texture" },
        "north": { "uv": [ 15.625, 6.25, 10, 6.375 ], "texture": "#texture" },
        "south": { "uv": [ 10, 6.25, 15.625, 6.375 ], "texture": "#texture" },
        "west":  { "uv": [ 10, 6.25, 10.0444, 6.375 ], "texture": "#texture" },
        "east":  { "uv": [ 15.625, 6.25, 15.5806, 6.375 ], "texture": "#texture" }
    }
},
{
    "__comment": "Bubba-Blade-BB1-7P-7-Penetrator-Tactical-Survival-Knife x128",
    "from": [ 10, 8.25, 7.5 ],
    "to": [ 10.625, 8.375, 7.7 ],
    "faces": {
        "down":  { "uv": [ 10, 7.75, 10.625, 7.70556 ], "texture": "#texture" },
        "up":    { "uv": [ 10, 7.625, 10.625, 7.66944 ], "texture": "#texture" },
        "north": { "uv": [ 10.625, 7.625, 10, 7.75 ], "texture": "#texture" },
        "south": { "uv": [ 10, 7.625, 10.625, 7.75 ], "texture": "#texture" },
        "west":  { "uv": [ 10, 7.625, 10.0444, 7.75 ], "texture": "#texture" },
        "east":  { "uv": [ 10.625, 7.625, 10.5806, 7.75 ], "texture": "#texture" }
    }
},
{
    "__comment": "Bubba-Blade-BB1-7P-7-Penetrator-Tactical-Survival-Knife x128",
    "from": [ 10.125, 8.125, 7.5 ],
    "to": [ 10.625, 8.25, 7.7 ],
    "faces": {
        "down":  { "uv": [ 10.125, 7.875, 10.625, 7.83056 ], "texture": "#texture" },
        "up":    { "uv": [ 10.125, 7.75, 10.625, 7.79444 ], "texture": "#texture" },
        "north": { "uv": [ 10.625, 7.75, 10.125, 7.875 ], "texture": "#texture" },
        "south": { "uv": [ 10.125, 7.75, 10.625, 7.875 ], "texture": "#texture" },
        "west":  { "uv": [ 10.125, 7.75, 10.1694, 7.875 ], "texture": "#texture" },
        "east":  { "uv": [ 10.625, 7.75, 10.5806, 7.875 ], "texture": "#texture" }
    }
},
{
    "__comment": "Bubba-Blade-BB1-7P-7-Penetrator-Tactical-Survival-Knife x128",
    "from": [ 10.25, 8, 7.5 ],
    "to": [ 10.5, 8.125, 7.7 ],
    "faces": {
        "down":  { "uv": [ 10.25, 8, 10.5, 7.95556 ], "texture": "#texture" },
        "up":    { "uv": [ 10.25, 7.875, 10.5, 7.91944 ], "texture": "#texture" },
        "north": { "uv": [ 10.5, 7.875, 10.25, 8 ], "texture": "#texture" },
        "south": { "uv": [ 10.25, 7.875, 10.5, 8 ], "texture": "#texture" },
        "west":  { "uv": [ 10.25, 7.875, 10.2944, 8 ], "texture": "#texture" },
        "east":  { "uv": [ 10.5, 7.875, 10.4556, 8 ], "texture": "#texture" }
    }
},
{
    "__comment": "Bubba-Blade-BB1-7P-7-Penetrator-Tactical-Survival-Knife x128",
    "from": [ 10.375, 9.75, 7.5 ],
    "to": [ 10.625, 9.875, 7.7 ],
    "faces": {
        "down":  { "uv": [ 10.375, 6.25, 10.625, 6.20556 ], "texture": "#texture" },
        "up":    { "uv": [ 10.375, 6.125, 10.625, 6.16944 ], "texture": "#texture" },
        "north": { "uv": [ 10.625, 6.125, 10.375, 6.25 ], "texture": "#texture" },
        "south": { "uv": [ 10.375, 6.125, 10.625, 6.25 ], "texture": "#texture" },
        "west":  { "uv": [ 10.375, 6.125, 10.4194, 6.25 ], "texture": "#texture" },
        "east":  { "uv": [ 10.625, 6.125, 10.5806, 6.25 ], "texture": "#texture" }
    }
},
{
    "__comment": "Bubba-Blade-BB1-7P-7-Penetrator-Tactical-Survival-Knife x128",
    "from": [ 10.375, 7.875, 7.5 ],
    "to": [ 10.5, 8, 7.7 ],
    "faces": {
        "down":  { "uv": [ 10.375, 8.125, 10.5, 8.08056 ], "texture": "#texture" },
        "up":    { "uv": [ 10.375, 8, 10.5, 8.04444 ], "texture": "#texture" },
        "north": { "uv": [ 10.5, 8, 10.375, 8.125 ], "texture": "#texture" },
        "south": { "uv": [ 10.375, 8, 10.5, 8.125 ], "texture": "#texture" },
        "west":  { "uv": [ 10.375, 8, 10.4194, 8.125 ], "texture": "#texture" },
        "east":  { "uv": [ 10.5, 8, 10.4556, 8.125 ], "texture": "#texture" }
    }
},
{
    "__comment": "Bubba-Blade-BB1-7P-7-Penetrator-Tactical-Survival-Knife x128",
    "from": [ 10.875, 8.25, 7.5 ],
    "to": [ 13.25, 8.375, 7.7 ],
    "faces": {
        "down":  { "uv": [ 10.875, 7.75, 13.25, 7.70556 ], "texture": "#texture" },
        "up":    { "uv": [ 10.875, 7.625, 13.25, 7.66944 ], "texture": "#texture" },
        "north": { "uv": [ 13.25, 7.625, 10.875, 7.75 ], "texture": "#texture" },
        "south": { "uv": [ 10.875, 7.625, 13.25, 7.75 ], "texture": "#texture" },
        "west":  { "uv": [ 10.875, 7.625, 10.9194, 7.75 ], "texture": "#texture" },
        "east":  { "uv": [ 13.25, 7.625, 13.2056, 7.75 ], "texture": "#texture" }
    }
},
{
    "__comment": "Bubba-Blade-BB1-7P-7-Penetrator-Tactical-Survival-Knife x128",
    "from": [ 11, 9.75, 7.5 ],
    "to": [ 12, 9.875, 7.7 ],
    "faces": {
        "down":  { "uv": [ 11, 6.25, 12, 6.20556 ], "texture": "#texture" },
        "up":    { "uv": [ 11, 6.125, 12, 6.16944 ], "texture": "#texture" },
        "north": { "uv": [ 12, 6.125, 11, 6.25 ], "texture": "#texture" },
        "south": { "uv": [ 11, 6.125, 12, 6.25 ], "texture": "#texture" },
        "west":  { "uv": [ 11, 6.125, 11.0444, 6.25 ], "texture": "#texture" },
        "east":  { "uv": [ 12, 6.125, 11.9556, 6.25 ], "texture": "#texture" }
    }
},
{
    "__comment": "Bubba-Blade-BB1-7P-7-Penetrator-Tactical-Survival-Knife x128",
    "from": [ 12.125, 9.75, 7.5 ],
    "to": [ 12.25, 9.875, 7.7 ],
    "faces": {
        "down":  { "uv": [ 12.125, 6.25, 12.25, 6.20556 ], "texture": "#texture" },
        "up":    { "uv": [ 12.125, 6.125, 12.25, 6.16944 ], "texture": "#texture" },
        "north": { "uv": [ 12.25, 6.125, 12.125, 6.25 ], "texture": "#texture" },
        "south": { "uv": [ 12.125, 6.125, 12.25, 6.25 ], "texture": "#texture" },
        "west":  { "uv": [ 12.125, 6.125, 12.1694, 6.25 ], "texture": "#texture" },
        "east":  { "uv": [ 12.25, 6.125, 12.2056, 6.25 ], "texture": "#texture" }
    }
},
{
    "__comment": "Bubba-Blade-BB1-7P-7-Penetrator-Tactical-Survival-Knife x128",
    "from": [ 15.125, 8.25, 7.5 ],
    "to": [ 15.875, 8.375, 7.7 ],
    "faces": {
        "down":  { "uv": [ 15.125, 7.75, 15.875, 7.70556 ], "texture": "#texture" },
        "up":    { "uv": [ 15.125, 7.625, 15.875, 7.66944 ], "texture": "#texture" },
        "north": { "uv": [ 15.875, 7.625, 15.125, 7.75 ], "texture": "#texture" },
        "south": { "uv": [ 15.125, 7.625, 15.875, 7.75 ], "texture": "#texture" },
        "west":  { "uv": [ 15.125, 7.625, 15.1694, 7.75 ], "texture": "#texture" },
        "east":  { "uv": [ 15.875, 7.625, 15.8306, 7.75 ], "texture": "#texture" }
    }
},
{
    "__comment": "Bubba-Blade-BB1-7P-7-Penetrator-Tactical-Survival-Knife x128",
    "from": [ 15.25, 9.125, 7.5 ],
    "to": [ 15.75, 9.25, 7.7 ],
    "faces": {
        "down":  { "uv": [ 15.25, 6.875, 15.75, 6.83056 ], "texture": "#texture" },
        "up":    { "uv": [ 15.25, 6.75, 15.75, 6.79444 ], "texture": "#texture" },
        "north": { "uv": [ 15.75, 6.75, 15.25, 6.875 ], "texture": "#texture" },
        "south": { "uv": [ 15.25, 6.75, 15.75, 6.875 ], "texture": "#texture" },
        "west":  { "uv": [ 15.25, 6.75, 15.2944, 6.875 ], "texture": "#texture" },
        "east":  { "uv": [ 15.75, 6.75, 15.7056, 6.875 ], "texture": "#texture" }
    }
},
{
    "__comment": "Bubba-Blade-BB1-7P-7-Penetrator-Tactical-Survival-Knife x128",
    "from": [ 15.25, 8.125, 7.5 ],
    "to": [ 15.875, 8.25, 7.7 ],
    "faces": {
        "down":  { "uv": [ 15.25, 7.875, 15.875, 7.83056 ], "texture": "#texture" },
        "up":    { "uv": [ 15.25, 7.75, 15.875, 7.79444 ], "texture": "#texture" },
        "north": { "uv": [ 15.875, 7.75, 15.25, 7.875 ], "texture": "#texture" },
        "south": { "uv": [ 15.25, 7.75, 15.875, 7.875 ], "texture": "#texture" },
        "west":  { "uv": [ 15.25, 7.75, 15.2944, 7.875 ], "texture": "#texture" },
        "east":  { "uv": [ 15.875, 7.75, 15.8306, 7.875 ], "texture": "#texture" }
    }
},
{
    "__comment": "Bubba-Blade-BB1-7P-7-Penetrator-Tactical-Survival-Knife x128",
    "from": [ 15.5, 8, 7.5 ],
    "to": [ 15.875, 8.125, 7.7 ],
    "faces": {
        "down":  { "uv": [ 15.5, 8, 15.875, 7.95556 ], "texture": "#texture" },
        "up":    { "uv": [ 15.5, 7.875, 15.875, 7.91944 ], "texture": "#texture" },
        "north": { "uv": [ 15.875, 7.875, 15.5, 8 ], "texture": "#texture" },
        "south": { "uv": [ 15.5, 7.875, 15.875, 8 ], "texture": "#texture" },
        "west":  { "uv": [ 15.5, 7.875, 15.5444, 8 ], "texture": "#texture" },
        "east":  { "uv": [ 15.875, 7.875, 15.8306, 8 ], "texture": "#texture" }
    }
},
{
    "__comment": "Bubba-Blade-BB1-7P-7-Penetrator-Tactical-Survival-Knife x128",
    "from": [ 15.625, 7.75, 7.5 ],
    "to": [ 15.75, 8, 7.7 ],
    "faces": {
        "down":  { "uv": [ 15.625, 8.25, 15.75, 8.20556 ], "texture": "#texture" },
        "up":    { "uv": [ 15.625, 8, 15.75, 8.04444 ], "texture": "#texture" },
        "north": { "uv": [ 15.75, 8, 15.625, 8.25 ], "texture": "#texture" },
        "south": { "uv": [ 15.625, 8, 15.75, 8.25 ], "texture": "#texture" },
        "west":  { "uv": [ 15.625, 8, 15.6694, 8.25 ], "texture": "#texture" },
        "east":  { "uv": [ 15.75, 8, 15.7056, 8.25 ], "texture": "#texture" }
    }
},
{
    "__comment": "Bubba-Blade-BB1-7P-7-Penetrator-Tactical-Survival-Knife x128",
    "from": [ 15.75, 7.875, 7.5 ],
    "to": [ 15.875, 8, 7.7 ],
    "faces": {
        "down":  { "uv": [ 15.75, 8.125, 15.875, 8.08056 ], "texture": "#texture" },
        "up":    { "uv": [ 15.75, 8, 15.875, 8.04444 ], "texture": "#texture" },
        "north": { "uv": [ 15.875, 8, 15.75, 8.125 ], "texture": "#texture" },
        "south": { "uv": [ 15.75, 8, 15.875, 8.125 ], "texture": "#texture" },
        "west":  { "uv": [ 15.75, 8, 15.7944, 8.125 ], "texture": "#texture" },
        "east":  { "uv": [ 15.875, 8, 15.8306, 8.125 ], "texture": "#texture" }
    }
}
],
"display": {
    "thirdperson_righthand": {
        "rotation": [ 0, -90, -90 ],
        "translation": [ -0.57, 2.65, 0 ],
        "scale": [ 1, 1, 1 ]
    },
    "thirdperson_lefthand": {
        "rotation": [ 0, 90, 90 ],
        "translation": [ 0.57, 2.65, 0 ],
        "scale": [ 1, 1, 1 ]
    },
    "head": {
        "rotation": [ 0, 0, 0 ],
        "translation": [ 0, 0, 0 ],
        "scale": [ 1, 1, 1 ]
    },
    "ground": {
        "rotation": [ 0, 0, -90 ],
        "translation": [ -3.4, 0, 0 ],
        "scale": [ 1, 1, 1 ]
    },
    "fixed": {
        "rotation": [ 0, 0, 0 ],
        "translation": [ 0, 0, 0 ],
        "scale": [ 1, 1, 1 ]
    },
    "firstperson_righthand": {
        "rotation": [ 0, -99, -57 ],
        "translation": [ -0.94, 2.65, 0 ],
        "scale": [ 1, 1, 1 ]
    },
    "firstperson_lefthand": {
        "rotation": [ 0, 99, 57 ],
        "translation": [ -0.94, 2.65, 0 ],
        "scale": [ 1, 1, 1 ]
    },
    "gui": {
        "rotation": [ 0, 0, -40 ],
        "translation": [ -0.57, -0.19, -0.76 ],
        "scale": [ 1, 1, 1 ]
    }
}
}