{
"__comment": "Designed by Yoyomg43 with BDcraft Cubik PRO 0.95 Beta - http://bdcraft.net",
"textures": {
    "particle": "custom/red12",
    "texture": "custom/black10",
    "iron_block": "custom/s1"
},
"elements": [ 
{
    "from": [ 4.48, 11.36, 8.32 ],
    "to": [ 7.68, 13.28, 9.28 ],
    "faces": {
        "down":  { "uv": [ 11.52, 9.28, 8.32, 8.32 ], "texture": "#particle" },
        "up":    { "uv": [ 4.48, 8.32, 7.68, 9.28 ], "texture": "#particle" },
        "north": { "uv": [ 8.32, 0.72, 11.52, 2.64 ], "texture": "#particle" },
        "south": { "uv": [ 4.48, 0.72, 7.68, 2.64 ], "texture": "#particle" },
        "west":  { "uv": [ 8.32, 0.72, 9.28, 2.64 ], "texture": "#particle" },
        "east":  { "uv": [ 6.72, 0.72, 7.68, 2.64 ], "texture": "#particle" }
    }
},
{
    "from": [ 3.288, 12.676, 8.384 ],
    "to": [ 4.824, 13.06, 9.536 ],
    "rotation": { "origin": [ 3.288, 13.06, 8.384 ], "axis": "z", "angle": 22.5 },
    "faces": {
        "down":  { "uv": [ 12.712, 9.536, 11.176, 8.384 ], "texture": "#particle" },
        "up":    { "uv": [ 3.288, 8.384, 4.824, 9.536 ], "texture": "#particle" },
        "north": { "uv": [ 11.176, 0.94, 12.712, 1.324 ], "texture": "#particle" },
        "south": { "uv": [ 3.288, 0.94, 4.824, 1.324 ], "texture": "#particle" },
        "west":  { "uv": [ 8.384, 0.94, 9.536, 1.324 ], "texture": "#particle" },
        "east":  { "uv": [ 6.464, 0.94, 7.616, 1.324 ], "texture": "#particle" }
    }
},
{
    "from": [ 3.48, 12.724, 8.384 ],
    "to": [ 5.016, 13.108, 9.536 ],
    "rotation": { "origin": [ 3.48, 13.108, 8.384 ], "axis": "z", "angle": -22.5 },
    "faces": {
        "down":  { "uv": [ 12.52, 9.536, 10.984, 8.384 ], "texture": "#particle" },
        "up":    { "uv": [ 3.48, 8.384, 5.016, 9.536 ], "texture": "#particle" },
        "north": { "uv": [ 10.984, 0.892, 12.52, 1.276 ], "texture": "#particle" },
        "south": { "uv": [ 3.48, 0.892, 5.016, 1.276 ], "texture": "#particle" },
        "west":  { "uv": [ 8.384, 0.892, 9.536, 1.276 ], "texture": "#particle" },
        "east":  { "uv": [ 6.464, 0.892, 7.616, 1.276 ], "texture": "#particle" }
    }
},
{
    "from": [ 2.472, 8.26, 8.768 ],
    "to": [ 4.776, 13.636, 9.152 ],
    "faces": {
        "down":  { "uv": [ 13.528, 9.152, 11.224, 8.768 ], "texture": "#texture" },
        "up":    { "uv": [ 2.472, 8.768, 4.776, 9.152 ], "texture": "#texture" },
        "north": { "uv": [ 11.224, 0.364, 13.528, 5.74 ], "texture": "#texture" },
        "south": { "uv": [ 2.472, 0.364, 4.776, 5.74 ], "texture": "#texture" },
        "west":  { "uv": [ 8.768, 0.364, 9.152, 5.74 ], "texture": "#texture" },
        "east":  { "uv": [ 6.848, 0.364, 7.232, 5.74 ], "texture": "#texture" }
    }
},
{
    "from": [ -0.216, 7.492, 8.768 ],
    "to": [ 4.776, 8.26, 9.152 ],
    "faces": {
        "down":  { "uv": [ 16, 9.152, 11.224, 8.768 ], "texture": "#texture" },
        "up":    { "uv": [ 0, 8.768, 4.776, 9.152 ], "texture": "#texture" },
        "north": { "uv": [ 11.224, 5.74, 16, 6.508 ], "texture": "#texture" },
        "south": { "uv": [ 0, 5.74, 4.776, 6.508 ], "texture": "#texture" },
        "west":  { "uv": [ 8.768, 5.74, 9.152, 6.508 ], "texture": "#texture" },
        "east":  { "uv": [ 6.848, 5.74, 7.232, 6.508 ], "texture": "#texture" }
    }
},
{
    "from": [ 4.008, 12.484, 8.384 ],
    "to": [ 4.776, 13.252, 9.536 ],
    "faces": {
        "down":  { "uv": [ 11.992, 9.536, 11.224, 8.384 ], "texture": "#particle" },
        "up":    { "uv": [ 4.008, 8.384, 4.776, 9.536 ], "texture": "#particle" },
        "north": { "uv": [ 11.224, 0.748, 11.992, 1.516 ], "texture": "#particle" },
        "south": { "uv": [ 4.008, 0.748, 4.776, 1.516 ], "texture": "#particle" },
        "west":  { "uv": [ 8.384, 0.748, 9.536, 1.516 ], "texture": "#particle" },
        "east":  { "uv": [ 6.464, 0.748, 7.616, 1.516 ], "texture": "#particle" }
    }
},
{
    "from": [ -0.216, 4.804, 8.768 ],
    "to": [ 2.472, 7.492, 9.152 ],
    "faces": {
        "down":  { "uv": [ 16, 9.152, 13.528, 8.768 ], "texture": "#texture" },
        "up":    { "uv": [ 0, 8.768, 2.472, 9.152 ], "texture": "#texture" },
        "north": { "uv": [ 13.528, 6.508, 16, 9.196 ], "texture": "#texture" },
        "south": { "uv": [ 0, 6.508, 2.472, 9.196 ], "texture": "#texture" },
        "west":  { "uv": [ 8.768, 6.508, 9.152, 9.196 ], "texture": "#texture" },
        "east":  { "uv": [ 6.848, 6.508, 7.232, 9.196 ], "texture": "#texture" }
    }
},
{
    "from": [ -0.216, 1.37538, 8.768 ],
    "to": [ 2.472, 4.83138, 9.152 ],
    "rotation": { "origin": [ -0.216, 4.83138, 8.768 ], "axis": "z", "angle": 22.5 },
    "faces": {
        "down":  { "uv": [ 16, 9.152, 13.528, 8.768 ], "texture": "#texture" },
        "up":    { "uv": [ 0, 8.768, 2.472, 9.152 ], "texture": "#texture" },
        "north": { "uv": [ 13.528, 9.16866, 16, 12.6247 ], "texture": "#texture" },
        "south": { "uv": [ 0, 9.16866, 2.472, 12.6247 ], "texture": "#texture" },
        "west":  { "uv": [ 8.768, 9.16866, 9.152, 12.6247 ], "texture": "#texture" },
        "east":  { "uv": [ 6.848, 9.16866, 7.232, 12.6247 ], "texture": "#texture" }
    }
},
{
    "from": [ 1.128, -3.356, 8.768 ],
    "to": [ 1.512, 1.636, 9.152 ],
    "rotation": { "origin": [ 1.128, 1.636, 8.768 ], "axis": "z", "angle": 45 },
    "faces": {
        "down":  { "uv": [ 14.872, 9.152, 14.488, 8.768 ], "texture": "#texture" },
        "up":    { "uv": [ 1.128, 8.768, 1.512, 9.152 ], "texture": "#texture" },
        "north": { "uv": [ 14.488, 12.364, 14.872, 16 ], "texture": "#texture" },
        "south": { "uv": [ 1.128, 12.364, 1.512, 16 ], "texture": "#texture" },
        "west":  { "uv": [ 8.768, 12.364, 9.152, 16 ], "texture": "#texture" },
        "east":  { "uv": [ 6.848, 12.364, 7.232, 16 ], "texture": "#texture" }
    }
},
{
    "from": [ 3.096, -2.012, 8.768 ],
    "to": [ 3.48, 2.596, 9.152 ],
    "rotation": { "origin": [ 3.096, 2.596, 8.768 ], "axis": "z", "angle": 22.5 },
    "faces": {
        "down":  { "uv": [ 12.904, 9.152, 12.52, 8.768 ], "texture": "#texture" },
        "up":    { "uv": [ 3.096, 8.768, 3.48, 9.152 ], "texture": "#texture" },
        "north": { "uv": [ 12.52, 11.404, 12.904, 16 ], "texture": "#texture" },
        "south": { "uv": [ 3.096, 11.404, 3.48, 16 ], "texture": "#texture" },
        "west":  { "uv": [ 8.768, 11.404, 9.152, 16 ], "texture": "#texture" },
        "east":  { "uv": [ 6.848, 11.404, 7.232, 16 ], "texture": "#texture" }
    }
},
{
    "from": [ 1.32, 1.732, 8.768 ],
    "to": [ 3.624, 2.116, 9.152 ],
    "faces": {
        "down":  { "uv": [ 14.68, 9.152, 12.376, 8.768 ], "texture": "#texture" },
        "up":    { "uv": [ 1.32, 8.768, 3.624, 9.152 ], "texture": "#texture" },
        "north": { "uv": [ 12.376, 11.884, 14.68, 12.268 ], "texture": "#texture" },
        "south": { "uv": [ 1.32, 11.884, 3.624, 12.268 ], "texture": "#texture" },
        "west":  { "uv": [ 8.768, 11.884, 9.152, 12.268 ], "texture": "#texture" },
        "east":  { "uv": [ 6.848, 11.884, 7.232, 12.268 ], "texture": "#texture" }
    }
},
{
    "from": [ 2.232, 2.116, 8.768 ],
    "to": [ 3.384, 2.5, 9.152 ],
    "faces": {
        "down":  { "uv": [ 13.768, 9.152, 12.616, 8.768 ], "texture": "#texture" },
        "up":    { "uv": [ 2.232, 8.768, 3.384, 9.152 ], "texture": "#texture" },
        "north": { "uv": [ 12.616, 11.5, 13.768, 11.884 ], "texture": "#texture" },
        "south": { "uv": [ 2.232, 11.5, 3.384, 11.884 ], "texture": "#texture" },
        "west":  { "uv": [ 8.768, 11.5, 9.152, 11.884 ], "texture": "#texture" },
        "east":  { "uv": [ 6.848, 11.5, 7.232, 11.884 ], "texture": "#texture" }
    }
},
{
    "from": [ 1.56, 1.348, 8.768 ],
    "to": [ 3.864, 1.732, 9.152 ],
    "faces": {
        "down":  { "uv": [ 14.44, 9.152, 12.136, 8.768 ], "texture": "#texture" },
        "up":    { "uv": [ 1.56, 8.768, 3.864, 9.152 ], "texture": "#texture" },
        "north": { "uv": [ 12.136, 12.268, 14.44, 12.652 ], "texture": "#texture" },
        "south": { "uv": [ 1.56, 12.268, 3.864, 12.652 ], "texture": "#texture" },
        "west":  { "uv": [ 8.768, 12.268, 9.152, 12.652 ], "texture": "#texture" },
        "east":  { "uv": [ 6.848, 12.268, 7.232, 12.652 ], "texture": "#texture" }
    }
},
{
    "from": [ 2.088, 0.964, 8.768 ],
    "to": [ 4.008, 1.348, 9.152 ],
    "faces": {
        "down":  { "uv": [ 13.912, 9.152, 11.992, 8.768 ], "texture": "#texture" },
        "up":    { "uv": [ 2.088, 8.768, 4.008, 9.152 ], "texture": "#texture" },
        "north": { "uv": [ 11.992, 12.652, 13.912, 13.036 ], "texture": "#texture" },
        "south": { "uv": [ 2.088, 12.652, 4.008, 13.036 ], "texture": "#texture" },
        "west":  { "uv": [ 8.768, 12.652, 9.152, 13.036 ], "texture": "#texture" },
        "east":  { "uv": [ 6.848, 12.652, 7.232, 13.036 ], "texture": "#texture" }
    }
},
{
    "from": [ 2.472, 0.58, 8.768 ],
    "to": [ 4.008, 0.964, 9.152 ],
    "faces": {
        "down":  { "uv": [ 13.528, 9.152, 11.992, 8.768 ], "texture": "#texture" },
        "up":    { "uv": [ 2.472, 8.768, 4.008, 9.152 ], "texture": "#texture" },
        "north": { "uv": [ 11.992, 13.036, 13.528, 13.42 ], "texture": "#texture" },
        "south": { "uv": [ 2.472, 13.036, 4.008, 13.42 ], "texture": "#texture" },
        "west":  { "uv": [ 8.768, 13.036, 9.152, 13.42 ], "texture": "#texture" },
        "east":  { "uv": [ 6.848, 13.036, 7.232, 13.42 ], "texture": "#texture" }
    }
},
{
    "from": [ 2.856, 0.196, 8.768 ],
    "to": [ 4.392, 0.58, 9.152 ],
    "faces": {
        "down":  { "uv": [ 13.144, 9.152, 11.608, 8.768 ], "texture": "#texture" },
        "up":    { "uv": [ 2.856, 8.768, 4.392, 9.152 ], "texture": "#texture" },
        "north": { "uv": [ 11.608, 13.42, 13.144, 13.804 ], "texture": "#texture" },
        "south": { "uv": [ 2.856, 13.42, 4.392, 13.804 ], "texture": "#texture" },
        "west":  { "uv": [ 8.768, 13.42, 9.152, 13.804 ], "texture": "#texture" },
        "east":  { "uv": [ 6.848, 13.42, 7.232, 13.804 ], "texture": "#texture" }
    }
},
{
    "from": [ 3.24, -0.188, 8.768 ],
    "to": [ 4.392, 0.196, 9.152 ],
    "faces": {
        "down":  { "uv": [ 12.76, 9.152, 11.608, 8.768 ], "texture": "#texture" },
        "up":    { "uv": [ 3.24, 8.768, 4.392, 9.152 ], "texture": "#texture" },
        "north": { "uv": [ 11.608, 13.804, 12.76, 14.188 ], "texture": "#texture" },
        "south": { "uv": [ 3.24, 13.804, 4.392, 14.188 ], "texture": "#texture" },
        "west":  { "uv": [ 8.768, 13.804, 9.152, 14.188 ], "texture": "#texture" },
        "east":  { "uv": [ 6.848, 13.804, 7.232, 14.188 ], "texture": "#texture" }
    }
},
{
    "from": [ 3.24, -0.572, 8.768 ],
    "to": [ 4.392, -0.188, 9.152 ],
    "faces": {
        "down":  { "uv": [ 12.76, 9.152, 11.608, 8.768 ], "texture": "#texture" },
        "up":    { "uv": [ 3.24, 8.768, 4.392, 9.152 ], "texture": "#texture" },
        "north": { "uv": [ 11.608, 14.188, 12.76, 14.572 ], "texture": "#texture" },
        "south": { "uv": [ 3.24, 14.188, 4.392, 14.572 ], "texture": "#texture" },
        "west":  { "uv": [ 8.768, 14.188, 9.152, 14.572 ], "texture": "#texture" },
        "east":  { "uv": [ 6.848, 14.188, 7.232, 14.572 ], "texture": "#texture" }
    }
},
{
    "from": [ 4.008, -1.34, 8.768 ],
    "to": [ 4.776, -0.572, 9.152 ],
    "faces": {
        "down":  { "uv": [ 11.992, 9.152, 11.224, 8.768 ], "texture": "#texture" },
        "up":    { "uv": [ 4.008, 8.768, 4.776, 9.152 ], "texture": "#texture" },
        "north": { "uv": [ 11.224, 14.572, 11.992, 15.34 ], "texture": "#texture" },
        "south": { "uv": [ 4.008, 14.572, 4.776, 15.34 ], "texture": "#texture" },
        "west":  { "uv": [ 8.768, 14.572, 9.152, 15.34 ], "texture": "#texture" },
        "east":  { "uv": [ 6.848, 14.572, 7.232, 15.34 ], "texture": "#texture" }
    }
},
{
    "from": [ 3.528, 13.636, 8.768 ],
    "to": [ 4.68, 14.02, 9.152 ],
    "rotation": { "origin": [ 3.528, 14.02, 8.768 ], "axis": "z", "angle": -22.5 },
    "faces": {
        "down":  { "uv": [ 12.472, 9.152, 11.32, 8.768 ], "texture": "#texture" },
        "up":    { "uv": [ 3.528, 8.768, 4.68, 9.152 ], "texture": "#texture" },
        "north": { "uv": [ 11.32, 0, 12.472, 0.364 ], "texture": "#texture" },
        "south": { "uv": [ 3.528, 0, 4.68, 0.364 ], "texture": "#texture" },
        "west":  { "uv": [ 8.768, 0, 9.152, 0.364 ], "texture": "#texture" },
        "east":  { "uv": [ 6.848, 0, 7.232, 0.364 ], "texture": "#texture" }
    }
},
{
    "from": [ 2.904, 14.404, 8.768 ],
    "to": [ 4.44, 14.788, 9.152 ],
    "rotation": { "origin": [ 2.904, 14.788, 8.768 ], "axis": "z", "angle": -45 },
    "faces": {
        "down":  { "uv": [ 13.096, 9.152, 11.56, 8.768 ], "texture": "#texture" },
        "up":    { "uv": [ 2.904, 8.768, 4.44, 9.152 ], "texture": "#texture" },
        "north": { "uv": [ 11.56, 0, 13.096, 0 ], "texture": "#texture" },
        "south": { "uv": [ 2.904, 0, 4.44, 0 ], "texture": "#texture" },
        "west":  { "uv": [ 8.768, 0, 9.152, 0 ], "texture": "#texture" },
        "east":  { "uv": [ 6.848, 0, 7.232, 0 ], "texture": "#texture" }
    }
},
{
    "from": [ 2.472, 13.636, 8.768 ],
    "to": [ 2.856, 14.788, 9.152 ],
    "faces": {
        "down":  { "uv": [ 13.528, 9.152, 13.144, 8.768 ], "texture": "#texture" },
        "up":    { "uv": [ 2.472, 8.768, 2.856, 9.152 ], "texture": "#texture" },
        "north": { "uv": [ 13.144, 0, 13.528, 0.364 ], "texture": "#texture" },
        "south": { "uv": [ 2.472, 0, 2.856, 0.364 ], "texture": "#texture" },
        "west":  { "uv": [ 8.768, 0, 9.152, 0.364 ], "texture": "#texture" },
        "east":  { "uv": [ 6.848, 0, 7.232, 0.364 ], "texture": "#texture" }
    }
},
{
    "from": [ 2.712, 13.396, 8.768 ],
    "to": [ 3.48, 14.164, 9.152 ],
    "faces": {
        "down":  { "uv": [ 13.288, 9.152, 12.52, 8.768 ], "texture": "#texture" },
        "up":    { "uv": [ 2.712, 8.768, 3.48, 9.152 ], "texture": "#texture" },
        "north": { "uv": [ 12.52, 0, 13.288, 0.604 ], "texture": "#texture" },
        "south": { "uv": [ 2.712, 0, 3.48, 0.604 ], "texture": "#texture" },
        "west":  { "uv": [ 8.768, 0, 9.152, 0.604 ], "texture": "#texture" },
        "east":  { "uv": [ 6.848, 0, 7.232, 0.604 ], "texture": "#texture" }
    }
},
{
    "from": [ 7.68, 12.64, 8.32 ],
    "to": [ 9.6, 13.28, 9.28 ],
    "faces": {
        "down":  { "uv": [ 8.32, 9.28, 6.4, 8.32 ], "texture": "#iron_block" },
        "up":    { "uv": [ 7.68, 8.32, 9.6, 9.28 ], "texture": "#iron_block" },
        "north": { "uv": [ 6.4, 6.72, 8.32, 7.36 ], "texture": "#iron_block" },
        "south": { "uv": [ 7.68, 6.72, 9.6, 7.36 ], "texture": "#iron_block" },
        "west":  { "uv": [ 8.32, 6.72, 9.28, 7.36 ], "texture": "#iron_block" },
        "east":  { "uv": [ 6.72, 6.72, 7.68, 7.36 ], "texture": "#iron_block" }
    }
},
{
    "from": [ 7.12, 11.56, 8.32 ],
    "to": [ 8.4, 12.2, 9.28 ],
    "rotation": { "origin": [ 7.12, 12.2, 8.32 ], "axis": "z", "angle": 45 },
    "faces": {
        "down":  { "uv": [ 8.88, 9.28, 7.6, 8.32 ], "texture": "#iron_block" },
        "up":    { "uv": [ 7.12, 8.32, 8.4, 9.28 ], "texture": "#iron_block" },
        "north": { "uv": [ 7.6, 7.8, 8.88, 8.44 ], "texture": "#iron_block" },
        "south": { "uv": [ 7.12, 7.8, 8.4, 8.44 ], "texture": "#iron_block" },
        "west":  { "uv": [ 8.32, 7.8, 9.28, 8.44 ], "texture": "#iron_block" },
        "east":  { "uv": [ 6.72, 7.8, 7.68, 8.44 ], "texture": "#iron_block" }
    }
},
{
    "from": [ 9.44, 12.36, 8.32 ],
    "to": [ 10.72, 13, 9.28 ],
    "rotation": { "origin": [ 9.44, 13, 8.32 ], "axis": "z", "angle": -45 },
    "faces": {
        "down":  { "uv": [ 6.56, 9.28, 5.28, 8.32 ], "texture": "#iron_block" },
        "up":    { "uv": [ 9.44, 8.32, 10.72, 9.28 ], "texture": "#iron_block" },
        "north": { "uv": [ 5.28, 7, 6.56, 7.64 ], "texture": "#iron_block" },
        "south": { "uv": [ 9.44, 7, 10.72, 7.64 ], "texture": "#iron_block" },
        "west":  { "uv": [ 8.32, 7, 9.28, 7.64 ], "texture": "#iron_block" },
        "east":  { "uv": [ 6.72, 7, 7.68, 7.64 ], "texture": "#iron_block" }
    }
},
{
    "from": [ 9.92, 12, 8.32 ],
    "to": [ 10.56, 13.28, 9.28 ],
    "faces": {
        "down":  { "uv": [ 6.08, 9.28, 5.44, 8.32 ], "texture": "#iron_block" },
        "up":    { "uv": [ 9.92, 8.32, 10.56, 9.28 ], "texture": "#iron_block" },
        "north": { "uv": [ 5.44, 6.72, 6.08, 8 ], "texture": "#iron_block" },
        "south": { "uv": [ 9.92, 6.72, 10.56, 8 ], "texture": "#iron_block" },
        "west":  { "uv": [ 8.32, 6.72, 9.28, 8 ], "texture": "#iron_block" },
        "east":  { "uv": [ 6.72, 6.72, 7.68, 8 ], "texture": "#iron_block" }
    }
},
{
    "from": [ 9.92, 12.32, 8.32 ],
    "to": [ 11.52, 13.28, 9.28 ],
    "rotation": { "origin": [ 9.92, 13.28, 8.32 ], "axis": "z", "angle": 22.5 },
    "faces": {
        "down":  { "uv": [ 6.08, 9.28, 4.48, 8.32 ], "texture": "#iron_block" },
        "up":    { "uv": [ 9.92, 8.32, 11.52, 9.28 ], "texture": "#iron_block" },
        "north": { "uv": [ 4.48, 6.72, 6.08, 7.68 ], "texture": "#iron_block" },
        "south": { "uv": [ 9.92, 6.72, 11.52, 7.68 ], "texture": "#iron_block" },
        "west":  { "uv": [ 8.32, 6.72, 9.28, 7.68 ], "texture": "#iron_block" },
        "east":  { "uv": [ 6.72, 6.72, 7.68, 7.68 ], "texture": "#iron_block" }
    }
},
{
    "from": [ 9.64, 12.52, 8.32 ],
    "to": [ 11.56, 13.48, 9.28 ],
    "rotation": { "origin": [ 9.64, 13.48, 8.32 ], "axis": "z", "angle": -22.5 },
    "faces": {
        "down":  { "uv": [ 6.36, 9.28, 4.44, 8.32 ], "texture": "#iron_block" },
        "up":    { "uv": [ 9.64, 8.32, 11.56, 9.28 ], "texture": "#iron_block" },
        "north": { "uv": [ 4.44, 6.52, 6.36, 7.48 ], "texture": "#iron_block" },
        "south": { "uv": [ 9.64, 6.52, 11.56, 7.48 ], "texture": "#iron_block" },
        "west":  { "uv": [ 8.32, 6.52, 9.28, 7.48 ], "texture": "#iron_block" },
        "east":  { "uv": [ 6.72, 6.52, 7.68, 7.48 ], "texture": "#iron_block" }
    }
},
{
    "from": [ 10.96, 12.04, 8.32 ],
    "to": [ 12.88, 13, 9.28 ],
    "rotation": { "origin": [ 10.96, 13, 8.32 ], "axis": "z", "angle": -45 },
    "faces": {
        "down":  { "uv": [ 5.04, 9.28, 3.12, 8.32 ], "texture": "#iron_block" },
        "up":    { "uv": [ 10.96, 8.32, 12.88, 9.28 ], "texture": "#iron_block" },
        "north": { "uv": [ 3.12, 7, 5.04, 7.96 ], "texture": "#iron_block" },
        "south": { "uv": [ 10.96, 7, 12.88, 7.96 ], "texture": "#iron_block" },
        "west":  { "uv": [ 8.32, 7, 9.28, 7.96 ], "texture": "#iron_block" },
        "east":  { "uv": [ 6.72, 7, 7.68, 7.96 ], "texture": "#iron_block" }
    }
},
{
    "from": [ 11.36, 12.92, 8.32 ],
    "to": [ 12.96, 13.88, 9.28 ],
    "faces": {
        "down":  { "uv": [ 4.64, 9.28, 3.04, 8.32 ], "texture": "#iron_block" },
        "up":    { "uv": [ 11.36, 8.32, 12.96, 9.28 ], "texture": "#iron_block" },
        "north": { "uv": [ 3.04, 6.12, 4.64, 7.08 ], "texture": "#iron_block" },
        "south": { "uv": [ 11.36, 6.12, 12.96, 7.08 ], "texture": "#iron_block" },
        "west":  { "uv": [ 8.32, 6.12, 9.28, 7.08 ], "texture": "#iron_block" },
        "east":  { "uv": [ 6.72, 6.12, 7.68, 7.08 ], "texture": "#iron_block" }
    }
},
{
    "from": [ 11.36, 12.36, 8.32 ],
    "to": [ 12.96, 13.32, 9.28 ],
    "rotation": { "origin": [ 11.36, 13.32, 8.32 ], "axis": "z", "angle": -22.5 },
    "faces": {
        "down":  { "uv": [ 4.64, 9.28, 3.04, 8.32 ], "texture": "#iron_block" },
        "up":    { "uv": [ 11.36, 8.32, 12.96, 9.28 ], "texture": "#iron_block" },
        "north": { "uv": [ 3.04, 6.68, 4.64, 7.64 ], "texture": "#iron_block" },
        "south": { "uv": [ 11.36, 6.68, 12.96, 7.64 ], "texture": "#iron_block" },
        "west":  { "uv": [ 8.32, 6.68, 9.28, 7.64 ], "texture": "#iron_block" },
        "east":  { "uv": [ 6.72, 6.68, 7.68, 7.64 ], "texture": "#iron_block" }
    }
},
{
    "from": [ 9.92, 10.4, 8.64 ],
    "to": [ 10.56, 12, 8.96 ],
    "faces": {
        "down":  { "uv": [ 6.08, 8.96, 5.44, 8.64 ], "texture": "#texture" },
        "up":    { "uv": [ 9.92, 8.64, 10.56, 8.96 ], "texture": "#texture" },
        "north": { "uv": [ 5.44, 8, 6.08, 9.6 ], "texture": "#texture" },
        "south": { "uv": [ 9.92, 8, 10.56, 9.6 ], "texture": "#texture" },
        "west":  { "uv": [ 8.64, 8, 8.96, 9.6 ], "texture": "#texture" },
        "east":  { "uv": [ 7.04, 8, 7.36, 9.6 ], "texture": "#texture" }
    }
},
{
    "from": [ 11.2, 10.4, 8.64 ],
    "to": [ 11.84, 11.36, 8.96 ],
    "faces": {
        "down":  { "uv": [ 4.8, 8.96, 4.16, 8.64 ], "texture": "#texture" },
        "up":    { "uv": [ 11.2, 8.64, 11.84, 8.96 ], "texture": "#texture" },
        "north": { "uv": [ 4.16, 8.64, 4.8, 9.6 ], "texture": "#texture" },
        "south": { "uv": [ 11.2, 8.64, 11.84, 9.6 ], "texture": "#texture" },
        "west":  { "uv": [ 8.64, 8.64, 8.96, 9.6 ], "texture": "#texture" },
        "east":  { "uv": [ 7.04, 8.64, 7.36, 9.6 ], "texture": "#texture" }
    }
},
{
    "from": [ 9.6, 9.76, 8.48 ],
    "to": [ 12.16, 10.4, 9.12 ],
    "faces": {
        "down":  { "uv": [ 6.4, 9.12, 3.84, 8.48 ], "texture": "#texture" },
        "up":    { "uv": [ 9.6, 8.48, 12.16, 9.12 ], "texture": "#texture" },
        "north": { "uv": [ 3.84, 0.6, 6.4, 1.24 ], "texture": "#texture" },
        "south": { "uv": [ 9.6, 0.6, 12.16, 1.24 ], "texture": "#texture" },
        "west":  { "uv": [ 8.48, 0.6, 9.12, 1.24 ], "texture": "#texture" },
        "east":  { "uv": [ 6.88, 0.6, 7.52, 1.24 ], "texture": "#texture" }
    }
},
{
    "from": [ 10.56, -10.4, 8.48 ],
    "to": [ 11.2, 9.76, 9.12 ],
    "faces": {
        "down":  { "uv": [ 5.44, 9.12, 4.8, 8.48 ], "texture": "#texture" },
        "up":    { "uv": [ 10.56, 8.48, 11.2, 9.12 ], "texture": "#texture" },
        "north": { "uv": [ 4.8, 0, 5.44, 16 ], "texture": "#texture" },
        "south": { "uv": [ 10.56, 0, 11.2, 16 ], "texture": "#texture" },
        "west":  { "uv": [ 8.48, 0, 9.12, 16 ], "texture": "#texture" },
        "east":  { "uv": [ 6.88, 0, 7.52, 16 ], "texture": "#texture" }
    }
},
{
    "from": [ 10.24, 8.16, 8.32 ],
    "to": [ 11.52, 8.48, 9.28 ],
    "faces": {
        "down":  { "uv": [ 5.76, 9.28, 4.48, 8.32 ], "texture": "#particle" },
        "up":    { "uv": [ 10.24, 8.32, 11.52, 9.28 ], "texture": "#particle" },
        "north": { "uv": [ 4.48, 2.52, 5.76, 2.84 ], "texture": "#particle" },
        "south": { "uv": [ 10.24, 2.52, 11.52, 2.84 ], "texture": "#particle" },
        "west":  { "uv": [ 8.32, 2.52, 9.28, 2.84 ], "texture": "#particle" },
        "east":  { "uv": [ 6.72, 2.52, 7.68, 2.84 ], "texture": "#particle" }
    }
},
{
    "from": [ 10.24, 9.44, 8.32 ],
    "to": [ 11.52, 9.76, 9.28 ],
    "faces": {
        "down":  { "uv": [ 5.76, 9.28, 4.48, 8.32 ], "texture": "#texture" },
        "up":    { "uv": [ 10.24, 8.32, 11.52, 9.28 ], "texture": "#texture" },
        "north": { "uv": [ 4.48, 1.24, 5.76, 1.56 ], "texture": "#texture" },
        "south": { "uv": [ 10.24, 1.24, 11.52, 1.56 ], "texture": "#texture" },
        "west":  { "uv": [ 8.32, 1.24, 9.28, 1.56 ], "texture": "#texture" },
        "east":  { "uv": [ 6.72, 1.24, 7.68, 1.56 ], "texture": "#texture" }
    }
},
{
    "from": [ 10.24, 6.88, 8.32 ],
    "to": [ 11.52, 7.2, 9.28 ],
    "faces": {
        "down":  { "uv": [ 5.76, 9.28, 4.48, 8.32 ], "texture": "#particle" },
        "up":    { "uv": [ 10.24, 8.32, 11.52, 9.28 ], "texture": "#particle" },
        "north": { "uv": [ 4.48, 3.8, 5.76, 4.12 ], "texture": "#particle" },
        "south": { "uv": [ 10.24, 3.8, 11.52, 4.12 ], "texture": "#particle" },
        "west":  { "uv": [ 8.32, 3.8, 9.28, 4.12 ], "texture": "#particle" },
        "east":  { "uv": [ 6.72, 3.8, 7.68, 4.12 ], "texture": "#particle" }
    }
},
{
    "from": [ 10.24, -6.88, 8.32 ],
    "to": [ 11.52, -6.56, 9.28 ],
    "faces": {
        "down":  { "uv": [ 5.76, 9.28, 4.48, 8.32 ], "texture": "#particle" },
        "up":    { "uv": [ 10.24, 8.32, 11.52, 9.28 ], "texture": "#particle" },
        "north": { "uv": [ 4.48, 12.56, 5.76, 12.88 ], "texture": "#particle" },
        "south": { "uv": [ 10.24, 12.56, 11.52, 12.88 ], "texture": "#particle" },
        "west":  { "uv": [ 8.32, 12.56, 9.28, 12.88 ], "texture": "#particle" },
        "east":  { "uv": [ 6.72, 12.56, 7.68, 12.88 ], "texture": "#particle" }
    }
},
{
    "from": [ 10.24, 5.6, 8.32 ],
    "to": [ 11.52, 5.92, 9.28 ],
    "faces": {
        "down":  { "uv": [ 5.76, 9.28, 4.48, 8.32 ], "texture": "#particle" },
        "up":    { "uv": [ 10.24, 8.32, 11.52, 9.28 ], "texture": "#particle" },
        "north": { "uv": [ 4.48, 5.08, 5.76, 5.4 ], "texture": "#particle" },
        "south": { "uv": [ 10.24, 5.08, 11.52, 5.4 ], "texture": "#particle" },
        "west":  { "uv": [ 8.32, 5.08, 9.28, 5.4 ], "texture": "#particle" },
        "east":  { "uv": [ 6.72, 5.08, 7.68, 5.4 ], "texture": "#particle" }
    }
},
{
    "from": [ 10.24, 4.32, 8.32 ],
    "to": [ 11.52, 4.64, 9.28 ],
    "faces": {
        "down":  { "uv": [ 5.76, 9.28, 4.48, 8.32 ], "texture": "#particle" },
        "up":    { "uv": [ 10.24, 8.32, 11.52, 9.28 ], "texture": "#particle" },
        "north": { "uv": [ 4.48, 6.36, 5.76, 6.68 ], "texture": "#particle" },
        "south": { "uv": [ 10.24, 6.36, 11.52, 6.68 ], "texture": "#particle" },
        "west":  { "uv": [ 8.32, 6.36, 9.28, 6.68 ], "texture": "#particle" },
        "east":  { "uv": [ 6.72, 6.36, 7.68, 6.68 ], "texture": "#particle" }
    }
},
{
    "from": [ 10.24, -4.64, 8.32 ],
    "to": [ 11.52, -4.32, 9.28 ],
    "faces": {
        "down":  { "uv": [ 5.76, 9.28, 4.48, 8.32 ], "texture": "#particle" },
        "up":    { "uv": [ 10.24, 8.32, 11.52, 9.28 ], "texture": "#particle" },
        "north": { "uv": [ 4.48, 10.32, 5.76, 10.64 ], "texture": "#particle" },
        "south": { "uv": [ 10.24, 10.32, 11.52, 10.64 ], "texture": "#particle" },
        "west":  { "uv": [ 8.32, 10.32, 9.28, 10.64 ], "texture": "#particle" },
        "east":  { "uv": [ 6.72, 10.32, 7.68, 10.64 ], "texture": "#particle" }
    }
},
{
    "from": [ 10.24, -5.92, 8.32 ],
    "to": [ 11.52, -5.6, 9.28 ],
    "faces": {
        "down":  { "uv": [ 5.76, 9.28, 4.48, 8.32 ], "texture": "#particle" },
        "up":    { "uv": [ 10.24, 8.32, 11.52, 9.28 ], "texture": "#particle" },
        "north": { "uv": [ 4.48, 11.6, 5.76, 11.92 ], "texture": "#particle" },
        "south": { "uv": [ 10.24, 11.6, 11.52, 11.92 ], "texture": "#particle" },
        "west":  { "uv": [ 8.32, 11.6, 9.28, 11.92 ], "texture": "#particle" },
        "east":  { "uv": [ 6.72, 11.6, 7.68, 11.92 ], "texture": "#particle" }
    }
},
{
    "from": [ 10.24, 0.48, 8.32 ],
    "to": [ 11.52, 0.8, 9.28 ],
    "faces": {
        "down":  { "uv": [ 5.76, 9.28, 4.48, 8.32 ], "texture": "#particle" },
        "up":    { "uv": [ 10.24, 8.32, 11.52, 9.28 ], "texture": "#particle" },
        "north": { "uv": [ 4.48, 5.2, 5.76, 5.52 ], "texture": "#particle" },
        "south": { "uv": [ 10.24, 5.2, 11.52, 5.52 ], "texture": "#particle" },
        "west":  { "uv": [ 8.32, 5.2, 9.28, 5.52 ], "texture": "#particle" },
        "east":  { "uv": [ 6.72, 5.2, 7.68, 5.52 ], "texture": "#particle" }
    }
},
{
    "from": [ 10.24, -0.8, 8.32 ],
    "to": [ 11.52, -0.48, 9.28 ],
    "faces": {
        "down":  { "uv": [ 5.76, 9.28, 4.48, 8.32 ], "texture": "#particle" },
        "up":    { "uv": [ 10.24, 8.32, 11.52, 9.28 ], "texture": "#particle" },
        "north": { "uv": [ 4.48, 6.48, 5.76, 6.8 ], "texture": "#particle" },
        "south": { "uv": [ 10.24, 6.48, 11.52, 6.8 ], "texture": "#particle" },
        "west":  { "uv": [ 8.32, 6.48, 9.28, 6.8 ], "texture": "#particle" },
        "east":  { "uv": [ 6.72, 6.48, 7.68, 6.8 ], "texture": "#particle" }
    }
},
{
    "from": [ 10.24, -2.08, 8.32 ],
    "to": [ 11.52, -1.76, 9.28 ],
    "faces": {
        "down":  { "uv": [ 5.76, 9.28, 4.48, 8.32 ], "texture": "#particle" },
        "up":    { "uv": [ 10.24, 8.32, 11.52, 9.28 ], "texture": "#particle" },
        "north": { "uv": [ 4.48, 7.76, 5.76, 8.08 ], "texture": "#particle" },
        "south": { "uv": [ 10.24, 7.76, 11.52, 8.08 ], "texture": "#particle" },
        "west":  { "uv": [ 8.32, 7.76, 9.28, 8.08 ], "texture": "#particle" },
        "east":  { "uv": [ 6.72, 7.76, 7.68, 8.08 ], "texture": "#particle" }
    }
},
{
    "from": [ 10.24, -3.36, 8.32 ],
    "to": [ 11.52, -3.04, 9.28 ],
    "faces": {
        "down":  { "uv": [ 5.76, 9.28, 4.48, 8.32 ], "texture": "#particle" },
        "up":    { "uv": [ 10.24, 8.32, 11.52, 9.28 ], "texture": "#particle" },
        "north": { "uv": [ 4.48, 9.04, 5.76, 9.36 ], "texture": "#particle" },
        "south": { "uv": [ 10.24, 9.04, 11.52, 9.36 ], "texture": "#particle" },
        "west":  { "uv": [ 8.32, 9.04, 9.28, 9.36 ], "texture": "#particle" },
        "east":  { "uv": [ 6.72, 9.04, 7.68, 9.36 ], "texture": "#particle" }
    }
},
{
    "from": [ 10.24, -7.84, 8.32 ],
    "to": [ 11.52, -7.52, 9.28 ],
    "faces": {
        "down":  { "uv": [ 5.76, 9.28, 4.48, 8.32 ], "texture": "#particle" },
        "up":    { "uv": [ 10.24, 8.32, 11.52, 9.28 ], "texture": "#particle" },
        "north": { "uv": [ 4.48, 13.52, 5.76, 13.84 ], "texture": "#particle" },
        "south": { "uv": [ 10.24, 13.52, 11.52, 13.84 ], "texture": "#particle" },
        "west":  { "uv": [ 8.32, 13.52, 9.28, 13.84 ], "texture": "#particle" },
        "east":  { "uv": [ 6.72, 13.52, 7.68, 13.84 ], "texture": "#particle" }
    }
},
{
    "from": [ 10.24, -8.8, 8.32 ],
    "to": [ 11.52, -8.48, 9.28 ],
    "faces": {
        "down":  { "uv": [ 5.76, 9.28, 4.48, 8.32 ], "texture": "#particle" },
        "up":    { "uv": [ 10.24, 8.32, 11.52, 9.28 ], "texture": "#particle" },
        "north": { "uv": [ 4.48, 14.48, 5.76, 14.8 ], "texture": "#particle" },
        "south": { "uv": [ 10.24, 14.48, 11.52, 14.8 ], "texture": "#particle" },
        "west":  { "uv": [ 8.32, 14.48, 9.28, 14.8 ], "texture": "#particle" },
        "east":  { "uv": [ 6.72, 14.48, 7.68, 14.8 ], "texture": "#particle" }
    }
},
{
    "from": [ 10.24, -10.72, 8.32 ],
    "to": [ 11.52, -9.76, 9.28 ],
    "faces": {
        "down":  { "uv": [ 5.76, 9.28, 4.48, 8.32 ], "texture": "#particle" },
        "up":    { "uv": [ 10.24, 8.32, 11.52, 9.28 ], "texture": "#particle" },
        "north": { "uv": [ 4.48, 15.76, 5.76, 16 ], "texture": "#particle" },
        "south": { "uv": [ 10.24, 15.76, 11.52, 16 ], "texture": "#particle" },
        "west":  { "uv": [ 8.32, 15.76, 9.28, 16 ], "texture": "#particle" },
        "east":  { "uv": [ 6.72, 15.76, 7.68, 16 ], "texture": "#particle" }
    }
}
],
"display": {
    "thirdperson_righthand": {
        "rotation": [ 0, -90, 0 ],
        "translation": [ 1.51, 14.36, -3.21 ],
        "scale": [ 1.7, 1.7, 1.7 ]
    },
    "thirdperson_lefthand": {
        "rotation": [ 0, 90, 0 ],
        "translation": [ -1.7, 14.36, -3.21 ],
        "scale": [ 1.7, 1.7, 1.7 ]
    },
    "head": {
        "rotation": [ 0, 0, 0 ],
        "translation": [ 0, 0, 0 ],
        "scale": [ 1, 1, 1 ]
    },
    "ground": {
        "rotation": [ 0, 0, 0 ],
        "translation": [ 0, 14.93, 0 ],
        "scale": [ 1, 1, 1 ]
    },
    "fixed": {
        "rotation": [ 0, 180, 0 ],
        "translation": [ 0, 4.35, 0 ],
        "scale": [ 1, 1, 1 ]
    },
    "firstperson_righthand": {
        "rotation": [ 0, -99, 3 ],
        "translation": [ 13.23, 9.64, -16.63 ],
        "scale": [ 2, 2, 2 ]
    },
    "firstperson_lefthand": {
        "rotation": [ 0, 87, 3 ],
        "translation": [ 13.23, 9.64, -16.63 ],
        "scale": [ 2, 2, 2 ]
    },
    "gui": {
        "rotation": [ 0, 0, 45 ],
        "translation": [ -2.27, 2.27, 0 ],
        "scale": [ 0.7, 0.7, 0.7 ]
    }
}
}