{
"__comment": "Designed by Yoyomg43 with BDcraft Cubik PRO 0.96 Beta - http://bdcraft.net",
"textures": {
    "texture": "custom/claws-4"
},
"elements": [ 
{
    "__comment": "claws-4 x128",
    "from": [ 0.375, 9.875, 11.5 ],
    "to": [ 3.25, 10, 11.6 ],
    "faces": {
        "down":  { "uv": [ 0.375, 6.125, 3.25, 6.085 ], "texture": "#texture" },
        "up":    { "uv": [ 0.375, 6, 3.25, 6.04 ], "texture": "#texture" },
        "north": { "uv": [ 3.25, 6, 0.375, 6.125 ], "texture": "#texture" },
        "south": { "uv": [ 0.375, 6, 3.25, 6.125 ], "texture": "#texture" },
        "west":  { "uv": [ 0.375, 6, 0.415, 6.125 ], "texture": "#texture" },
        "east":  { "uv": [ 3.25, 6, 3.21, 6.125 ], "texture": "#texture" }
    }
},
{
    "__comment": "claws-4 x128",
    "from": [ 0.75, 10, 11.5 ],
    "to": [ 13.625, 10.125, 11.6 ],
    "faces": {
        "down":  { "uv": [ 0.75, 6, 13.625, 5.96 ], "texture": "#texture" },
        "up":    { "uv": [ 0.75, 5.875, 13.625, 5.915 ], "texture": "#texture" },
        "north": { "uv": [ 13.625, 5.875, 0.75, 6 ], "texture": "#texture" },
        "south": { "uv": [ 0.75, 5.875, 13.625, 6 ], "texture": "#texture" },
        "west":  { "uv": [ 0.75, 5.875, 0.79, 6 ], "texture": "#texture" },
        "east":  { "uv": [ 13.625, 5.875, 13.585, 6 ], "texture": "#texture" }
    }
},
{
    "__comment": "claws-4 x128",
    "from": [ 1.125, 10.125, 11.5 ],
    "to": [ 13.75, 10.25, 11.6 ],
    "faces": {
        "down":  { "uv": [ 1.125, 5.875, 13.75, 5.835 ], "texture": "#texture" },
        "up":    { "uv": [ 1.125, 5.75, 13.75, 5.79 ], "texture": "#texture" },
        "north": { "uv": [ 13.75, 5.75, 1.125, 5.875 ], "texture": "#texture" },
        "south": { "uv": [ 1.125, 5.75, 13.75, 5.875 ], "texture": "#texture" },
        "west":  { "uv": [ 1.125, 5.75, 1.165, 5.875 ], "texture": "#texture" },
        "east":  { "uv": [ 13.75, 5.75, 13.71, 5.875 ], "texture": "#texture" }
    }
},
{
    "__comment": "claws-4 x128",
    "from": [ 1.5, 10.25, 11.5 ],
    "to": [ 13.875, 10.375, 11.6 ],
    "faces": {
        "down":  { "uv": [ 1.5, 5.75, 13.875, 5.71 ], "texture": "#texture" },
        "up":    { "uv": [ 1.5, 5.625, 13.875, 5.665 ], "texture": "#texture" },
        "north": { "uv": [ 13.875, 5.625, 1.5, 5.75 ], "texture": "#texture" },
        "south": { "uv": [ 1.5, 5.625, 13.875, 5.75 ], "texture": "#texture" },
        "west":  { "uv": [ 1.5, 5.625, 1.54, 5.75 ], "texture": "#texture" },
        "east":  { "uv": [ 13.875, 5.625, 13.835, 5.75 ], "texture": "#texture" }
    }
},
{
    "__comment": "claws-4 x128",
    "from": [ 1.875, 10.375, 11.5 ],
    "to": [ 14, 10.5, 11.6 ],
    "faces": {
        "down":  { "uv": [ 1.875, 5.625, 14, 5.585 ], "texture": "#texture" },
        "up":    { "uv": [ 1.875, 5.5, 14, 5.54 ], "texture": "#texture" },
        "north": { "uv": [ 14, 5.5, 1.875, 5.625 ], "texture": "#texture" },
        "south": { "uv": [ 1.875, 5.5, 14, 5.625 ], "texture": "#texture" },
        "west":  { "uv": [ 1.875, 5.5, 1.915, 5.625 ], "texture": "#texture" },
        "east":  { "uv": [ 14, 5.5, 13.96, 5.625 ], "texture": "#texture" }
    }
},
{
    "__comment": "claws-4 x128",
    "from": [ 2.5, 10.5, 11.5 ],
    "to": [ 15.5, 10.625, 11.6 ],
    "faces": {
        "down":  { "uv": [ 2.5, 5.5, 15.5, 5.46 ], "texture": "#texture" },
        "up":    { "uv": [ 2.5, 5.375, 15.5, 5.415 ], "texture": "#texture" },
        "north": { "uv": [ 15.5, 5.375, 2.5, 5.5 ], "texture": "#texture" },
        "south": { "uv": [ 2.5, 5.375, 15.5, 5.5 ], "texture": "#texture" },
        "west":  { "uv": [ 2.5, 5.375, 2.54, 5.5 ], "texture": "#texture" },
        "east":  { "uv": [ 15.5, 5.375, 15.46, 5.5 ], "texture": "#texture" }
    }
},
{
    "__comment": "claws-4 x128",
    "from": [ 3, 10.625, 11.5 ],
    "to": [ 15.75, 10.75, 11.6 ],
    "faces": {
        "down":  { "uv": [ 3, 5.375, 15.75, 5.335 ], "texture": "#texture" },
        "up":    { "uv": [ 3, 5.25, 15.75, 5.29 ], "texture": "#texture" },
        "north": { "uv": [ 15.75, 5.25, 3, 5.375 ], "texture": "#texture" },
        "south": { "uv": [ 3, 5.25, 15.75, 5.375 ], "texture": "#texture" },
        "west":  { "uv": [ 3, 5.25, 3.04, 5.375 ], "texture": "#texture" },
        "east":  { "uv": [ 15.75, 5.25, 15.71, 5.375 ], "texture": "#texture" }
    }
},
{
    "__comment": "claws-4 x128",
    "from": [ 3.625, 10.75, 11.5 ],
    "to": [ 15.625, 10.875, 11.6 ],
    "faces": {
        "down":  { "uv": [ 3.625, 5.25, 15.625, 5.21 ], "texture": "#texture" },
        "up":    { "uv": [ 3.625, 5.125, 15.625, 5.165 ], "texture": "#texture" },
        "north": { "uv": [ 15.625, 5.125, 3.625, 5.25 ], "texture": "#texture" },
        "south": { "uv": [ 3.625, 5.125, 15.625, 5.25 ], "texture": "#texture" },
        "west":  { "uv": [ 3.625, 5.125, 3.665, 5.25 ], "texture": "#texture" },
        "east":  { "uv": [ 15.625, 5.125, 15.585, 5.25 ], "texture": "#texture" }
    }
},
{
    "__comment": "claws-4 x128",
    "from": [ 4.375, 10.875, 11.5 ],
    "to": [ 12.625, 11, 11.6 ],
    "faces": {
        "down":  { "uv": [ 4.375, 5.125, 12.625, 5.085 ], "texture": "#texture" },
        "up":    { "uv": [ 4.375, 5, 12.625, 5.04 ], "texture": "#texture" },
        "north": { "uv": [ 12.625, 5, 4.375, 5.125 ], "texture": "#texture" },
        "south": { "uv": [ 4.375, 5, 12.625, 5.125 ], "texture": "#texture" },
        "west":  { "uv": [ 4.375, 5, 4.415, 5.125 ], "texture": "#texture" },
        "east":  { "uv": [ 12.625, 5, 12.585, 5.125 ], "texture": "#texture" }
    }
},
{
    "__comment": "claws-4 x128",
    "from": [ 5.5, 11, 11.5 ],
    "to": [ 9.125, 11.125, 11.6 ],
    "faces": {
        "down":  { "uv": [ 5.5, 5, 9.125, 4.96 ], "texture": "#texture" },
        "up":    { "uv": [ 5.5, 4.875, 9.125, 4.915 ], "texture": "#texture" },
        "north": { "uv": [ 9.125, 4.875, 5.5, 5 ], "texture": "#texture" },
        "south": { "uv": [ 5.5, 4.875, 9.125, 5 ], "texture": "#texture" },
        "west":  { "uv": [ 5.5, 4.875, 5.54, 5 ], "texture": "#texture" },
        "east":  { "uv": [ 9.125, 4.875, 9.085, 5 ], "texture": "#texture" }
    }
},
{
    "__comment": "claws-4 x128",
    "from": [ 10.625, 9.875, 11.5 ],
    "to": [ 13.5, 10, 11.6 ],
    "faces": {
        "down":  { "uv": [ 10.625, 6.125, 13.5, 6.085 ], "texture": "#texture" },
        "up":    { "uv": [ 10.625, 6, 13.5, 6.04 ], "texture": "#texture" },
        "north": { "uv": [ 13.5, 6, 10.625, 6.125 ], "texture": "#texture" },
        "south": { "uv": [ 10.625, 6, 13.5, 6.125 ], "texture": "#texture" },
        "west":  { "uv": [ 10.625, 6, 10.665, 6.125 ], "texture": "#texture" },
        "east":  { "uv": [ 13.5, 6, 13.46, 6.125 ], "texture": "#texture" }
    }
},
{
    "__comment": "claws-4 x128",
    "from": [ 12, 9.75, 11.5 ],
    "to": [ 13.5, 9.875, 11.6 ],
    "faces": {
        "down":  { "uv": [ 12, 6.25, 13.5, 6.21 ], "texture": "#texture" },
        "up":    { "uv": [ 12, 6.125, 13.5, 6.165 ], "texture": "#texture" },
        "north": { "uv": [ 13.5, 6.125, 12, 6.25 ], "texture": "#texture" },
        "south": { "uv": [ 12, 6.125, 13.5, 6.25 ], "texture": "#texture" },
        "west":  { "uv": [ 12, 6.125, 12.04, 6.25 ], "texture": "#texture" },
        "east":  { "uv": [ 13.5, 6.125, 13.46, 6.25 ], "texture": "#texture" }
    }
},
{
    "__comment": "claws-4 x128",
    "from": [ 0.375, 9.875, 9.5 ],
    "to": [ 3.25, 10, 9.6 ],
    "faces": {
        "down":  { "uv": [ 0.375, 6.125, 3.25, 6.085 ], "texture": "#texture" },
        "up":    { "uv": [ 0.375, 6, 3.25, 6.04 ], "texture": "#texture" },
        "north": { "uv": [ 3.25, 6, 0.375, 6.125 ], "texture": "#texture" },
        "south": { "uv": [ 0.375, 6, 3.25, 6.125 ], "texture": "#texture" },
        "west":  { "uv": [ 0.375, 6, 0.415, 6.125 ], "texture": "#texture" },
        "east":  { "uv": [ 3.25, 6, 3.21, 6.125 ], "texture": "#texture" }
    }
},
{
    "__comment": "claws-4 x128",
    "from": [ 0.75, 10, 9.5 ],
    "to": [ 13.625, 10.125, 9.6 ],
    "faces": {
        "down":  { "uv": [ 0.75, 6, 13.625, 5.96 ], "texture": "#texture" },
        "up":    { "uv": [ 0.75, 5.875, 13.625, 5.915 ], "texture": "#texture" },
        "north": { "uv": [ 13.625, 5.875, 0.75, 6 ], "texture": "#texture" },
        "south": { "uv": [ 0.75, 5.875, 13.625, 6 ], "texture": "#texture" },
        "west":  { "uv": [ 0.75, 5.875, 0.79, 6 ], "texture": "#texture" },
        "east":  { "uv": [ 13.625, 5.875, 13.585, 6 ], "texture": "#texture" }
    }
},
{
    "__comment": "claws-4 x128",
    "from": [ 1.125, 10.125, 9.5 ],
    "to": [ 13.75, 10.25, 9.6 ],
    "faces": {
        "down":  { "uv": [ 1.125, 5.875, 13.75, 5.835 ], "texture": "#texture" },
        "up":    { "uv": [ 1.125, 5.75, 13.75, 5.79 ], "texture": "#texture" },
        "north": { "uv": [ 13.75, 5.75, 1.125, 5.875 ], "texture": "#texture" },
        "south": { "uv": [ 1.125, 5.75, 13.75, 5.875 ], "texture": "#texture" },
        "west":  { "uv": [ 1.125, 5.75, 1.165, 5.875 ], "texture": "#texture" },
        "east":  { "uv": [ 13.75, 5.75, 13.71, 5.875 ], "texture": "#texture" }
    }
},
{
    "__comment": "claws-4 x128",
    "from": [ 1.5, 10.25, 9.5 ],
    "to": [ 13.875, 10.375, 9.6 ],
    "faces": {
        "down":  { "uv": [ 1.5, 5.75, 13.875, 5.71 ], "texture": "#texture" },
        "up":    { "uv": [ 1.5, 5.625, 13.875, 5.665 ], "texture": "#texture" },
        "north": { "uv": [ 13.875, 5.625, 1.5, 5.75 ], "texture": "#texture" },
        "south": { "uv": [ 1.5, 5.625, 13.875, 5.75 ], "texture": "#texture" },
        "west":  { "uv": [ 1.5, 5.625, 1.54, 5.75 ], "texture": "#texture" },
        "east":  { "uv": [ 13.875, 5.625, 13.835, 5.75 ], "texture": "#texture" }
    }
},
{
    "__comment": "claws-4 x128",
    "from": [ 1.875, 10.375, 9.5 ],
    "to": [ 14, 10.5, 9.6 ],
    "faces": {
        "down":  { "uv": [ 1.875, 5.625, 14, 5.585 ], "texture": "#texture" },
        "up":    { "uv": [ 1.875, 5.5, 14, 5.54 ], "texture": "#texture" },
        "north": { "uv": [ 14, 5.5, 1.875, 5.625 ], "texture": "#texture" },
        "south": { "uv": [ 1.875, 5.5, 14, 5.625 ], "texture": "#texture" },
        "west":  { "uv": [ 1.875, 5.5, 1.915, 5.625 ], "texture": "#texture" },
        "east":  { "uv": [ 14, 5.5, 13.96, 5.625 ], "texture": "#texture" }
    }
},
{
    "__comment": "claws-4 x128",
    "from": [ 2.5, 10.5, 9.5 ],
    "to": [ 15.5, 10.625, 9.6 ],
    "faces": {
        "down":  { "uv": [ 2.5, 5.5, 15.5, 5.46 ], "texture": "#texture" },
        "up":    { "uv": [ 2.5, 5.375, 15.5, 5.415 ], "texture": "#texture" },
        "north": { "uv": [ 15.5, 5.375, 2.5, 5.5 ], "texture": "#texture" },
        "south": { "uv": [ 2.5, 5.375, 15.5, 5.5 ], "texture": "#texture" },
        "west":  { "uv": [ 2.5, 5.375, 2.54, 5.5 ], "texture": "#texture" },
        "east":  { "uv": [ 15.5, 5.375, 15.46, 5.5 ], "texture": "#texture" }
    }
},
{
    "__comment": "claws-4 x128",
    "from": [ 3, 10.625, 9.5 ],
    "to": [ 15.75, 10.75, 9.6 ],
    "faces": {
        "down":  { "uv": [ 3, 5.375, 15.75, 5.335 ], "texture": "#texture" },
        "up":    { "uv": [ 3, 5.25, 15.75, 5.29 ], "texture": "#texture" },
        "north": { "uv": [ 15.75, 5.25, 3, 5.375 ], "texture": "#texture" },
        "south": { "uv": [ 3, 5.25, 15.75, 5.375 ], "texture": "#texture" },
        "west":  { "uv": [ 3, 5.25, 3.04, 5.375 ], "texture": "#texture" },
        "east":  { "uv": [ 15.75, 5.25, 15.71, 5.375 ], "texture": "#texture" }
    }
},
{
    "__comment": "claws-4 x128",
    "from": [ 3.625, 10.75, 9.5 ],
    "to": [ 15.625, 10.875, 9.6 ],
    "faces": {
        "down":  { "uv": [ 3.625, 5.25, 15.625, 5.21 ], "texture": "#texture" },
        "up":    { "uv": [ 3.625, 5.125, 15.625, 5.165 ], "texture": "#texture" },
        "north": { "uv": [ 15.625, 5.125, 3.625, 5.25 ], "texture": "#texture" },
        "south": { "uv": [ 3.625, 5.125, 15.625, 5.25 ], "texture": "#texture" },
        "west":  { "uv": [ 3.625, 5.125, 3.665, 5.25 ], "texture": "#texture" },
        "east":  { "uv": [ 15.625, 5.125, 15.585, 5.25 ], "texture": "#texture" }
    }
},
{
    "__comment": "claws-4 x128",
    "from": [ 4.375, 10.875, 9.5 ],
    "to": [ 12.625, 11, 9.6 ],
    "faces": {
        "down":  { "uv": [ 4.375, 5.125, 12.625, 5.085 ], "texture": "#texture" },
        "up":    { "uv": [ 4.375, 5, 12.625, 5.04 ], "texture": "#texture" },
        "north": { "uv": [ 12.625, 5, 4.375, 5.125 ], "texture": "#texture" },
        "south": { "uv": [ 4.375, 5, 12.625, 5.125 ], "texture": "#texture" },
        "west":  { "uv": [ 4.375, 5, 4.415, 5.125 ], "texture": "#texture" },
        "east":  { "uv": [ 12.625, 5, 12.585, 5.125 ], "texture": "#texture" }
    }
},
{
    "__comment": "claws-4 x128",
    "from": [ 5.5, 11, 9.5 ],
    "to": [ 9.125, 11.125, 9.6 ],
    "faces": {
        "down":  { "uv": [ 5.5, 5, 9.125, 4.96 ], "texture": "#texture" },
        "up":    { "uv": [ 5.5, 4.875, 9.125, 4.915 ], "texture": "#texture" },
        "north": { "uv": [ 9.125, 4.875, 5.5, 5 ], "texture": "#texture" },
        "south": { "uv": [ 5.5, 4.875, 9.125, 5 ], "texture": "#texture" },
        "west":  { "uv": [ 5.5, 4.875, 5.54, 5 ], "texture": "#texture" },
        "east":  { "uv": [ 9.125, 4.875, 9.085, 5 ], "texture": "#texture" }
    }
},
{
    "__comment": "claws-4 x128",
    "from": [ 10.625, 9.875, 9.5 ],
    "to": [ 13.5, 10, 9.6 ],
    "faces": {
        "down":  { "uv": [ 10.625, 6.125, 13.5, 6.085 ], "texture": "#texture" },
        "up":    { "uv": [ 10.625, 6, 13.5, 6.04 ], "texture": "#texture" },
        "north": { "uv": [ 13.5, 6, 10.625, 6.125 ], "texture": "#texture" },
        "south": { "uv": [ 10.625, 6, 13.5, 6.125 ], "texture": "#texture" },
        "west":  { "uv": [ 10.625, 6, 10.665, 6.125 ], "texture": "#texture" },
        "east":  { "uv": [ 13.5, 6, 13.46, 6.125 ], "texture": "#texture" }
    }
},
{
    "__comment": "claws-4 x128",
    "from": [ 12, 9.75, 9.5 ],
    "to": [ 13.5, 9.875, 9.6 ],
    "faces": {
        "down":  { "uv": [ 12, 6.25, 13.5, 6.21 ], "texture": "#texture" },
        "up":    { "uv": [ 12, 6.125, 13.5, 6.165 ], "texture": "#texture" },
        "north": { "uv": [ 13.5, 6.125, 12, 6.25 ], "texture": "#texture" },
        "south": { "uv": [ 12, 6.125, 13.5, 6.25 ], "texture": "#texture" },
        "west":  { "uv": [ 12, 6.125, 12.04, 6.25 ], "texture": "#texture" },
        "east":  { "uv": [ 13.5, 6.125, 13.46, 6.25 ], "texture": "#texture" }
    }
},
{
    "__comment": "claws-4 x128",
    "from": [ 0.375, 9.875, 7.5 ],
    "to": [ 3.25, 10, 7.6 ],
    "faces": {
        "down":  { "uv": [ 0.375, 6.125, 3.25, 6.085 ], "texture": "#texture" },
        "up":    { "uv": [ 0.375, 6, 3.25, 6.04 ], "texture": "#texture" },
        "north": { "uv": [ 3.25, 6, 0.375, 6.125 ], "texture": "#texture" },
        "south": { "uv": [ 0.375, 6, 3.25, 6.125 ], "texture": "#texture" },
        "west":  { "uv": [ 0.375, 6, 0.415, 6.125 ], "texture": "#texture" },
        "east":  { "uv": [ 3.25, 6, 3.21, 6.125 ], "texture": "#texture" }
    }
},
{
    "__comment": "claws-4 x128",
    "from": [ 0.75, 10, 7.5 ],
    "to": [ 13.625, 10.125, 7.6 ],
    "faces": {
        "down":  { "uv": [ 0.75, 6, 13.625, 5.96 ], "texture": "#texture" },
        "up":    { "uv": [ 0.75, 5.875, 13.625, 5.915 ], "texture": "#texture" },
        "north": { "uv": [ 13.625, 5.875, 0.75, 6 ], "texture": "#texture" },
        "south": { "uv": [ 0.75, 5.875, 13.625, 6 ], "texture": "#texture" },
        "west":  { "uv": [ 0.75, 5.875, 0.79, 6 ], "texture": "#texture" },
        "east":  { "uv": [ 13.625, 5.875, 13.585, 6 ], "texture": "#texture" }
    }
},
{
    "__comment": "claws-4 x128",
    "from": [ 1.125, 10.125, 7.5 ],
    "to": [ 13.75, 10.25, 7.6 ],
    "faces": {
        "down":  { "uv": [ 1.125, 5.875, 13.75, 5.835 ], "texture": "#texture" },
        "up":    { "uv": [ 1.125, 5.75, 13.75, 5.79 ], "texture": "#texture" },
        "north": { "uv": [ 13.75, 5.75, 1.125, 5.875 ], "texture": "#texture" },
        "south": { "uv": [ 1.125, 5.75, 13.75, 5.875 ], "texture": "#texture" },
        "west":  { "uv": [ 1.125, 5.75, 1.165, 5.875 ], "texture": "#texture" },
        "east":  { "uv": [ 13.75, 5.75, 13.71, 5.875 ], "texture": "#texture" }
    }
},
{
    "__comment": "claws-4 x128",
    "from": [ 1.5, 10.25, 7.5 ],
    "to": [ 13.875, 10.375, 7.6 ],
    "faces": {
        "down":  { "uv": [ 1.5, 5.75, 13.875, 5.71 ], "texture": "#texture" },
        "up":    { "uv": [ 1.5, 5.625, 13.875, 5.665 ], "texture": "#texture" },
        "north": { "uv": [ 13.875, 5.625, 1.5, 5.75 ], "texture": "#texture" },
        "south": { "uv": [ 1.5, 5.625, 13.875, 5.75 ], "texture": "#texture" },
        "west":  { "uv": [ 1.5, 5.625, 1.54, 5.75 ], "texture": "#texture" },
        "east":  { "uv": [ 13.875, 5.625, 13.835, 5.75 ], "texture": "#texture" }
    }
},
{
    "__comment": "claws-4 x128",
    "from": [ 1.875, 10.375, 7.5 ],
    "to": [ 14, 10.5, 7.6 ],
    "faces": {
        "down":  { "uv": [ 1.875, 5.625, 14, 5.585 ], "texture": "#texture" },
        "up":    { "uv": [ 1.875, 5.5, 14, 5.54 ], "texture": "#texture" },
        "north": { "uv": [ 14, 5.5, 1.875, 5.625 ], "texture": "#texture" },
        "south": { "uv": [ 1.875, 5.5, 14, 5.625 ], "texture": "#texture" },
        "west":  { "uv": [ 1.875, 5.5, 1.915, 5.625 ], "texture": "#texture" },
        "east":  { "uv": [ 14, 5.5, 13.96, 5.625 ], "texture": "#texture" }
    }
},
{
    "__comment": "claws-4 x128",
    "from": [ 2.5, 10.5, 7.5 ],
    "to": [ 15.5, 10.625, 7.6 ],
    "faces": {
        "down":  { "uv": [ 2.5, 5.5, 15.5, 5.46 ], "texture": "#texture" },
        "up":    { "uv": [ 2.5, 5.375, 15.5, 5.415 ], "texture": "#texture" },
        "north": { "uv": [ 15.5, 5.375, 2.5, 5.5 ], "texture": "#texture" },
        "south": { "uv": [ 2.5, 5.375, 15.5, 5.5 ], "texture": "#texture" },
        "west":  { "uv": [ 2.5, 5.375, 2.54, 5.5 ], "texture": "#texture" },
        "east":  { "uv": [ 15.5, 5.375, 15.46, 5.5 ], "texture": "#texture" }
    }
},
{
    "__comment": "claws-4 x128",
    "from": [ 3, 10.625, 7.5 ],
    "to": [ 15.75, 10.75, 7.6 ],
    "faces": {
        "down":  { "uv": [ 3, 5.375, 15.75, 5.335 ], "texture": "#texture" },
        "up":    { "uv": [ 3, 5.25, 15.75, 5.29 ], "texture": "#texture" },
        "north": { "uv": [ 15.75, 5.25, 3, 5.375 ], "texture": "#texture" },
        "south": { "uv": [ 3, 5.25, 15.75, 5.375 ], "texture": "#texture" },
        "west":  { "uv": [ 3, 5.25, 3.04, 5.375 ], "texture": "#texture" },
        "east":  { "uv": [ 15.75, 5.25, 15.71, 5.375 ], "texture": "#texture" }
    }
},
{
    "__comment": "claws-4 x128",
    "from": [ 3.625, 10.75, 7.5 ],
    "to": [ 15.625, 10.875, 7.6 ],
    "faces": {
        "down":  { "uv": [ 3.625, 5.25, 15.625, 5.21 ], "texture": "#texture" },
        "up":    { "uv": [ 3.625, 5.125, 15.625, 5.165 ], "texture": "#texture" },
        "north": { "uv": [ 15.625, 5.125, 3.625, 5.25 ], "texture": "#texture" },
        "south": { "uv": [ 3.625, 5.125, 15.625, 5.25 ], "texture": "#texture" },
        "west":  { "uv": [ 3.625, 5.125, 3.665, 5.25 ], "texture": "#texture" },
        "east":  { "uv": [ 15.625, 5.125, 15.585, 5.25 ], "texture": "#texture" }
    }
},
{
    "__comment": "claws-4 x128",
    "from": [ 4.375, 10.875, 7.5 ],
    "to": [ 12.625, 11, 7.6 ],
    "faces": {
        "down":  { "uv": [ 4.375, 5.125, 12.625, 5.085 ], "texture": "#texture" },
        "up":    { "uv": [ 4.375, 5, 12.625, 5.04 ], "texture": "#texture" },
        "north": { "uv": [ 12.625, 5, 4.375, 5.125 ], "texture": "#texture" },
        "south": { "uv": [ 4.375, 5, 12.625, 5.125 ], "texture": "#texture" },
        "west":  { "uv": [ 4.375, 5, 4.415, 5.125 ], "texture": "#texture" },
        "east":  { "uv": [ 12.625, 5, 12.585, 5.125 ], "texture": "#texture" }
    }
},
{
    "__comment": "claws-4 x128",
    "from": [ 5.5, 11, 7.5 ],
    "to": [ 9.125, 11.125, 7.6 ],
    "faces": {
        "down":  { "uv": [ 5.5, 5, 9.125, 4.96 ], "texture": "#texture" },
        "up":    { "uv": [ 5.5, 4.875, 9.125, 4.915 ], "texture": "#texture" },
        "north": { "uv": [ 9.125, 4.875, 5.5, 5 ], "texture": "#texture" },
        "south": { "uv": [ 5.5, 4.875, 9.125, 5 ], "texture": "#texture" },
        "west":  { "uv": [ 5.5, 4.875, 5.54, 5 ], "texture": "#texture" },
        "east":  { "uv": [ 9.125, 4.875, 9.085, 5 ], "texture": "#texture" }
    }
},
{
    "__comment": "claws-4 x128",
    "from": [ 10.625, 9.875, 7.5 ],
    "to": [ 13.5, 10, 7.6 ],
    "faces": {
        "down":  { "uv": [ 10.625, 6.125, 13.5, 6.085 ], "texture": "#texture" },
        "up":    { "uv": [ 10.625, 6, 13.5, 6.04 ], "texture": "#texture" },
        "north": { "uv": [ 13.5, 6, 10.625, 6.125 ], "texture": "#texture" },
        "south": { "uv": [ 10.625, 6, 13.5, 6.125 ], "texture": "#texture" },
        "west":  { "uv": [ 10.625, 6, 10.665, 6.125 ], "texture": "#texture" },
        "east":  { "uv": [ 13.5, 6, 13.46, 6.125 ], "texture": "#texture" }
    }
},
{
    "__comment": "claws-4 x128",
    "from": [ 12, 9.75, 7.5 ],
    "to": [ 13.5, 9.875, 7.6 ],
    "faces": {
        "down":  { "uv": [ 12, 6.25, 13.5, 6.21 ], "texture": "#texture" },
        "up":    { "uv": [ 12, 6.125, 13.5, 6.165 ], "texture": "#texture" },
        "north": { "uv": [ 13.5, 6.125, 12, 6.25 ], "texture": "#texture" },
        "south": { "uv": [ 12, 6.125, 13.5, 6.25 ], "texture": "#texture" },
        "west":  { "uv": [ 12, 6.125, 12.04, 6.25 ], "texture": "#texture" },
        "east":  { "uv": [ 13.5, 6.125, 13.46, 6.25 ], "texture": "#texture" }
    }
}
],
"display": {
    "thirdperson_righthand": {
        "rotation": [ -88, 0, -82 ],
        "translation": [ -0.94, -3.02, -2.46 ],
        "scale": [ 0.8, 0.8, 0.8 ]
    },
    "thirdperson_lefthand": {
        "rotation": [ 89, 0, -91 ],
        "translation": [ -0.57, -0.76, -3.02 ],
        "scale": [ 0.8, 0.8, 0.8 ]
    },
    "head": {
        "rotation": [ -51, -1, -11 ],
        "translation": [ 10.39, 0, -0.57 ],
        "scale": [ 1, 1, 1 ]
    },
    "ground": {
        "rotation": [ 0, 0, 0 ],
        "translation": [ 0, -2.46, 0 ],
        "scale": [ 1, 1, 1 ]
    },
    "fixed": {
        "rotation": [ -30, -1, -45 ],
        "translation": [ -1.32, -0.57, -1.13 ],
        "scale": [ 1.2, 1.2, 1.2 ]
    },
    "firstperson_righthand": {
        "rotation": [ -71, -20, -84 ],
        "translation": [ 0, 1.32, -2.83 ],
        "scale": [ 1, 1, 1 ]
    },
    "firstperson_lefthand": {
        "rotation": [ 109, 3, -84 ],
        "translation": [ -2.08, 5.29, -1.7 ],
        "scale": [ 1, 1, 1 ]
    },
    "gui": {
        "rotation": [ 44, -18, -33 ],
        "translation": [ -0.57, 0.19, 1.32 ],
        "scale": [ 1, 1, 1 ]
    }
}
}