{
    "__comment": "Model generated using MrCrayfish's Model Creator (http://mrcrayfish.com/modelcreator/)",
    "textures": {
        "particle": "blocks/custom/1-metal",
        "0": "custom/1-metal"
    },
    "elements": [
        {
            "name": "Element",
            "from": [ 5.0, 7.75, 7.25 ], 
            "to": [ 5.5, 11.0, 8.75 ], 
            "faces": {
                "north": { "texture": "#0", "uv": [ 10.5, 5.0, 11.0, 8.25 ] },
                "east": { "texture": "#0", "uv": [ 7.25, 5.0, 8.75, 8.25 ] },
                "south": { "texture": "#0", "uv": [ 5.0, 5.0, 5.5, 8.25 ] },
                "west": { "texture": "#0", "uv": [ 7.25, 5.0, 8.75, 8.25 ] },
                "up": { "texture": "#0", "uv": [ 5.0, 7.25, 5.5, 8.75 ] }
            }
        },
        {
            "name": "Element",
            "from": [ 6.0, 7.75, 7.25 ], 
            "to": [ 6.5, 11.0, 7.5 ], 
            "faces": {
                "north": { "texture": "#0", "uv": [ 9.5, 5.0, 10.0, 8.25 ] },
                "east": { "texture": "#0", "uv": [ 8.5, 5.0, 8.75, 8.25 ] },
                "west": { "texture": "#0", "uv": [ 7.25, 5.0, 7.5, 8.25 ] },
                "up": { "texture": "#0", "uv": [ 6.0, 7.25, 6.5, 7.5 ] }
            }
        },
        {
            "name": "Element",
            "from": [ 6.75, 7.75, 7.25 ], 
            "to": [ 8.5, 11.0, 7.75 ], 
            "faces": {
                "north": { "texture": "#0", "uv": [ 7.5, 5.0, 9.25, 8.25 ] },
                "east": { "texture": "#0", "uv": [ 8.25, 5.0, 8.75, 8.25 ] },
                "south": { "texture": "#0", "uv": [ 6.75, 5.0, 8.5, 8.25 ] },
                "west": { "texture": "#0", "uv": [ 7.25, 5.0, 7.75, 8.25 ] },
                "up": { "texture": "#0", "uv": [ 6.75, 7.25, 8.5, 7.75 ] }
            }
        },
        {
            "name": "Element",
            "from": [ 5.75, 7.75, 7.5 ], 
            "to": [ 6.75, 11.0, 7.75 ], 
            "faces": {
                "north": { "texture": "#0", "uv": [ 9.25, 5.0, 10.25, 8.25 ] },
                "south": { "texture": "#0", "uv": [ 5.75, 5.0, 6.75, 8.25 ] },
                "up": { "texture": "#0", "uv": [ 5.75, 7.5, 6.75, 7.75 ] }
            }
        },
        {
            "name": "Element",
            "from": [ 5.5, 7.75, 7.25 ], 
            "to": [ 5.75, 11.0, 7.75 ], 
            "faces": {
                "north": { "texture": "#0", "uv": [ 10.25, 5.0, 10.5, 8.25 ] },
                "east": { "texture": "#0", "uv": [ 8.25, 5.0, 8.75, 8.25 ] },
                "south": { "texture": "#0", "uv": [ 5.5, 5.0, 5.75, 8.25 ] },
                "up": { "texture": "#0", "uv": [ 5.5, 7.25, 5.75, 7.75 ] }
            }
        },
        {
            "name": "Element",
            "from": [ 5.5, 7.75, 8.25 ], 
            "to": [ 5.75, 11.0, 8.75 ], 
            "faces": {
                "north": { "texture": "#0", "uv": [ 10.25, 5.0, 10.5, 8.25 ] },
                "east": { "texture": "#0", "uv": [ 7.25, 5.0, 7.75, 8.25 ] },
                "south": { "texture": "#0", "uv": [ 5.5, 5.0, 5.75, 8.25 ] },
                "up": { "texture": "#0", "uv": [ 5.5, 8.25, 5.75, 8.75 ] }
            }
        },
        {
            "name": "Element",
            "from": [ 5.75, 7.75, 8.25 ], 
            "to": [ 6.75, 11.0, 8.5 ], 
            "faces": {
                "north": { "texture": "#0", "uv": [ 9.25, 5.0, 10.25, 8.25 ] },
                "south": { "texture": "#0", "uv": [ 5.75, 5.0, 6.75, 8.25 ] },
                "up": { "texture": "#0", "uv": [ 5.75, 8.25, 6.75, 8.5 ] }
            }
        },
        {
            "name": "Element",
            "from": [ 6.0, 7.75, 8.5 ], 
            "to": [ 6.5, 11.0, 8.75 ], 
            "faces": {
                "east": { "texture": "#0", "uv": [ 7.25, 5.0, 7.5, 8.25 ] },
                "south": { "texture": "#0", "uv": [ 6.0, 5.0, 6.5, 8.25 ] },
                "west": { "texture": "#0", "uv": [ 8.5, 5.0, 8.75, 8.25 ] },
                "up": { "texture": "#0", "uv": [ 6.0, 8.5, 6.5, 8.75 ] }
            }
        },
        {
            "name": "Element",
            "from": [ 6.75, 7.75, 8.25 ], 
            "to": [ 8.5, 11.0, 8.75 ], 
            "faces": {
                "north": { "texture": "#0", "uv": [ 6.75, 5.0, 8.5, 8.25 ] },
                "east": { "texture": "#0", "uv": [ 8.25, 5.0, 8.75, 8.25 ] },
                "south": { "texture": "#0", "uv": [ 6.75, 5.0, 8.5, 8.25 ] },
                "west": { "texture": "#0", "uv": [ 8.25, 5.0, 8.75, 8.25 ] },
                "up": { "texture": "#0", "uv": [ 6.75, 8.25, 8.5, 8.75 ] }
            }
        },
        {
            "name": "Element",
            "from": [ 8.0, 7.75, 7.75 ], 
            "to": [ 8.5, 11.0, 8.25 ], 
            "faces": {
                "east": { "texture": "#0", "uv": [ 7.75, 5.0, 8.25, 8.25 ] },
                "west": { "texture": "#0", "uv": [ 7.75, 5.0, 8.25, 8.25 ] },
                "up": { "texture": "#0", "uv": [ 8.0, 7.75, 8.5, 8.25 ] }
            }
        },
        {
            "name": "Element",
            "from": [ 5.25, 7.75, 7.75 ], 
            "to": [ 8.25, 8.0, 8.25 ], 
            "faces": {
                "north": { "texture": "#0", "uv": [ 7.75, 8.0, 10.75, 8.25 ] },
                "east": { "texture": "#0", "uv": [ 7.75, 8.0, 8.25, 8.25 ] },
                "south": { "texture": "#0", "uv": [ 5.25, 8.0, 8.25, 8.25 ] },
                "west": { "texture": "#0", "uv": [ 7.75, 8.0, 8.25, 8.25 ] },
                "up": { "texture": "#0", "uv": [ 5.25, 7.75, 8.25, 8.25 ] },
                "down": { "texture": "#0", "uv": [ 10.75, 8.25, 7.75, 7.75 ] }
            }
        },
        {
            "name": "Element",
            "from": [ 6.75, 5.1, 7.25 ], 
            "to": [ 8.5, 7.699999999999999, 8.75 ], 
            "rotation": { "origin": [ 6.75, 7.75, 7.25 ], "axis": "z", "angle": 22.5 },
            "faces": {
                "north": { "texture": "#0", "uv": [ 7.5, 8.25, 9.25, 10.75 ] },
                "east": { "texture": "#0", "uv": [ 7.25, 8.25, 8.75, 10.75 ] },
                "south": { "texture": "#0", "uv": [ 6.75, 8.25, 8.5, 10.75 ] },
                "west": { "texture": "#0", "uv": [ 7.25, 8.25, 8.75, 10.75 ] },
                "up": { "texture": "#0", "uv": [ 6.75, 6.5, 8.5, 8.0 ] },
                "down": { "texture": "#0", "uv": [ 9.25, 8.0, 7.5, 6.5 ] }
            }
        },
        {
            "name": "Element",
            "from": [ 5.75, 4.75, 7.5 ], 
            "to": [ 6.75, 7.75, 8.5 ], 
            "rotation": { "origin": [ 5.75, 7.75, 7.5 ], "axis": "z", "angle": 22.5 },
            "faces": {
                "north": { "texture": "#0", "uv": [ 5.75, 8.25, 6.75, 11.25 ] },
                "east": { "texture": "#0", "uv": [ 7.5, 8.25, 8.5, 11.25 ] },
                "south": { "texture": "#0", "uv": [ 5.75, 8.25, 6.75, 11.25 ] },
                "up": { "texture": "#0", "uv": [ 5.75, 7.5, 6.75, 8.5 ] },
                "down": { "texture": "#0", "uv": [ 5.75, 7.5, 6.75, 8.5 ] }
            }
        },
        {
            "name": "Element",
            "from": [ 6.0, 4.75, 7.25 ], 
            "to": [ 6.5, 7.75, 8.75 ], 
            "rotation": { "origin": [ 6.0, 7.75, 7.25 ], "axis": "z", "angle": 22.5 },
            "faces": {
                "north": { "texture": "#0", "uv": [ 6.0, 8.25, 6.5, 11.25 ] },
                "east": { "texture": "#0", "uv": [ 7.25, 8.25, 8.75, 11.25 ] },
                "south": { "texture": "#0", "uv": [ 6.0, 8.25, 6.5, 11.25 ] },
                "west": { "texture": "#0", "uv": [ 7.25, 8.25, 8.75, 11.25 ] },
                "up": { "texture": "#0", "uv": [ 6.0, 6.5, 6.5, 8.0 ] },
                "down": { "texture": "#0", "uv": [ 6.0, 6.5, 6.5, 8.0 ] }
            }
        },
        {
            "name": "Element",
            "from": [ 5.0, 4.3, 7.25 ], 
            "to": [ 5.75, 7.8, 8.75 ], 
            "rotation": { "origin": [ 5.0, 7.75, 7.25 ], "axis": "z", "angle": 22.5 },
            "faces": {
                "north": { "texture": "#0", "uv": [ 5.0, 8.25, 5.75, 11.25 ] },
                "east": { "texture": "#0", "uv": [ 7.25, 8.25, 8.75, 11.25 ] },
                "south": { "texture": "#0", "uv": [ 5.0, 8.5, 5.75, 11.5 ] },
                "west": { "texture": "#0", "uv": [ 7.25, 8.25, 8.75, 11.25 ] },
                "up": { "texture": "#0", "uv": [ 5.0, 6.5, 5.75, 8.0 ] },
                "down": { "texture": "#0", "uv": [ 5.0, 6.5, 5.75, 8.0 ] }
            }
        },
        {
            "name": "Element",
            "from": [ 6.1, 1.2, 7.2 ], 
            "to": [ 9.475, 1.45, 8.8 ], 
            "rotation": { "origin": [ 6.1875, 4.8125, 7.25 ], "axis": "z", "angle": 45.0 },
            "faces": {
                "north": { "texture": "#0", "uv": [ 7.5, 12.0, 11.0, 12.25 ] },
                "east": { "texture": "#0", "uv": [ 7.25, 12.0, 8.75, 12.25 ] },
                "south": { "texture": "#0", "uv": [ 5.0, 12.0, 8.5, 12.25 ] },
                "west": { "texture": "#0", "uv": [ 7.25, 12.0, 8.75, 12.25 ] },
                "up": { "texture": "#0", "uv": [ 5.0, 7.25, 8.5, 8.75 ] },
                "down": { "texture": "#0", "uv": [ 11.0, 8.75, 7.5, 7.25 ] }
            }
        },
        {
            "name": "Cube",
            "from": [ 3.7, 1.4, 7.25 ], 
            "to": [ 4.45, 4.65, 8.75 ], 
            "rotation": { "origin": [ 5.0, 7.75, 7.25 ], "axis": "z", "angle": 45.0 },
            "faces": {
                "north": { "texture": "#0", "uv": [ 5.0, 8.25, 5.75, 11.25 ] },
                "east": { "texture": "#0", "uv": [ 7.25, 8.25, 8.75, 11.25 ] },
                "south": { "texture": "#0", "uv": [ 5.0, 8.5, 5.75, 11.5 ] },
                "west": { "texture": "#0", "uv": [ 7.25, 8.25, 8.75, 11.25 ] },
                "up": { "texture": "#0", "uv": [ 5.0, 6.5, 5.75, 8.0 ] },
                "down": { "texture": "#0", "uv": [ 5.0, 6.5, 5.75, 8.0 ] }
            }
        },
        {
            "name": "Cube",
            "from": [ 4.6, 2.0, 7.5 ], 
            "to": [ 5.6, 5.0, 8.5 ], 
            "rotation": { "origin": [ 5.75, 7.75, 7.5 ], "axis": "z", "angle": 45.0 },
            "faces": {
                "north": { "texture": "#0", "uv": [ 5.75, 8.25, 6.75, 11.25 ] },
                "east": { "texture": "#0", "uv": [ 7.5, 8.25, 8.5, 11.25 ] },
                "south": { "texture": "#0", "uv": [ 5.75, 8.25, 6.75, 11.25 ] },
                "up": { "texture": "#0", "uv": [ 5.75, 7.5, 6.75, 8.5 ] },
                "down": { "texture": "#0", "uv": [ 5.75, 7.5, 6.75, 8.5 ] }
            }
        },
        {
            "name": "Cube",
            "from": [ 4.9, 2.1, 7.25 ], 
            "to": [ 5.4, 5.1, 8.75 ], 
            "rotation": { "origin": [ 6.0, 7.75, 7.25 ], "axis": "z", "angle": 45.0 },
            "faces": {
                "north": { "texture": "#0", "uv": [ 6.0, 8.25, 6.5, 11.25 ] },
                "east": { "texture": "#0", "uv": [ 7.25, 8.25, 8.75, 11.25 ] },
                "south": { "texture": "#0", "uv": [ 6.0, 8.25, 6.5, 11.25 ] },
                "west": { "texture": "#0", "uv": [ 7.25, 8.25, 8.75, 11.25 ] },
                "up": { "texture": "#0", "uv": [ 6.0, 6.5, 6.5, 8.0 ] },
                "down": { "texture": "#0", "uv": [ 6.0, 6.5, 6.5, 8.0 ] }
            }
        },
        {
            "name": "Cube",
            "from": [ 5.75, 2.5, 7.25 ], 
            "to": [ 7.5, 5.3, 8.75 ], 
            "rotation": { "origin": [ 6.75, 7.75, 7.25 ], "axis": "z", "angle": 45.0 },
            "faces": {
                "north": { "texture": "#0", "uv": [ 7.5, 8.25, 9.25, 10.75 ] },
                "east": { "texture": "#0", "uv": [ 7.25, 8.25, 8.75, 10.75 ] },
                "south": { "texture": "#0", "uv": [ 6.75, 8.25, 8.5, 10.75 ] },
                "west": { "texture": "#0", "uv": [ 7.25, 8.25, 8.75, 10.75 ] },
                "up": { "texture": "#0", "uv": [ 6.75, 6.5, 8.5, 8.0 ] },
                "down": { "texture": "#0", "uv": [ 9.25, 8.0, 7.5, 6.5 ] }
            }
        }
    ],
"display": {
    "thirdperson_righthand": {
        "rotation": [ -180, 90, -180 ],
        "translation": [ 0, -0.57, -1.12 ],
        "scale": [ 0.7, 0.7, 0.7 ]
    },
    "thirdperson_lefthand": {
        "rotation": [ -180, -90, -180 ],
        "translation": [ 0, -0.57, -1.12 ],
        "scale": [ 0.7, 0.7, 0.7 ]
    },
    "ground": {
        "rotation": [ 90, 0, 0 ],
        "translation": [ 0, 0, 0 ],
        "scale": [ 1, 1, 1 ]
    },
    "fixed": {
        "rotation": [ 0, 0, 0 ],
        "translation": [ 0.8, 0.2, -0.6 ],
        "scale": [ 1.5, 1.5, 1.5 ]
    },
    "firstperson_righthand": {
        "rotation": [ 4, 90, 0 ],
        "translation": [ -1.51, 1.89, 1.13 ],
        "scale": [ 0.9, 0.9, 0.9 ]
    },
    "firstperson_lefthand": {
        "rotation": [ 4, -90, 0 ],
        "translation": [ -3.21, 1.89, 1.12 ],
        "scale": [ 0.9, 0.9, 0.9 ]
    },
    "gui": {
        "rotation": [ 14, 156, 0 ],
        "translation": [ -0.94, 1.5, 0 ],
        "scale": [ 1, 1, 1 ]
    }
}
}