{
"__comment": "Designed by Corporalblober with BDcraft Cubik PRO 0.95 Beta - http://bdcraft.net",
"textures": {
    "particle": "custom/1-metal",
    "texture": "custom/1-metal",
    "iron block": "custom/1-metal-light",
    "coal block": "custom/black",
    "door wood lower": "custom/wood-light"
},
"elements": [ 
{
    "from": [ 9, 3, 7.5 ],
    "to": [ 9.25, 12.5, 8.5 ],
    "faces": {
        "down":  { "uv": [ 7, 8.5, 6.75, 7.5 ], "texture": "#texture" },
        "up":    { "uv": [ 9, 7.5, 9.25, 8.5 ], "texture": "#texture" },
        "north": { "uv": [ 6.75, 3.5, 7, 13 ], "texture": "#texture" },
        "south": { "uv": [ 9, 3.5, 9.25, 13 ], "texture": "#texture" },
        "west":  { "uv": [ 7.5, 3.5, 8.5, 13 ], "texture": "#texture" },
        "east":  { "uv": [ 7.5, 3.5, 8.5, 13 ], "texture": "#texture" }
    }
},
{
    "from": [ 6.75, 2.5, 7 ],
    "to": [ 9.25, 3, 9 ],
    "faces": {
        "down":  { "uv": [ 9.25, 9, 6.75, 7 ], "texture": "#texture" },
        "up":    { "uv": [ 6.75, 7, 9.25, 9 ], "texture": "#texture" },
        "north": { "uv": [ 6.75, 13, 9.25, 13.5 ], "texture": "#texture" },
        "south": { "uv": [ 6.75, 13, 9.25, 13.5 ], "texture": "#texture" },
        "west":  { "uv": [ 7, 13, 9, 13.5 ], "texture": "#texture" },
        "east":  { "uv": [ 7, 13, 9, 13.5 ], "texture": "#texture" }
    }
},
{
    "from": [ 6.5, 2.5, 7.25 ],
    "to": [ 6.75, 3, 8.75 ],
    "faces": {
        "down":  { "uv": [ 9.5, 8.75, 9.25, 7.25 ], "texture": "#texture" },
        "up":    { "uv": [ 6.5, 7.25, 6.75, 8.75 ], "texture": "#texture" },
        "north": { "uv": [ 9.25, 13, 9.5, 13.5 ], "texture": "#texture" },
        "south": { "uv": [ 6.5, 13, 6.75, 13.5 ], "texture": "#texture" },
        "west":  { "uv": [ 7.25, 13, 8.75, 13.5 ], "texture": "#texture" },
        "east":  { "uv": [ 7.25, 13, 8.75, 13.5 ], "texture": "#texture" }
    }
},
{
    "from": [ 7, 3, 7.25 ],
    "to": [ 9.25, 14.25, 7.5 ],
    "faces": {
        "down":  { "uv": [ 9, 7.5, 6.75, 7.25 ], "texture": "#texture" },
        "up":    { "uv": [ 7, 7.25, 9.25, 7.5 ], "texture": "#texture" },
        "north": { "uv": [ 6.75, 1.75, 9, 13 ], "texture": "#texture" },
        "south": { "uv": [ 7, 1.75, 9.25, 13 ], "texture": "#texture" },
        "west":  { "uv": [ 7.25, 1.75, 7.5, 13 ], "texture": "#texture" },
        "east":  { "uv": [ 8.5, 1.75, 8.75, 13 ], "texture": "#texture" }
    }
},
{
    "from": [ 7, 3, 8.5 ],
    "to": [ 9.25, 14.25, 8.75 ],
    "faces": {
        "down":  { "uv": [ 9, 8.75, 6.75, 8.5 ], "texture": "#texture" },
        "up":    { "uv": [ 7, 8.5, 9.25, 8.75 ], "texture": "#texture" },
        "north": { "uv": [ 6.75, 1.75, 9, 13 ], "texture": "#texture" },
        "south": { "uv": [ 7, 1.75, 9.25, 13 ], "texture": "#texture" },
        "west":  { "uv": [ 8.5, 1.75, 8.75, 13 ], "texture": "#texture" },
        "east":  { "uv": [ 7.25, 1.75, 7.5, 13 ], "texture": "#texture" }
    }
},
{
    "from": [ 7, 12.5, 7.5 ],
    "to": [ 7.5, 12.75, 7.75 ],
    "faces": {
        "down":  { "uv": [ 9, 7.75, 8.5, 7.5 ], "texture": "#texture" },
        "up":    { "uv": [ 7, 7.5, 7.5, 7.75 ], "texture": "#texture" },
        "north": { "uv": [ 8.5, 3.25, 9, 3.5 ], "texture": "#texture" },
        "south": { "uv": [ 7, 3.25, 7.5, 3.5 ], "texture": "#texture" },
        "west":  { "uv": [ 7.5, 3.25, 7.75, 3.5 ], "texture": "#texture" },
        "east":  { "uv": [ 8.25, 3.25, 8.5, 3.5 ], "texture": "#texture" }
    }
},
{
    "from": [ 7, 12.5, 8.25 ],
    "to": [ 7.5, 12.75, 8.5 ],
    "faces": {
        "down":  { "uv": [ 9, 8.5, 8.5, 8.25 ], "texture": "#texture" },
        "up":    { "uv": [ 7, 8.25, 7.5, 8.5 ], "texture": "#texture" },
        "north": { "uv": [ 8.5, 3.25, 9, 3.5 ], "texture": "#texture" },
        "south": { "uv": [ 7, 3.25, 7.5, 3.5 ], "texture": "#texture" },
        "west":  { "uv": [ 8.25, 3.25, 8.5, 3.5 ], "texture": "#texture" },
        "east":  { "uv": [ 7.5, 3.25, 7.75, 3.5 ], "texture": "#texture" }
    }
},
{
    "from": [ 7, 3, 8.125 ],
    "to": [ 7.25, 12.5, 8.625 ],
    "faces": {
        "down":  { "uv": [ 9, 8.625, 8.75, 8.125 ], "texture": "#texture" },
        "up":    { "uv": [ 7, 8.125, 7.25, 8.625 ], "texture": "#texture" },
        "north": { "uv": [ 8.75, 3.5, 9, 13 ], "texture": "#texture" },
        "south": { "uv": [ 7, 3.5, 7.25, 13 ], "texture": "#texture" },
        "west":  { "uv": [ 8.125, 3.5, 8.625, 13 ], "texture": "#texture" },
        "east":  { "uv": [ 7.375, 3.5, 7.875, 13 ], "texture": "#texture" }
    }
},
{
    "from": [ 7, 3, 7.375 ],
    "to": [ 7.25, 12.5, 7.875 ],
    "faces": {
        "down":  { "uv": [ 9, 7.875, 8.75, 7.375 ], "texture": "#texture" },
        "up":    { "uv": [ 7, 7.375, 7.25, 7.875 ], "texture": "#texture" },
        "north": { "uv": [ 8.75, 3.5, 9, 13 ], "texture": "#texture" },
        "south": { "uv": [ 7, 3.5, 7.25, 13 ], "texture": "#texture" },
        "west":  { "uv": [ 7.375, 3.5, 7.875, 13 ], "texture": "#texture" },
        "east":  { "uv": [ 8.125, 3.5, 8.625, 13 ], "texture": "#texture" }
    }
},
{
    "from": [ 7, 3, 7.75 ],
    "to": [ 7.25, 4.25, 8.25 ],
    "faces": {
        "down":  { "uv": [ 9, 8.25, 8.75, 7.75 ], "texture": "#texture" },
        "up":    { "uv": [ 7, 7.75, 7.25, 8.25 ], "texture": "#texture" },
        "north": { "uv": [ 8.75, 11.75, 9, 13 ], "texture": "#texture" },
        "south": { "uv": [ 7, 11.75, 7.25, 13 ], "texture": "#texture" },
        "west":  { "uv": [ 7.75, 11.75, 8.25, 13 ], "texture": "#texture" },
        "east":  { "uv": [ 7.75, 11.75, 8.25, 13 ], "texture": "#texture" }
    }
},
{
    "from": [ 7.25, 3, 7.5 ],
    "to": [ 7.5, 12.5, 8.5 ],
    "faces": {
        "down":  { "uv": [ 8.75, 8.5, 8.5, 7.5 ], "texture": "#texture" },
        "up":    { "uv": [ 7.25, 7.5, 7.5, 8.5 ], "texture": "#texture" },
        "north": { "uv": [ 8.5, 3.5, 8.75, 13 ], "texture": "#texture" },
        "south": { "uv": [ 7.25, 3.5, 7.5, 13 ], "texture": "#texture" },
        "west":  { "uv": [ 7.5, 3.5, 8.5, 13 ], "texture": "#texture" },
        "east":  { "uv": [ 7.5, 3.5, 8.5, 13 ], "texture": "#texture" }
    }
},
{
    "from": [ 7.0625, 4.1875, 7.9375 ],
    "to": [ 7.1875, 12.125, 8.0625 ],
    "faces": {
        "down":  { "uv": [ 8.9375, 8.0625, 8.8125, 7.9375 ], "texture": "#iron block" },
        "up":    { "uv": [ 7.0625, 7.9375, 7.1875, 8.0625 ], "texture": "#iron block" },
        "north": { "uv": [ 8.8125, 3.875, 8.9375, 11.8125 ], "texture": "#iron block" },
        "south": { "uv": [ 7.0625, 3.875, 7.1875, 11.8125 ], "texture": "#iron block" },
        "west":  { "uv": [ 7.9375, 3.875, 8.0625, 11.8125 ], "texture": "#iron block" },
        "east":  { "uv": [ 7.9375, 3.875, 8.0625, 11.8125 ], "texture": "#iron block" }
    }
},
{
    "from": [ 6.9375, 11.5, 7.875 ],
    "to": [ 7.1875, 12.25, 8.125 ],
    "faces": {
        "down":  { "uv": [ 9.0625, 8.125, 8.8125, 7.875 ], "texture": "#coal block" },
        "up":    { "uv": [ 6.9375, 7.875, 7.1875, 8.125 ], "texture": "#coal block" },
        "north": { "uv": [ 8.8125, 3.75, 9.0625, 4.5 ], "texture": "#coal block" },
        "south": { "uv": [ 6.9375, 3.75, 7.1875, 4.5 ], "texture": "#coal block" },
        "west":  { "uv": [ 7.875, 3.75, 8.125, 4.5 ], "texture": "#coal block" },
        "east":  { "uv": [ 7.875, 3.75, 8.125, 4.5 ], "texture": "#coal block" }
    }
},
{
    "from": [ 7.75, 13.5, 7.625 ],
    "to": [ 9, 14.25, 8.375 ],
    "faces": {
        "down":  { "uv": [ 0, 1, 1, 2 ], "texture": "#door wood lower" },
        "up":    { "uv": [ 0, 1, 1, 2 ], "texture": "#door wood lower" },
        "north": { "uv": [ 0, 1, 1, 2 ], "texture": "#door wood lower" },
        "south": { "uv": [ 0, 1, 1, 2 ], "texture": "#door wood lower" },
        "west":  { "uv": [ 0, 1, 1, 2 ], "texture": "#door wood lower" },
        "east":  { "uv": [ 0, 1, 1, 2 ], "texture": "#door wood lower" }
    }
},
{
    "from": [ 7.25, 12.625, 7.75 ],
    "to": [ 7.75, 13.125, 8.25 ],
    "faces": {
        "down":  { "uv": [ 7.75, 5.75, 7.25, 5.25 ], "texture": "#door wood lower" },
        "up":    { "uv": [ 7.25, 5.25, 7.75, 5.75 ], "texture": "#door wood lower" },
        "north": { "uv": [ 7.25, 5.125, 7.75, 5.625 ], "texture": "#door wood lower" },
        "south": { "uv": [ 7.25, 5.125, 7.75, 5.625 ], "texture": "#door wood lower" },
        "west":  { "uv": [ 7.25, 5.125, 7.75, 5.625 ], "texture": "#door wood lower" },
        "east":  { "uv": [ 7.25, 5.125, 7.75, 5.625 ], "texture": "#door wood lower" }
    }
},
{
    "from": [ 7.875, 11.75, 7.75 ],
    "to": [ 8.625, 13.5, 8.25 ],
    "faces": {
        "down":  { "uv": [ 8.125, 8.25, 7.375, 7.75 ], "texture": "#texture" },
        "up":    { "uv": [ 7.875, 7.75, 8.625, 8.25 ], "texture": "#texture" },
        "north": { "uv": [ 7.375, 2.5, 8.125, 4.25 ], "texture": "#texture" },
        "south": { "uv": [ 7.875, 2.5, 8.625, 4.25 ], "texture": "#texture" },
        "west":  { "uv": [ 7.75, 2.5, 8.25, 4.25 ], "texture": "#texture" },
        "east":  { "uv": [ 7.75, 2.5, 8.25, 4.25 ], "texture": "#texture" }
    }
},
{
    "from": [ 7, 12.75, 7.875 ],
    "to": [ 7.25, 13, 8.125 ],
    "faces": {
        "down":  { "uv": [ 7.75, 3.625, 7.5, 3.375 ], "texture": "#door wood lower" },
        "up":    { "uv": [ 7.25, 3.375, 7.5, 3.625 ], "texture": "#door wood lower" },
        "north": { "uv": [ 7.25, 3.5, 7.5, 3.75 ], "texture": "#door wood lower" },
        "south": { "uv": [ 7.25, 3.5, 7.5, 3.75 ], "texture": "#door wood lower" },
        "west":  { "uv": [ 7.625, 3.5, 7.875, 3.75 ], "texture": "#door wood lower" },
        "east":  { "uv": [ 7.375, 3.5, 7.625, 3.75 ], "texture": "#door wood lower" }
    }
},
{
    "from": [ 7.75, 12.5, 7.625 ],
    "to": [ 9, 13.25, 8.375 ],
    "faces": {
        "down":  { "uv": [ 0, 1, 1, 2 ], "texture": "#door wood lower" },
        "up":    { "uv": [ 0, 1, 1, 2 ], "texture": "#door wood lower" },
        "north": { "uv": [ 0, 1, 1, 2 ], "texture": "#door wood lower" },
        "south": { "uv": [ 0, 1, 1, 2 ], "texture": "#door wood lower" },
        "west":  { "uv": [ 0, 1, 1, 2 ], "texture": "#door wood lower" },
        "east":  { "uv": [ 0, 1, 1, 2 ], "texture": "#door wood lower" }
    }
},
{
    "from": [ 7.25, 13.625, 7.75 ],
    "to": [ 7.75, 14.125, 8.25 ],
    "faces": {
        "down":  { "uv": [ 7.75, 5.75, 7.25, 5.25 ], "texture": "#door wood lower" },
        "up":    { "uv": [ 7.25, 5.25, 7.75, 5.75 ], "texture": "#door wood lower" },
        "north": { "uv": [ 7.25, 5.125, 7.75, 5.625 ], "texture": "#door wood lower" },
        "south": { "uv": [ 7.25, 5.125, 7.75, 5.625 ], "texture": "#door wood lower" },
        "west":  { "uv": [ 7.25, 5.125, 7.75, 5.625 ], "texture": "#door wood lower" },
        "east":  { "uv": [ 7.25, 5.125, 7.75, 5.625 ], "texture": "#door wood lower" }
    }
},
{
    "from": [ 7, 13.75, 7.875 ],
    "to": [ 7.25, 14, 8.125 ],
    "faces": {
        "down":  { "uv": [ 7.75, 3.625, 7.5, 3.375 ], "texture": "#door wood lower" },
        "up":    { "uv": [ 7.25, 3.375, 7.5, 3.625 ], "texture": "#door wood lower" },
        "north": { "uv": [ 7.25, 3.5, 7.5, 3.75 ], "texture": "#door wood lower" },
        "south": { "uv": [ 7.25, 3.5, 7.5, 3.75 ], "texture": "#door wood lower" },
        "west":  { "uv": [ 7.625, 3.5, 7.875, 3.75 ], "texture": "#door wood lower" },
        "east":  { "uv": [ 7.375, 3.5, 7.625, 3.75 ], "texture": "#door wood lower" }
    }
},
{
    "from": [ 7.25, 14.25, 8.5 ],
    "to": [ 9, 14.5, 8.75 ],
    "faces": {
        "down":  { "uv": [ 8.75, 8.75, 7, 8.5 ], "texture": "#texture" },
        "up":    { "uv": [ 7.25, 8.5, 9, 8.75 ], "texture": "#texture" },
        "north": { "uv": [ 7, 1.5, 8.75, 1.75 ], "texture": "#texture" },
        "south": { "uv": [ 7.25, 1.5, 9, 1.75 ], "texture": "#texture" },
        "west":  { "uv": [ 8.5, 1.5, 8.75, 1.75 ], "texture": "#texture" },
        "east":  { "uv": [ 7.25, 1.5, 7.5, 1.75 ], "texture": "#texture" }
    }
},
{
    "from": [ 7.25, 14.25, 7.25 ],
    "to": [ 9, 14.5, 7.5 ],
    "faces": {
        "down":  { "uv": [ 8.75, 7.5, 7, 7.25 ], "texture": "#texture" },
        "up":    { "uv": [ 7.25, 7.25, 9, 7.5 ], "texture": "#texture" },
        "north": { "uv": [ 7, 1.5, 8.75, 1.75 ], "texture": "#texture" },
        "south": { "uv": [ 7.25, 1.5, 9, 1.75 ], "texture": "#texture" },
        "west":  { "uv": [ 7.25, 1.5, 7.5, 1.75 ], "texture": "#texture" },
        "east":  { "uv": [ 8.5, 1.5, 8.75, 1.75 ], "texture": "#texture" }
    }
}
],
"display": {
    "thirdperson_righthand": {
        "rotation": [ -180, -90, 166 ],
        "translation": [ 0, 0, 0.19 ],
        "scale": [ 0.7, 0.7, 0.7 ]
    },
    "thirdperson_lefthand": {
        "rotation": [ -180, 90, -166 ],
        "translation": [ 0, 0, 0.19 ],
        "scale": [ 0.7, 0.7, 0.7 ]
    },
    "ground": {
        "rotation": [ 90, 0, 0 ],
        "translation": [ 0, 0, 0 ],
        "scale": [ 1, 1, 1 ]
    },
    "fixed": {
        "rotation": [ 0, 180, 45 ],
        "translation": [ -0.2, 0, -0.4 ],
        "scale": [ 1.5, 1.5, 1.5 ]
    },
    "firstperson_righthand": {
        "rotation": [ 18, -90, 0 ],
        "translation": [ -0.38, 0.38, 0 ],
        "scale": [ 0.9, 0.9, 0.9 ]
    },
    "firstperson_lefthand": {
        "rotation": [ 18, 90, 0 ],
        "translation": [ -1.89, 0.38, 0 ],
        "scale": [ 0.9, 0.9, 0.9 ]
    },
    "gui": {
        "rotation": [ 0, 0, 45 ],
        "translation": [ 0.19, 0.19, 0 ],
        "scale": [ 1, 1, 1 ]
    }
}
}