{
    "__comment": "Model generated using MrCrayfish's Model Creator (http://mrcrayfish.com/modelcreator/)",
    "textures": {
    "0": "bp/ak47"
    },
    "elements": [
        {
            "name": "Cube",
            "from": [ -4.0, 0.0, 0.0 ], 
            "to": [ 20.0, 0.1, 16.0 ], 
            "faces": {
                "north": { "texture": "#0", "uv": [ 0.0, 0.0, 16.0, 16.0 ] },
                "east": { "texture": "#0", "uv": [ 0.0, 0.0, 16.0, 16.0 ] },
                "south": { "texture": "#0", "uv": [ 0.0, 0.0, 16.0, 16.0 ] },
                "west": { "texture": "#0", "uv": [ 0.0, 0.0, 16.0, 16.0 ] },
                "up": { "texture": "#0", "uv": [ 0.0, 0.0, 16.0, 16.0 ] },
                "down": { "texture": "#0", "uv": [ 0.0, 0.0, 16.0, 16.0 ] }
            }
        }
    ],
"display": {
	"gui": {
        "rotation": [ 90, 0, 0 ],
        "translation": [ 0, 0, 0 ],
        "scale": [ 0.8, 0.8, 0.8 ]
    },
	"firstperson_lefthand": {
        "rotation": [ 60, 0, 0 ],
        "translation": [ -9, 7, 2 ],
        "scale": [ 1, 1, 1 ]
    },
	"firstperson_righthand": {
        "rotation": [ 60, 0, 0 ],
        "translation": [ -9, 7, 2 ],
        "scale": [ 1, 1, 1 ]
	},
	"thirdperson_lefthand": {
        "rotation": [ 0, 0, -90 ],
        "translation": [ 4, 0, 0 ],
        "scale": [ 0.5, 0.5, 0.5 ]
    },
	"thirdperson_righthand": {
        "rotation": [ 0, 0, -90 ],
        "translation": [ 4, 0, 0 ],
        "scale": [ 0.5, 0.5, 0.5 ]
    },
	"ground": {
        "rotation": [ 0, 0, 0 ],
        "translation": [ 0, 6, 0 ],
        "scale": [ 0.5, 0.5, 0.5 ]
    }
}
}