{
    "__comment": "Model generated using MrCrayfish's Model Creator (http://mrcrayfish.com/modelcreator/)",
    "textures": {
        "0": "custom/sunglasses1",
        "1": "custom/sunglasses2"
    },
    "elements": [
        {
            "name": "??",
            "from": [ 15.5, 7.8, 1.0 ], 
            "to": [ 16.0, 8.6, 11.0 ], 
            "faces": {
                "north": { "texture": "#0", "uv": [ 0.0, 0.0, 0.5, 0.8 ] },
                "east": { "texture": "#0", "uv": [ 0.0, 0.0, 9.0, 0.8 ] },
                "south": { "texture": "#0", "uv": [ 0.0, 0.0, 0.5, 0.8 ] },
                "west": { "texture": "#0", "uv": [ 0.0, 0.0, 9.0, 0.8 ] },
                "up": { "texture": "#0", "uv": [ 0.0, 0.0, 0.5, 9.0 ] },
                "down": { "texture": "#0", "uv": [ 0.0, 0.0, 0.5, 9.0 ] }
            }
        },
        {
            "name": "??",
            "from": [ 0.0, 7.8, 1.0 ], 
            "to": [ 0.5, 8.6, 11.0 ], 
            "faces": {
                "north": { "texture": "#0", "uv": [ 0.0, 0.0, 0.5, 0.8 ] },
                "east": { "texture": "#0", "uv": [ 0.0, 0.0, 9.0, 0.8 ] },
                "south": { "texture": "#0", "uv": [ 0.0, 0.0, 0.5, 0.8 ] },
                "west": { "texture": "#0", "uv": [ 0.0, 0.0, 9.0, 0.8 ] },
                "up": { "texture": "#0", "uv": [ 0.0, 0.0, 0.5, 9.0 ] },
                "down": { "texture": "#0", "uv": [ 0.0, 0.0, 0.5, 9.0 ] }
            }
        },
        {
            "name": "Top",
            "from": [ 0.0, 8.0, 0.5 ], 
            "to": [ 16.0, 8.8, 1.0 ], 
            "faces": {
                "north": { "texture": "#0", "uv": [ 0.0, 0.0, 16.0, 0.8 ] },
                "east": { "texture": "#0", "uv": [ 0.0, 0.0, 0.5, 0.8 ] },
                "south": { "texture": "#0", "uv": [ 0.0, 0.0, 16.0, 0.8 ] },
                "west": { "texture": "#0", "uv": [ 0.0, 0.0, 0.5, 0.8 ] },
                "up": { "texture": "#0", "uv": [ 0.0, 0.0, 16.0, 0.5 ] },
                "down": { "texture": "#0", "uv": [ 0.0, 0.0, 16.0, 0.5 ] }
            }
        },
        {
            "name": "1",
            "from": [ 14.4, 7.2, 0.5 ], 
            "to": [ 16.0, 8.0, 1.0 ], 
            "faces": {
                "north": { "texture": "#0", "uv": [ 0.0, 0.0, 1.6, 0.8 ] },
                "east": { "texture": "#0", "uv": [ 0.0, 0.0, 0.5, 0.8 ] },
                "south": { "texture": "#0", "uv": [ 0.0, 0.0, 1.6, 0.8 ] },
                "west": { "texture": "#0", "uv": [ 0.0, 0.0, 0.5, 0.8 ] },
                "up": { "texture": "#0", "uv": [ 0.0, 0.0, 1.6, 0.5 ] },
                "down": { "texture": "#0", "uv": [ 0.0, 0.0, 1.6, 0.5 ] }
            }
        },
        {
            "name": "2-",
            "from": [ 13.6, 7.2, 0.5 ], 
            "to": [ 14.4, 8.0, 1.0 ], 
            "faces": {
                "north": { "texture": "#1", "uv": [ 0.0, 0.0, 0.8, 0.8 ] },
                "east": { "texture": "#1", "uv": [ 0.0, 0.0, 0.5, 0.8 ] },
                "south": { "texture": "#1", "uv": [ 0.0, 0.0, 0.8, 0.8 ] },
                "west": { "texture": "#1", "uv": [ 0.0, 0.0, 0.5, 0.8 ] },
                "up": { "texture": "#1", "uv": [ 0.0, 0.0, 0.8, 0.5 ] },
                "down": { "texture": "#1", "uv": [ 0.0, 0.0, 0.8, 0.5 ] }
            }
        },
        {
            "name": "3",
            "from": [ 12.8, 7.2, 0.5 ], 
            "to": [ 13.6, 8.0, 1.0 ], 
            "faces": {
                "north": { "texture": "#0", "uv": [ 0.0, 0.0, 0.8, 0.8 ] },
                "east": { "texture": "#0", "uv": [ 0.0, 0.0, 0.5, 0.8 ] },
                "south": { "texture": "#0", "uv": [ 0.0, 0.0, 0.8, 0.8 ] },
                "west": { "texture": "#0", "uv": [ 0.0, 0.0, 0.5, 0.8 ] },
                "up": { "texture": "#0", "uv": [ 0.0, 0.0, 0.8, 0.5 ] },
                "down": { "texture": "#0", "uv": [ 0.0, 0.0, 0.8, 0.5 ] }
            }
        },
        {
            "name": "4-",
            "from": [ 12.0, 7.2, 0.5 ], 
            "to": [ 12.8, 8.0, 1.0 ], 
            "faces": {
                "north": { "texture": "#1", "uv": [ 0.0, 0.0, 0.8, 0.8 ] },
                "east": { "texture": "#1", "uv": [ 0.0, 0.0, 0.5, 0.8 ] },
                "south": { "texture": "#1", "uv": [ 0.0, 0.0, 0.8, 0.8 ] },
                "west": { "texture": "#1", "uv": [ 0.0, 0.0, 0.5, 0.8 ] },
                "up": { "texture": "#1", "uv": [ 0.0, 0.0, 0.8, 0.5 ] },
                "down": { "texture": "#1", "uv": [ 0.0, 0.0, 0.8, 0.5 ] }
            }
        },
        {
            "name": "5",
            "from": [ 8.8, 7.2, 0.5 ], 
            "to": [ 12.0, 8.0, 1.0 ], 
            "faces": {
                "north": { "texture": "#0", "uv": [ 0.0, 0.0, 3.2, 0.8 ] },
                "east": { "texture": "#0", "uv": [ 0.0, 0.0, 0.5, 0.8 ] },
                "south": { "texture": "#0", "uv": [ 0.0, 0.0, 3.2, 0.8 ] },
                "west": { "texture": "#0", "uv": [ 0.0, 0.0, 0.5, 0.8 ] },
                "up": { "texture": "#0", "uv": [ 0.0, 0.0, 3.2, 0.5 ] },
                "down": { "texture": "#0", "uv": [ 0.0, 0.0, 3.2, 0.5 ] }
            }
        },
        {
            "name": "6",
            "from": [ 5.6, 7.2, 0.5 ], 
            "to": [ 7.2, 8.0, 1.0 ], 
            "faces": {
                "north": { "texture": "#0", "uv": [ 0.0, 0.0, 1.6, 0.8 ] },
                "east": { "texture": "#0", "uv": [ 0.0, 0.0, 0.5, 0.8 ] },
                "south": { "texture": "#0", "uv": [ 0.0, 0.0, 1.6, 0.8 ] },
                "west": { "texture": "#0", "uv": [ 0.0, 0.0, 0.5, 0.8 ] },
                "up": { "texture": "#0", "uv": [ 0.0, 0.0, 1.6, 0.5 ] },
                "down": { "texture": "#0", "uv": [ 0.0, 0.0, 1.6, 0.5 ] }
            }
        },
        {
            "name": "7-",
            "from": [ 4.8, 7.2, 0.5 ], 
            "to": [ 5.6, 8.0, 1.0 ], 
            "faces": {
                "north": { "texture": "#1", "uv": [ 0.0, 0.0, 0.8, 0.8 ] },
                "east": { "texture": "#1", "uv": [ 0.0, 0.0, 0.5, 0.8 ] },
                "south": { "texture": "#1", "uv": [ 0.0, 0.0, 0.8, 0.8 ] },
                "west": { "texture": "#1", "uv": [ 0.0, 0.0, 0.5, 0.8 ] },
                "up": { "texture": "#1", "uv": [ 0.0, 0.0, 0.8, 0.5 ] },
                "down": { "texture": "#1", "uv": [ 0.0, 0.0, 0.8, 0.5 ] }
            }
        },
        {
            "name": "8",
            "from": [ 4.0, 7.2, 0.5 ], 
            "to": [ 4.8, 8.0, 1.0 ], 
            "faces": {
                "north": { "texture": "#0", "uv": [ 0.0, 0.0, 0.8, 0.8 ] },
                "east": { "texture": "#0", "uv": [ 0.0, 0.0, 0.5, 0.8 ] },
                "south": { "texture": "#0", "uv": [ 0.0, 0.0, 0.8, 0.8 ] },
                "west": { "texture": "#0", "uv": [ 0.0, 0.0, 0.5, 0.8 ] },
                "up": { "texture": "#0", "uv": [ 0.0, 0.0, 0.8, 0.5 ] },
                "down": { "texture": "#0", "uv": [ 0.0, 0.0, 0.8, 0.5 ] }
            }
        },
        {
            "name": "9-",
            "from": [ 3.2, 7.2, 0.5 ], 
            "to": [ 4.0, 8.0, 1.0 ], 
            "faces": {
                "north": { "texture": "#1", "uv": [ 0.0, 0.0, 0.8, 0.8 ] },
                "east": { "texture": "#1", "uv": [ 0.0, 0.0, 0.5, 0.8 ] },
                "south": { "texture": "#1", "uv": [ 0.0, 0.0, 0.8, 0.8 ] },
                "west": { "texture": "#1", "uv": [ 0.0, 0.0, 0.5, 0.8 ] },
                "up": { "texture": "#1", "uv": [ 0.0, 0.0, 0.8, 0.5 ] },
                "down": { "texture": "#1", "uv": [ 0.0, 0.0, 0.8, 0.5 ] }
            }
        },
        {
            "name": "10",
            "from": [ 0.0, 7.2, 0.5 ], 
            "to": [ 3.2, 8.0, 1.0 ], 
            "faces": {
                "north": { "texture": "#0", "uv": [ 0.0, 0.0, 3.2, 0.8 ] },
                "east": { "texture": "#0", "uv": [ 0.0, 0.0, 0.5, 0.8 ] },
                "south": { "texture": "#0", "uv": [ 0.0, 0.0, 3.2, 0.8 ] },
                "west": { "texture": "#0", "uv": [ 0.0, 0.0, 0.5, 0.8 ] },
                "up": { "texture": "#0", "uv": [ 0.0, 0.0, 3.2, 0.5 ] },
                "down": { "texture": "#0", "uv": [ 0.0, 0.0, 3.2, 0.5 ] }
            }
        },
        {
            "name": "11",
            "from": [ 13.6, 6.4, 0.5 ], 
            "to": [ 15.2, 7.2, 1.0 ], 
            "faces": {
                "north": { "texture": "#0", "uv": [ 0.0, 0.0, 1.6, 0.8 ] },
                "east": { "texture": "#0", "uv": [ 0.0, 0.0, 0.5, 0.8 ] },
                "south": { "texture": "#0", "uv": [ 0.0, 0.0, 1.6, 0.8 ] },
                "west": { "texture": "#0", "uv": [ 0.0, 0.0, 0.5, 0.8 ] },
                "up": { "texture": "#0", "uv": [ 0.0, 0.0, 1.6, 0.5 ] },
                "down": { "texture": "#0", "uv": [ 0.0, 0.0, 1.6, 0.5 ] }
            }
        },
        {
            "name": "12-",
            "from": [ 12.8, 6.4, 0.5 ], 
            "to": [ 13.6, 7.2, 1.0 ], 
            "faces": {
                "north": { "texture": "#1", "uv": [ 0.0, 0.0, 0.8, 0.8 ] },
                "east": { "texture": "#1", "uv": [ 0.0, 0.0, 0.5, 0.8 ] },
                "south": { "texture": "#1", "uv": [ 0.0, 0.0, 0.8, 0.8 ] },
                "west": { "texture": "#1", "uv": [ 0.0, 0.0, 0.5, 0.8 ] },
                "up": { "texture": "#1", "uv": [ 0.0, 0.0, 0.8, 0.5 ] },
                "down": { "texture": "#1", "uv": [ 0.0, 0.0, 0.8, 0.5 ] }
            }
        },
        {
            "name": "13",
            "from": [ 12.0, 6.4, 0.5 ], 
            "to": [ 12.8, 7.2, 1.0 ], 
            "faces": {
                "north": { "texture": "#0", "uv": [ 0.0, 0.0, 0.8, 0.8 ] },
                "east": { "texture": "#0", "uv": [ 0.0, 0.0, 0.5, 0.8 ] },
                "south": { "texture": "#0", "uv": [ 0.0, 0.0, 0.8, 0.8 ] },
                "west": { "texture": "#0", "uv": [ 0.0, 0.0, 0.5, 0.8 ] },
                "up": { "texture": "#0", "uv": [ 0.0, 0.0, 0.8, 0.5 ] },
                "down": { "texture": "#0", "uv": [ 0.0, 0.0, 0.8, 0.5 ] }
            }
        },
        {
            "name": "14-",
            "from": [ 11.2, 6.4, 0.5 ], 
            "to": [ 12.0, 7.2, 1.0 ], 
            "faces": {
                "north": { "texture": "#1", "uv": [ 0.0, 0.0, 0.8, 0.8 ] },
                "east": { "texture": "#1", "uv": [ 0.0, 0.0, 0.5, 0.8 ] },
                "south": { "texture": "#1", "uv": [ 0.0, 0.0, 0.8, 0.8 ] },
                "west": { "texture": "#1", "uv": [ 0.0, 0.0, 0.5, 0.8 ] },
                "up": { "texture": "#1", "uv": [ 0.0, 0.0, 0.8, 0.5 ] },
                "down": { "texture": "#1", "uv": [ 0.0, 0.0, 0.8, 0.5 ] }
            }
        },
        {
            "name": "15",
            "from": [ 9.6, 6.4, 0.5 ], 
            "to": [ 11.2, 7.2, 1.0 ], 
            "faces": {
                "north": { "texture": "#0", "uv": [ 0.0, 0.0, 1.6, 0.8 ] },
                "east": { "texture": "#0", "uv": [ 0.0, 0.0, 0.5, 0.8 ] },
                "south": { "texture": "#0", "uv": [ 0.0, 0.0, 1.6, 0.8 ] },
                "west": { "texture": "#0", "uv": [ 0.0, 0.0, 0.5, 0.8 ] },
                "up": { "texture": "#0", "uv": [ 0.0, 0.0, 1.6, 0.5 ] },
                "down": { "texture": "#0", "uv": [ 0.0, 0.0, 1.6, 0.5 ] }
            }
        },
        {
            "name": "16",
            "from": [ 4.8, 6.4, 0.5 ], 
            "to": [ 6.4, 7.2, 1.0 ], 
            "faces": {
                "north": { "texture": "#0", "uv": [ 0.0, 0.0, 1.6, 0.8 ] },
                "east": { "texture": "#0", "uv": [ 0.0, 0.0, 0.5, 0.8 ] },
                "south": { "texture": "#0", "uv": [ 0.0, 0.0, 1.6, 0.8 ] },
                "west": { "texture": "#0", "uv": [ 0.0, 0.0, 0.5, 0.8 ] },
                "up": { "texture": "#0", "uv": [ 0.0, 0.0, 1.6, 0.5 ] },
                "down": { "texture": "#0", "uv": [ 0.0, 0.0, 1.6, 0.5 ] }
            }
        },
        {
            "name": "17-",
            "from": [ 4.0, 6.4, 0.5 ], 
            "to": [ 4.8, 7.2, 1.0 ], 
            "faces": {
                "north": { "texture": "#1", "uv": [ 0.0, 0.0, 0.8, 0.8 ] },
                "east": { "texture": "#1", "uv": [ 0.0, 0.0, 0.5, 0.8 ] },
                "south": { "texture": "#1", "uv": [ 0.0, 0.0, 0.8, 0.8 ] },
                "west": { "texture": "#1", "uv": [ 0.0, 0.0, 0.5, 0.8 ] },
                "up": { "texture": "#1", "uv": [ 0.0, 0.0, 0.8, 0.5 ] },
                "down": { "texture": "#1", "uv": [ 0.0, 0.0, 0.8, 0.5 ] }
            }
        },
        {
            "name": "18",
            "from": [ 3.2, 6.4, 0.5 ], 
            "to": [ 4.0, 7.2, 1.0 ], 
            "faces": {
                "north": { "texture": "#0", "uv": [ 0.0, 0.0, 0.8, 0.8 ] },
                "east": { "texture": "#0", "uv": [ 0.0, 0.0, 0.5, 0.8 ] },
                "south": { "texture": "#0", "uv": [ 0.0, 0.0, 0.8, 0.8 ] },
                "west": { "texture": "#0", "uv": [ 0.0, 0.0, 0.5, 0.8 ] },
                "up": { "texture": "#0", "uv": [ 0.0, 0.0, 0.8, 0.5 ] },
                "down": { "texture": "#0", "uv": [ 0.0, 0.0, 0.8, 0.5 ] }
            }
        },
        {
            "name": "19-",
            "from": [ 2.4, 6.4, 0.5 ], 
            "to": [ 3.2, 7.2, 1.0 ], 
            "faces": {
                "north": { "texture": "#1", "uv": [ 0.0, 0.0, 0.8, 0.8 ] },
                "east": { "texture": "#1", "uv": [ 0.0, 0.0, 0.5, 0.8 ] },
                "south": { "texture": "#1", "uv": [ 0.0, 0.0, 0.8, 0.8 ] },
                "west": { "texture": "#1", "uv": [ 0.0, 0.0, 0.5, 0.8 ] },
                "up": { "texture": "#1", "uv": [ 0.0, 0.0, 0.8, 0.5 ] },
                "down": { "texture": "#1", "uv": [ 0.0, 0.0, 0.8, 0.5 ] }
            }
        },
        {
            "name": "20",
            "from": [ 0.8, 6.4, 0.5 ], 
            "to": [ 2.4, 7.2, 1.0 ], 
            "faces": {
                "north": { "texture": "#0", "uv": [ 0.0, 0.0, 1.6, 0.8 ] },
                "east": { "texture": "#0", "uv": [ 0.0, 0.0, 0.5, 0.8 ] },
                "south": { "texture": "#0", "uv": [ 0.0, 0.0, 1.6, 0.8 ] },
                "west": { "texture": "#0", "uv": [ 0.0, 0.0, 0.5, 0.8 ] },
                "up": { "texture": "#0", "uv": [ 0.0, 0.0, 1.6, 0.5 ] },
                "down": { "texture": "#0", "uv": [ 0.0, 0.0, 1.6, 0.5 ] }
            }
        },
        {
            "name": "21",
            "from": [ 10.4, 5.6, 0.5 ], 
            "to": [ 14.4, 6.4, 1.0 ], 
            "faces": {
                "north": { "texture": "#0", "uv": [ 0.0, 0.0, 4.0, 0.8 ] },
                "east": { "texture": "#0", "uv": [ 0.0, 0.0, 0.5, 0.8 ] },
                "south": { "texture": "#0", "uv": [ 0.0, 0.0, 4.0, 0.8 ] },
                "west": { "texture": "#0", "uv": [ 0.0, 0.0, 0.5, 0.8 ] },
                "up": { "texture": "#0", "uv": [ 0.0, 0.0, 4.0, 0.5 ] },
                "down": { "texture": "#0", "uv": [ 0.0, 0.0, 4.0, 0.5 ] }
            }
        },
        {
            "name": "22",
            "from": [ 1.6, 5.6, 0.5 ], 
            "to": [ 5.6, 6.4, 1.0 ], 
            "faces": {
                "north": { "texture": "#0", "uv": [ 0.0, 0.0, 4.0, 0.8 ] },
                "east": { "texture": "#0", "uv": [ 0.0, 0.0, 0.5, 0.8 ] },
                "south": { "texture": "#0", "uv": [ 0.0, 0.0, 4.0, 0.8 ] },
                "west": { "texture": "#0", "uv": [ 0.0, 0.0, 0.5, 0.8 ] },
                "up": { "texture": "#0", "uv": [ 0.0, 0.0, 4.0, 0.5 ] },
                "down": { "texture": "#0", "uv": [ 0.0, 0.0, 4.0, 0.5 ] }
            }
        }
    ],
"display": {
    "thirdperson_righthand": {
        "rotation": [ 0, -90, 0 ],
        "translation": [ -1, 0, -2 ],
        "scale": [ 0.4, 0.4, 0.4 ]
    },
    "thirdperson_lefthand": {
        "rotation": [ 0, -90, 0 ],
        "translation": [ -1, 0, -2 ],
        "scale": [ 0.4, 0.4, 0.4 ]
    },
    "head": {
        "rotation": [ 0, 0, 0 ],
        "translation": [ 0, 0, 0 ],
        "scale": [ 1, 1, 1 ]
    },
    "ground": {
        "rotation": [ 0, 0, 0 ],
        "translation": [ 0, 5.67, 0 ],
        "scale": [ 0.6, 0.6, 0.6 ]
    },
    "fixed": {
        "rotation": [ 0, 0, 0 ],
        "translation": [ 0, 0, 6 ],
        "scale": [ 1, 1, 1 ]
    },
    "firstperson_righthand": {
        "rotation": [ 0, 0, 0 ],
        "translation": [ 0, 0, 0 ],
        "scale": [ 0.6, 0.6, 0.6 ]
    },
    "firstperson_lefthand": {
        "rotation": [ 0, 0, 0 ],
        "translation": [0, 0, 0 ],
        "scale": [ 0.6, 0.6, 0.6 ]
    },
    "gui": {
        "rotation": [ 0, 1, 1 ],
        "translation": [0, 0, 0 ],
        "scale": [ 0.8, 0.8, 0.8 ]
    }
}
}