{
"__comment": "Designed by Yoyomg43 with BDcraft Cubik PRO 0.95 Beta - http://bdcraft.net",
"textures": {
    "0": "custom/red3"
},
"elements": [ 
{
    "from": [ 0.2, 6.525, 7.1 ],
    "to": [ 17.6, 8.925, 8.9 ],
    "faces": {
        "down":  { "uv": [ 15.8, 8.9, 0, 7.1 ], "texture": "#0" },
        "up":    { "uv": [ 0.2, 7.1, 16, 8.9 ], "texture": "#0" },
        "north": { "uv": [ 0, 7.075, 15.8, 9.475 ], "texture": "#0" },
        "south": { "uv": [ 0.2, 7.075, 16, 9.475 ], "texture": "#0" },
        "west":  { "uv": [ 7.1, 7.075, 8.9, 9.475 ], "texture": "#0" },
        "east":  { "uv": [ 7.1, 7.075, 8.9, 9.475 ], "texture": "#0" }
    }
},
{
    "from": [ 8.6, 9, 7.1 ],
    "to": [ 17.6, 10.8, 8.9 ],
    "faces": {
        "down":  { "uv": [ 7.4, 8.9, 0, 7.1 ], "texture": "#0" },
        "up":    { "uv": [ 8.6, 7.1, 16, 8.9 ], "texture": "#0" },
        "north": { "uv": [ 0, 5.2, 7.4, 7 ], "texture": "#0" },
        "south": { "uv": [ 8.6, 5.2, 16, 7 ], "texture": "#0" },
        "west":  { "uv": [ 7.1, 5.2, 8.9, 7 ], "texture": "#0" },
        "east":  { "uv": [ 7.1, 5.2, 8.9, 7 ], "texture": "#0" }
    }
},
{
    "from": [ 1.4, 9, 7.4 ],
    "to": [ 8.6, 10.2, 8.6 ],
    "faces": {
        "down":  { "uv": [ 14.6, 8.6, 7.4, 7.4 ], "texture": "#0" },
        "up":    { "uv": [ 1.4, 7.4, 8.6, 8.6 ], "texture": "#0" },
        "north": { "uv": [ 7.4, 5.8, 14.6, 7 ], "texture": "#0" },
        "south": { "uv": [ 1.4, 5.8, 8.6, 7 ], "texture": "#0" },
        "west":  { "uv": [ 7.4, 5.8, 8.6, 7 ], "texture": "#0" },
        "east":  { "uv": [ 7.4, 5.8, 8.6, 7 ], "texture": "#0" }
    }
},
{
    "from": [ -0.4, 10.6, 7.4 ],
    "to": [ 17, 11.2, 8.6 ],
    "faces": {
        "down":  { "uv": [ 16, 8.6, 0, 7.4 ], "texture": "#0" },
        "up":    { "uv": [ 0, 7.4, 16, 8.6 ], "texture": "#0" },
        "north": { "uv": [ 0, 4.8, 16, 5.4 ], "texture": "#0" },
        "south": { "uv": [ 0, 4.8, 16, 5.4 ], "texture": "#0" },
        "west":  { "uv": [ 7.4, 4.8, 8.6, 5.4 ], "texture": "#0" },
        "east":  { "uv": [ 7.4, 4.8, 8.6, 5.4 ], "texture": "#0" }
    }
},
{
    "from": [ -0.4, 10.2, 7.4 ],
    "to": [ 0.8, 10.8, 8.6 ],
    "faces": {
        "down":  { "uv": [ 16, 8.6, 15.2, 7.4 ], "texture": "#0" },
        "up":    { "uv": [ 0, 7.4, 0.8, 8.6 ], "texture": "#0" },
        "north": { "uv": [ 15.2, 5.2, 16, 5.8 ], "texture": "#0" },
        "south": { "uv": [ 0, 5.2, 0.8, 5.8 ], "texture": "#0" },
        "west":  { "uv": [ 7.4, 5.2, 8.6, 5.8 ], "texture": "#0" },
        "east":  { "uv": [ 7.4, 5.2, 8.6, 5.8 ], "texture": "#0" }
    }
},
{
    "from": [ 3.2, 10.2, 7.4 ],
    "to": [ 3.8, 10.8, 8.6 ],
    "faces": {
        "down":  { "uv": [ 12.8, 8.6, 12.2, 7.4 ], "texture": "#0" },
        "up":    { "uv": [ 3.2, 7.4, 3.8, 8.6 ], "texture": "#0" },
        "north": { "uv": [ 12.2, 5.2, 12.8, 5.8 ], "texture": "#0" },
        "south": { "uv": [ 3.2, 5.2, 3.8, 5.8 ], "texture": "#0" },
        "west":  { "uv": [ 7.4, 5.2, 8.6, 5.8 ], "texture": "#0" },
        "east":  { "uv": [ 7.4, 5.2, 8.6, 5.8 ], "texture": "#0" }
    }
},
{
    "from": [ 0.8, 10.2, 7.4 ],
    "to": [ 2, 10.8, 8.6 ],
    "faces": {
        "down":  { "uv": [ 15.2, 8.6, 14, 7.4 ], "texture": "#0" },
        "up":    { "uv": [ 0.8, 7.4, 2, 8.6 ], "texture": "#0" },
        "north": { "uv": [ 14, 5.2, 15.2, 5.8 ], "texture": "#0" },
        "south": { "uv": [ 0.8, 5.2, 2, 5.8 ], "texture": "#0" },
        "west":  { "uv": [ 7.4, 5.2, 8.6, 5.8 ], "texture": "#0" },
        "east":  { "uv": [ 7.4, 5.2, 8.6, 5.8 ], "texture": "#0" }
    }
},
{
    "from": [ 5, 10.2, 7.4 ],
    "to": [ 8.6, 10.8, 8.6 ],
    "faces": {
        "down":  { "uv": [ 11, 8.6, 7.4, 7.4 ], "texture": "#0" },
        "up":    { "uv": [ 5, 7.4, 8.6, 8.6 ], "texture": "#0" },
        "north": { "uv": [ 7.4, 5.2, 11, 5.8 ], "texture": "#0" },
        "south": { "uv": [ 5, 5.2, 8.6, 5.8 ], "texture": "#0" },
        "west":  { "uv": [ 7.4, 5.2, 8.6, 5.8 ], "texture": "#0" },
        "east":  { "uv": [ 7.4, 5.2, 8.6, 5.8 ], "texture": "#0" }
    }
},
{
    "from": [ 8.6, 0.6, 7.4 ],
    "to": [ 11.6, 6.6, 8.6 ],
    "faces": {
        "down":  { "uv": [ 4.4, 8.6, 1.4, 7.4 ], "texture": "#0" },
        "up":    { "uv": [ 11.6, 7.4, 14.6, 8.6 ], "texture": "#0" },
        "north": { "uv": [ 1.4, 1.4, 4.4, 7.4 ], "texture": "#0" },
        "south": { "uv": [ 11.6, 1.4, 14.6, 7.4 ], "texture": "#0" },
        "west":  { "uv": [ 7.4, 1.4, 8.6, 7.4 ], "texture": "#0" },
        "east":  { "uv": [ 7.4, 1.4, 8.6, 7.4 ], "texture": "#0" }
    }
},
{
    "from": [ -0.4, 7.05, 7.4 ],
    "to": [ 2, 11.25, 8.6 ],
    "rotation": { "origin": [ -0.4, 11.25, 7.4 ], "axis": "z", "angle": -22.5 },
    "faces": {
        "down":  { "uv": [ 16, 8.6, 14, 7.4 ], "texture": "#0" },
        "up":    { "uv": [ 0, 7.4, 2, 8.6 ], "texture": "#0" },
        "north": { "uv": [ 14, 4.75, 16, 8.95 ], "texture": "#0" },
        "south": { "uv": [ 0, 4.75, 2, 8.95 ], "texture": "#0" },
        "west":  { "uv": [ 7.4, 4.75, 8.6, 8.95 ], "texture": "#0" },
        "east":  { "uv": [ 7.4, 4.75, 8.6, 8.95 ], "texture": "#0" }
    }
},
{
    "from": [ -2.05, 6.075, 7.4 ],
    "to": [ 0.95, 7.275, 8.6 ],
    "faces": {
        "down":  { "uv": [ 16, 8.6, 15.05, 7.4 ], "texture": "#0" },
        "up":    { "uv": [ 0, 7.4, 0.95, 8.6 ], "texture": "#0" },
        "north": { "uv": [ 15.05, 8.725, 16, 9.925 ], "texture": "#0" },
        "south": { "uv": [ 0, 8.725, 0.95, 9.925 ], "texture": "#0" },
        "west":  { "uv": [ 7.4, 8.725, 8.6, 9.925 ], "texture": "#0" },
        "east":  { "uv": [ 7.4, 8.725, 8.6, 9.925 ], "texture": "#0" }
    }
},
{
    "from": [ 0.2, 4.8, 7.4 ],
    "to": [ 2.6, 6.6, 8.6 ],
    "faces": {
        "down":  { "uv": [ 12.8, 8.6, 10.4, 7.4 ], "texture": "#0" },
        "up":    { "uv": [ 3.2, 7.4, 5.6, 8.6 ], "texture": "#0" },
        "north": { "uv": [ 10.4, 1.4, 12.8, 3.2 ], "texture": "#0" },
        "south": { "uv": [ 3.2, 1.4, 5.6, 3.2 ], "texture": "#0" },
        "west":  { "uv": [ 7.4, 1.4, 8.6, 3.2 ], "texture": "#0" },
        "east":  { "uv": [ 7.4, 1.4, 8.6, 3.2 ], "texture": "#0" }
    }
},
{
    "from": [ 0.5, 0.075, 7.4 ],
    "to": [ 2.3, 4.875, 8.6 ],
    "faces": {
        "down":  { "uv": [ 12.5, 8.6, 10.7, 7.4 ], "texture": "#0" },
        "up":    { "uv": [ 3.5, 7.4, 5.3, 8.6 ], "texture": "#0" },
        "north": { "uv": [ 10.7, 3.125, 12.5, 7.925 ], "texture": "#0" },
        "south": { "uv": [ 3.5, 3.125, 5.3, 7.925 ], "texture": "#0" },
        "west":  { "uv": [ 7.4, 3.125, 8.6, 7.925 ], "texture": "#0" },
        "east":  { "uv": [ 7.4, 3.125, 8.6, 7.925 ], "texture": "#0" }
    }
},
{
    "from": [ 12.8, 11.2, 7.6 ],
    "to": [ 13.2, 11.6, 8.4 ],
    "faces": {
        "down":  { "uv": [ 3.2, 8.4, 2.8, 7.6 ], "texture": "#0" },
        "up":    { "uv": [ 12.8, 7.6, 13.2, 8.4 ], "texture": "#0" },
        "north": { "uv": [ 2.8, 4.4, 3.2, 4.8 ], "texture": "#0" },
        "south": { "uv": [ 12.8, 4.4, 13.2, 4.8 ], "texture": "#0" },
        "west":  { "uv": [ 7.6, 4.4, 8.4, 4.8 ], "texture": "#0" },
        "east":  { "uv": [ 7.6, 4.4, 8.4, 4.8 ], "texture": "#0" }
    }
},
{
    "from": [ 8.8125, -6.3125, 7.5625 ],
    "to": [ 11.3125, 3.3125, 8.5625 ],
    "faces": {
        "down":  { "uv": [ 4, 8.6375, 1.6, 7.4375 ], "texture": "#0" },
        "up":    { "uv": [ 12, 7.4375, 14.4, 8.6375 ], "texture": "#0" },
        "north": { "uv": [ 1.6, 5, 4, 12.6 ], "texture": "#0" },
        "south": { "uv": [ 12, 5, 14.4, 12.6 ], "texture": "#0" },
        "west":  { "uv": [ 7.4375, 5, 8.6375, 12.6 ], "texture": "#0" },
        "east":  { "uv": [ 7.3625, 5, 8.5625, 12.6 ], "texture": "#0" }
    }
},
{
    "from": [ 25.6, 4.9, 7.1 ],
    "to": [ 26.8, 10.3, 8.9 ],
    "faces": {
        "down":  { "uv": [ 8.4, 8.9, 7.2, 7.1 ], "texture": "#0" },
        "up":    { "uv": [ 7.6, 7.1, 8.8, 8.9 ], "texture": "#0" },
        "north": { "uv": [ 7.2, 0.2, 8.4, 5.6 ], "texture": "#0" },
        "south": { "uv": [ 7.6, 0.2, 8.8, 5.6 ], "texture": "#0" },
        "west":  { "uv": [ 7.1, 0.2, 8.9, 5.6 ], "texture": "#0" },
        "east":  { "uv": [ 7.1, 0.2, 8.9, 5.6 ], "texture": "#0" }
    }
},
{
    "from": [ 26.8, 2.5, 7.1 ],
    "to": [ 28, 10.3, 8.9 ],
    "faces": {
        "down":  { "uv": [ 7.2, 8.9, 6, 7.1 ], "texture": "#0" },
        "up":    { "uv": [ 8.8, 7.1, 10, 8.9 ], "texture": "#0" },
        "north": { "uv": [ 6, 0.2, 7.2, 8 ], "texture": "#0" },
        "south": { "uv": [ 8.8, 0.2, 10, 8 ], "texture": "#0" },
        "west":  { "uv": [ 7.1, 0.2, 8.9, 8 ], "texture": "#0" },
        "east":  { "uv": [ 7.1, 0.2, 8.9, 8 ], "texture": "#0" }
    }
},
{
    "from": [ 25.6, 2.425, 7.1 ],
    "to": [ 26.8, 4.825, 8.9 ],
    "rotation": { "origin": [ 25.6, 4.825, 7.1 ], "axis": "z", "angle": 22.5 },
    "faces": {
        "down":  { "uv": [ 8.4, 8.9, 7.2, 7.1 ], "texture": "#0" },
        "up":    { "uv": [ 7.6, 7.1, 8.8, 8.9 ], "texture": "#0" },
        "north": { "uv": [ 7.2, 5.675, 8.4, 8.075 ], "texture": "#0" },
        "south": { "uv": [ 7.6, 5.675, 8.8, 8.075 ], "texture": "#0" },
        "west":  { "uv": [ 7.1, 5.675, 8.9, 8.075 ], "texture": "#0" },
        "east":  { "uv": [ 7.1, 5.675, 8.9, 8.075 ], "texture": "#0" }
    }
},
{
    "from": [ 17.0625, 10.525, 7.4375 ],
    "to": [ 18.8625, 11.125, 8.6375 ],
    "rotation": { "origin": [ 17.0625, 11.125, 7.4375 ], "axis": "z", "angle": -22.5 },
    "faces": {
        "down":  { "uv": [ 9, 8.6, 7.2, 7.4 ], "texture": "#0" },
        "up":    { "uv": [ 7, 7.4, 8.8, 8.6 ], "texture": "#0" },
        "north": { "uv": [ 7.2, 0, 9, 0.2 ], "texture": "#0" },
        "south": { "uv": [ 7, 0, 8.8, 0.2 ], "texture": "#0" },
        "west":  { "uv": [ 7.4, 0, 8.6, 0.2 ], "texture": "#0" },
        "east":  { "uv": [ 7.4, 0, 8.6, 0.2 ], "texture": "#0" }
    }
},
{
    "from": [ -2.2, 4.8, 7.4 ],
    "to": [ -1.6, 6.6, 8.6 ],
    "faces": {
        "down":  { "uv": [ 15.2, 8.6, 14.6, 7.4 ], "texture": "#0" },
        "up":    { "uv": [ 0.8, 7.4, 1.4, 8.6 ], "texture": "#0" },
        "north": { "uv": [ 14.6, 1.4, 15.2, 3.2 ], "texture": "#0" },
        "south": { "uv": [ 0.8, 1.4, 1.4, 3.2 ], "texture": "#0" },
        "west":  { "uv": [ 7.4, 1.4, 8.6, 3.2 ], "texture": "#0" },
        "east":  { "uv": [ 7.4, 1.4, 8.6, 3.2 ], "texture": "#0" }
    }
},
{
    "from": [ -4.8, 8, 7.6 ],
    "to": [ -0.4, 8.8, 8.32 ],
    "faces": {
        "down":  { "uv": [ 15.8, 8.32, 11.4, 7.6 ], "texture": "#0" },
        "up":    { "uv": [ 0.2, 7.6, 4.6, 8.32 ], "texture": "#0" },
        "north": { "uv": [ 11.4, 7.2, 15.8, 8 ], "texture": "#0" },
        "south": { "uv": [ 0.2, 7.2, 4.6, 8 ], "texture": "#0" },
        "west":  { "uv": [ 7.6, 7.2, 8.32, 8 ], "texture": "#0" },
        "east":  { "uv": [ 7.68, 7.2, 8.4, 8 ], "texture": "#0" }
    }
},
{
    "from": [ -5.75, 7.8, 7.4 ],
    "to": [ -2.95, 9, 8.6 ],
    "faces": {
        "down":  { "uv": [ 16, 8.6, 13.95, 7.4 ], "texture": "#0" },
        "up":    { "uv": [ 0, 7.4, 2.05, 8.6 ], "texture": "#0" },
        "north": { "uv": [ 13.95, 7, 16, 8.2 ], "texture": "#0" },
        "south": { "uv": [ 0, 7, 2.05, 8.2 ], "texture": "#0" },
        "west":  { "uv": [ 7.4, 7, 8.6, 8.2 ], "texture": "#0" },
        "east":  { "uv": [ 7.4, 7, 8.6, 8.2 ], "texture": "#0" }
    }
},
{
    "from": [ 7.5, 5.5, 7.625 ],
    "to": [ 8.5, 7, 8.425 ],
    "rotation": { "origin": [ 7.5, 7, 7.625 ], "axis": "z", "angle": -22.5 },
    "faces": {
        "down":  { "uv": [ 5.4, 8.4, 5, 7.6 ], "texture": "#0" },
        "up":    { "uv": [ 10.6, 7.6, 11, 8.4 ], "texture": "#0" },
        "north": { "uv": [ 5, 1.2, 5.4, 2.4 ], "texture": "#0" },
        "south": { "uv": [ 10.6, 1.2, 11, 2.4 ], "texture": "#0" },
        "west":  { "uv": [ 7.6, 1.2, 8.4, 2.4 ], "texture": "#0" },
        "east":  { "uv": [ 7.6, 1.2, 8.4, 2.4 ], "texture": "#0" }
    }
},
{
    "from": [ 5.6, 4.8, 7.6 ],
    "to": [ 6, 6.4, 8.4 ],
    "faces": {
        "down":  { "uv": [ 7.4, 8.4, 7, 7.6 ], "texture": "#0" },
        "up":    { "uv": [ 8.6, 7.6, 9, 8.4 ], "texture": "#0" },
        "north": { "uv": [ 7, 1.6, 7.4, 3.2 ], "texture": "#0" },
        "south": { "uv": [ 8.6, 1.6, 9, 3.2 ], "texture": "#0" },
        "west":  { "uv": [ 7.6, 1.6, 8.4, 3.2 ], "texture": "#0" },
        "east":  { "uv": [ 7.6, 1.6, 8.4, 3.2 ], "texture": "#0" }
    }
},
{
    "from": [ 6, 4.4, 7.6 ],
    "to": [ 8.8, 4.8, 8.4 ],
    "faces": {
        "down":  { "uv": [ 7, 8.4, 4.2, 7.6 ], "texture": "#0" },
        "up":    { "uv": [ 9, 7.6, 11.8, 8.4 ], "texture": "#0" },
        "north": { "uv": [ 4.2, 3.2, 7, 3.6 ], "texture": "#0" },
        "south": { "uv": [ 9, 3.2, 11.8, 3.6 ], "texture": "#0" },
        "west":  { "uv": [ 7.6, 3.2, 8.4, 3.6 ], "texture": "#0" },
        "east":  { "uv": [ 7.6, 3.2, 8.4, 3.6 ], "texture": "#0" }
    }
},
{
    "from": [ 0.8, 11.2, 7.6 ],
    "to": [ 1.2, 11.6, 8.4 ],
    "faces": {
        "down":  { "uv": [ 15.2, 8.4, 14.8, 7.6 ], "texture": "#0" },
        "up":    { "uv": [ 0.8, 7.6, 1.2, 8.4 ], "texture": "#0" },
        "north": { "uv": [ 14.8, 4.4, 15.2, 4.8 ], "texture": "#0" },
        "south": { "uv": [ 0.8, 4.4, 1.2, 4.8 ], "texture": "#0" },
        "west":  { "uv": [ 7.6, 4.4, 8.4, 4.8 ], "texture": "#0" },
        "east":  { "uv": [ 7.6, 4.4, 8.4, 4.8 ], "texture": "#0" }
    }
},
{
    "from": [ 3.2, 11.2, 7.6 ],
    "to": [ 3.6, 11.6, 8.4 ],
    "faces": {
        "down":  { "uv": [ 12.8, 8.4, 12.4, 7.6 ], "texture": "#0" },
        "up":    { "uv": [ 3.2, 7.6, 3.6, 8.4 ], "texture": "#0" },
        "north": { "uv": [ 12.4, 4.4, 12.8, 4.8 ], "texture": "#0" },
        "south": { "uv": [ 3.2, 4.4, 3.6, 4.8 ], "texture": "#0" },
        "west":  { "uv": [ 7.6, 4.4, 8.4, 4.8 ], "texture": "#0" },
        "east":  { "uv": [ 7.6, 4.4, 8.4, 4.8 ], "texture": "#0" }
    }
},
{
    "from": [ 4, 11.2, 7.6 ],
    "to": [ 4.4, 11.6, 8.4 ],
    "faces": {
        "down":  { "uv": [ 12, 8.4, 11.6, 7.6 ], "texture": "#0" },
        "up":    { "uv": [ 4, 7.6, 4.4, 8.4 ], "texture": "#0" },
        "north": { "uv": [ 11.6, 4.4, 12, 4.8 ], "texture": "#0" },
        "south": { "uv": [ 4, 4.4, 4.4, 4.8 ], "texture": "#0" },
        "west":  { "uv": [ 7.6, 4.4, 8.4, 4.8 ], "texture": "#0" },
        "east":  { "uv": [ 7.6, 4.4, 8.4, 4.8 ], "texture": "#0" }
    }
},
{
    "from": [ 1.6, 11.2, 7.6 ],
    "to": [ 2, 11.6, 8.4 ],
    "faces": {
        "down":  { "uv": [ 14.4, 8.4, 14, 7.6 ], "texture": "#0" },
        "up":    { "uv": [ 1.6, 7.6, 2, 8.4 ], "texture": "#0" },
        "north": { "uv": [ 14, 4.4, 14.4, 4.8 ], "texture": "#0" },
        "south": { "uv": [ 1.6, 4.4, 2, 4.8 ], "texture": "#0" },
        "west":  { "uv": [ 7.6, 4.4, 8.4, 4.8 ], "texture": "#0" },
        "east":  { "uv": [ 7.6, 4.4, 8.4, 4.8 ], "texture": "#0" }
    }
},
{
    "from": [ 2.4, 11.2, 7.6 ],
    "to": [ 2.8, 11.6, 8.4 ],
    "faces": {
        "down":  { "uv": [ 13.6, 8.4, 13.2, 7.6 ], "texture": "#0" },
        "up":    { "uv": [ 2.4, 7.6, 2.8, 8.4 ], "texture": "#0" },
        "north": { "uv": [ 13.2, 4.4, 13.6, 4.8 ], "texture": "#0" },
        "south": { "uv": [ 2.4, 4.4, 2.8, 4.8 ], "texture": "#0" },
        "west":  { "uv": [ 7.6, 4.4, 8.4, 4.8 ], "texture": "#0" },
        "east":  { "uv": [ 7.6, 4.4, 8.4, 4.8 ], "texture": "#0" }
    }
},
{
    "from": [ 4.8, 11.2, 7.6 ],
    "to": [ 5.2, 11.6, 8.4 ],
    "faces": {
        "down":  { "uv": [ 11.2, 8.4, 10.8, 7.6 ], "texture": "#0" },
        "up":    { "uv": [ 4.8, 7.6, 5.2, 8.4 ], "texture": "#0" },
        "north": { "uv": [ 10.8, 4.4, 11.2, 4.8 ], "texture": "#0" },
        "south": { "uv": [ 4.8, 4.4, 5.2, 4.8 ], "texture": "#0" },
        "west":  { "uv": [ 7.6, 4.4, 8.4, 4.8 ], "texture": "#0" },
        "east":  { "uv": [ 7.6, 4.4, 8.4, 4.8 ], "texture": "#0" }
    }
},
{
    "from": [ 11.2, 11.2, 7.6 ],
    "to": [ 11.6, 11.6, 8.4 ],
    "faces": {
        "down":  { "uv": [ 4.8, 8.4, 4.4, 7.6 ], "texture": "#0" },
        "up":    { "uv": [ 11.2, 7.6, 11.6, 8.4 ], "texture": "#0" },
        "north": { "uv": [ 4.4, 4.4, 4.8, 4.8 ], "texture": "#0" },
        "south": { "uv": [ 11.2, 4.4, 11.6, 4.8 ], "texture": "#0" },
        "west":  { "uv": [ 7.6, 4.4, 8.4, 4.8 ], "texture": "#0" },
        "east":  { "uv": [ 7.6, 4.4, 8.4, 4.8 ], "texture": "#0" }
    }
},
{
    "from": [ 10.4, 11.2, 7.6 ],
    "to": [ 10.8, 11.6, 8.4 ],
    "faces": {
        "down":  { "uv": [ 5.6, 8.4, 5.2, 7.6 ], "texture": "#0" },
        "up":    { "uv": [ 10.4, 7.6, 10.8, 8.4 ], "texture": "#0" },
        "north": { "uv": [ 5.2, 4.4, 5.6, 4.8 ], "texture": "#0" },
        "south": { "uv": [ 10.4, 4.4, 10.8, 4.8 ], "texture": "#0" },
        "west":  { "uv": [ 7.6, 4.4, 8.4, 4.8 ], "texture": "#0" },
        "east":  { "uv": [ 7.6, 4.4, 8.4, 4.8 ], "texture": "#0" }
    }
},
{
    "from": [ 9.6, 11.2, 7.6 ],
    "to": [ 10, 11.6, 8.4 ],
    "faces": {
        "down":  { "uv": [ 6.4, 8.4, 6, 7.6 ], "texture": "#0" },
        "up":    { "uv": [ 9.6, 7.6, 10, 8.4 ], "texture": "#0" },
        "north": { "uv": [ 6, 4.4, 6.4, 4.8 ], "texture": "#0" },
        "south": { "uv": [ 9.6, 4.4, 10, 4.8 ], "texture": "#0" },
        "west":  { "uv": [ 7.6, 4.4, 8.4, 4.8 ], "texture": "#0" },
        "east":  { "uv": [ 7.6, 4.4, 8.4, 4.8 ], "texture": "#0" }
    }
},
{
    "from": [ 8.8, 11.2, 7.6 ],
    "to": [ 9.2, 11.6, 8.4 ],
    "faces": {
        "down":  { "uv": [ 7.2, 8.4, 6.8, 7.6 ], "texture": "#0" },
        "up":    { "uv": [ 8.8, 7.6, 9.2, 8.4 ], "texture": "#0" },
        "north": { "uv": [ 6.8, 4.4, 7.2, 4.8 ], "texture": "#0" },
        "south": { "uv": [ 8.8, 4.4, 9.2, 4.8 ], "texture": "#0" },
        "west":  { "uv": [ 7.6, 4.4, 8.4, 4.8 ], "texture": "#0" },
        "east":  { "uv": [ 7.6, 4.4, 8.4, 4.8 ], "texture": "#0" }
    }
},
{
    "from": [ 8, 11.2, 7.6 ],
    "to": [ 8.4, 11.6, 8.4 ],
    "faces": {
        "down":  { "uv": [ 8, 8.4, 7.6, 7.6 ], "texture": "#0" },
        "up":    { "uv": [ 8, 7.6, 8.4, 8.4 ], "texture": "#0" },
        "north": { "uv": [ 7.6, 4.4, 8, 4.8 ], "texture": "#0" },
        "south": { "uv": [ 8, 4.4, 8.4, 4.8 ], "texture": "#0" },
        "west":  { "uv": [ 7.6, 4.4, 8.4, 4.8 ], "texture": "#0" },
        "east":  { "uv": [ 7.6, 4.4, 8.4, 4.8 ], "texture": "#0" }
    }
},
{
    "from": [ 7.2, 11.2, 7.6 ],
    "to": [ 7.6, 11.6, 8.4 ],
    "faces": {
        "down":  { "uv": [ 8.8, 8.4, 8.4, 7.6 ], "texture": "#0" },
        "up":    { "uv": [ 7.2, 7.6, 7.6, 8.4 ], "texture": "#0" },
        "north": { "uv": [ 8.4, 4.4, 8.8, 4.8 ], "texture": "#0" },
        "south": { "uv": [ 7.2, 4.4, 7.6, 4.8 ], "texture": "#0" },
        "west":  { "uv": [ 7.6, 4.4, 8.4, 4.8 ], "texture": "#0" },
        "east":  { "uv": [ 7.6, 4.4, 8.4, 4.8 ], "texture": "#0" }
    }
},
{
    "from": [ 6.4, 11.2, 7.6 ],
    "to": [ 6.8, 11.6, 8.4 ],
    "faces": {
        "down":  { "uv": [ 9.6, 8.4, 9.2, 7.6 ], "texture": "#0" },
        "up":    { "uv": [ 6.4, 7.6, 6.8, 8.4 ], "texture": "#0" },
        "north": { "uv": [ 9.2, 4.4, 9.6, 4.8 ], "texture": "#0" },
        "south": { "uv": [ 6.4, 4.4, 6.8, 4.8 ], "texture": "#0" },
        "west":  { "uv": [ 7.6, 4.4, 8.4, 4.8 ], "texture": "#0" },
        "east":  { "uv": [ 7.6, 4.4, 8.4, 4.8 ], "texture": "#0" }
    }
},
{
    "from": [ 5.6, 11.2, 7.6 ],
    "to": [ 6, 11.6, 8.4 ],
    "faces": {
        "down":  { "uv": [ 10.4, 8.4, 10, 7.6 ], "texture": "#0" },
        "up":    { "uv": [ 5.6, 7.6, 6, 8.4 ], "texture": "#0" },
        "north": { "uv": [ 10, 4.4, 10.4, 4.8 ], "texture": "#0" },
        "south": { "uv": [ 5.6, 4.4, 6, 4.8 ], "texture": "#0" },
        "west":  { "uv": [ 7.6, 4.4, 8.4, 4.8 ], "texture": "#0" },
        "east":  { "uv": [ 7.6, 4.4, 8.4, 4.8 ], "texture": "#0" }
    }
},
{
    "from": [ 15.2, 11.2, 7.6 ],
    "to": [ 15.6, 11.6, 8.4 ],
    "faces": {
        "down":  { "uv": [ 0.8, 8.4, 0.4, 7.6 ], "texture": "#0" },
        "up":    { "uv": [ 15.2, 7.6, 15.6, 8.4 ], "texture": "#0" },
        "north": { "uv": [ 0.4, 4.4, 0.8, 4.8 ], "texture": "#0" },
        "south": { "uv": [ 15.2, 4.4, 15.6, 4.8 ], "texture": "#0" },
        "west":  { "uv": [ 7.6, 4.4, 8.4, 4.8 ], "texture": "#0" },
        "east":  { "uv": [ 7.6, 4.4, 8.4, 4.8 ], "texture": "#0" }
    }
},
{
    "from": [ 14.4, 11.2, 7.6 ],
    "to": [ 14.8, 11.6, 8.4 ],
    "faces": {
        "down":  { "uv": [ 1.6, 8.4, 1.2, 7.6 ], "texture": "#0" },
        "up":    { "uv": [ 14.4, 7.6, 14.8, 8.4 ], "texture": "#0" },
        "north": { "uv": [ 1.2, 4.4, 1.6, 4.8 ], "texture": "#0" },
        "south": { "uv": [ 14.4, 4.4, 14.8, 4.8 ], "texture": "#0" },
        "west":  { "uv": [ 7.6, 4.4, 8.4, 4.8 ], "texture": "#0" },
        "east":  { "uv": [ 7.6, 4.4, 8.4, 4.8 ], "texture": "#0" }
    }
},
{
    "from": [ 13.6, 11.2, 7.6 ],
    "to": [ 14, 11.6, 8.4 ],
    "faces": {
        "down":  { "uv": [ 2.4, 8.4, 2, 7.6 ], "texture": "#0" },
        "up":    { "uv": [ 13.6, 7.6, 14, 8.4 ], "texture": "#0" },
        "north": { "uv": [ 2, 4.4, 2.4, 4.8 ], "texture": "#0" },
        "south": { "uv": [ 13.6, 4.4, 14, 4.8 ], "texture": "#0" },
        "west":  { "uv": [ 7.6, 4.4, 8.4, 4.8 ], "texture": "#0" },
        "east":  { "uv": [ 7.6, 4.4, 8.4, 4.8 ], "texture": "#0" }
    }
},
{
    "from": [ 12, 11.2, 7.6 ],
    "to": [ 12.4, 11.6, 8.4 ],
    "faces": {
        "down":  { "uv": [ 4, 8.4, 3.6, 7.6 ], "texture": "#0" },
        "up":    { "uv": [ 12, 7.6, 12.4, 8.4 ], "texture": "#0" },
        "north": { "uv": [ 3.6, 4.4, 4, 4.8 ], "texture": "#0" },
        "south": { "uv": [ 12, 4.4, 12.4, 4.8 ], "texture": "#0" },
        "west":  { "uv": [ 7.6, 4.4, 8.4, 4.8 ], "texture": "#0" },
        "east":  { "uv": [ 7.6, 4.4, 8.4, 4.8 ], "texture": "#0" }
    }
},
{
    "from": [ 14.4, 11, 7.4 ],
    "to": [ 15.9, 12, 8.6 ],
    "faces": {
        "down":  { "uv": [ 1.6, 8.6, 0.4, 7.4 ], "texture": "#0" },
        "up":    { "uv": [ 14.4, 7.4, 15.6, 8.6 ], "texture": "#0" },
        "north": { "uv": [ 0.4, 4, 1.6, 4.8 ], "texture": "#0" },
        "south": { "uv": [ 14.4, 4, 15.6, 4.8 ], "texture": "#0" },
        "west":  { "uv": [ 7.4, 4, 8.6, 4.8 ], "texture": "#0" },
        "east":  { "uv": [ 7.4, 4, 8.6, 4.8 ], "texture": "#0" }
    }
},
{
    "from": [ 14.8, 12, 7.8 ],
    "to": [ 15.2, 12.8, 8.2 ],
    "faces": {
        "down":  { "uv": [ 1.2, 8.2, 0.8, 7.8 ], "texture": "#0" },
        "up":    { "uv": [ 14.8, 7.8, 15.2, 8.2 ], "texture": "#0" },
        "north": { "uv": [ 0.8, 3.2, 1.2, 4 ], "texture": "#0" },
        "south": { "uv": [ 14.8, 3.2, 15.2, 4 ], "texture": "#0" },
        "west":  { "uv": [ 7.8, 3.2, 8.2, 4 ], "texture": "#0" },
        "east":  { "uv": [ 7.8, 3.2, 8.2, 4 ], "texture": "#0" }
    }
},
{
    "from": [ 0.8125, 10.6875, 7.375 ],
    "to": [ 2.0125, 12.1875, 8.875 ],
    "faces": {
        "down":  { "uv": [ 15.2, 8.6, 14, 7.4 ], "texture": "#0" },
        "up":    { "uv": [ 0.8, 7.4, 2, 8.6 ], "texture": "#0" },
        "north": { "uv": [ 14, 4, 15.2, 4.8 ], "texture": "#0" },
        "south": { "uv": [ 0.8, 4, 2, 4.8 ], "texture": "#0" },
        "west":  { "uv": [ 7.4, 4, 8.6, 4.8 ], "texture": "#0" },
        "east":  { "uv": [ 7.4, 4, 8.6, 4.8 ], "texture": "#0" }
    }
},
{
    "from": [ 1.2, 12, 7.6 ],
    "to": [ 1.6, 12.8, 8 ],
    "faces": {
        "down":  { "uv": [ 14.8, 8, 14.4, 7.6 ], "texture": "#0" },
        "up":    { "uv": [ 1.2, 7.6, 1.6, 8 ], "texture": "#0" },
        "north": { "uv": [ 14.4, 3.2, 14.8, 4 ], "texture": "#0" },
        "south": { "uv": [ 1.2, 3.2, 1.6, 4 ], "texture": "#0" },
        "west":  { "uv": [ 7.6, 3.2, 8, 4 ], "texture": "#0" },
        "east":  { "uv": [ 8, 3.2, 8.4, 4 ], "texture": "#0" }
    }
},
{
    "from": [ 1.2, 12, 8.2 ],
    "to": [ 1.6, 12.8, 8.6 ],
    "faces": {
        "down":  { "uv": [ 14.8, 8.6, 14.4, 8.2 ], "texture": "#0" },
        "up":    { "uv": [ 1.2, 8.2, 1.6, 8.6 ], "texture": "#0" },
        "north": { "uv": [ 14.4, 3.2, 14.8, 4 ], "texture": "#0" },
        "south": { "uv": [ 1.2, 3.2, 1.6, 4 ], "texture": "#0" },
        "west":  { "uv": [ 8.2, 3.2, 8.6, 4 ], "texture": "#0" },
        "east":  { "uv": [ 7.4, 3.2, 7.8, 4 ], "texture": "#0" }
    }
},
{
    "from": [ 0.8125, 7.1875, 8.6875 ],
    "to": [ 5.8125, 8.1875, 9.1875 ],
    "faces": {
        "down":  { "uv": [ 15.1875, 9.1875, 10.1875, 8.6875 ], "texture": "#0" },
        "up":    { "uv": [ 0.8125, 8.6875, 5.8125, 9.1875 ], "texture": "#0" },
        "north": { "uv": [ 10.1875, 7.8125, 15.1875, 8.8125 ], "texture": "#0" },
        "south": { "uv": [ 0.8125, 7.8125, 5.8125, 8.8125 ], "texture": "#0" },
        "west":  { "uv": [ 8.6875, 7.8125, 9.1875, 8.8125 ], "texture": "#0" },
        "east":  { "uv": [ 6.8125, 7.8125, 7.3125, 8.8125 ], "texture": "#0" }
    }
},
{
    "from": [ 17.5, 10, 7 ],
    "to": [ 18.5, 11, 9 ],
    "faces": {
        "down":  { "uv": [ 0, 9, 0, 7 ], "texture": "#0" },
        "up":    { "uv": [ 16, 7, 16, 9 ], "texture": "#0" },
        "north": { "uv": [ 0, 5, 0, 6 ], "texture": "#0" },
        "south": { "uv": [ 16, 5, 16, 6 ], "texture": "#0" },
        "west":  { "uv": [ 7, 5, 9, 6 ], "texture": "#0" },
        "east":  { "uv": [ 7, 5, 9, 6 ], "texture": "#0" }
    }
},
{
    "from": [ 16.5, 9, 7.5 ],
    "to": [ 26, 10, 8.5 ],
    "faces": {
        "down":  { "uv": [ 11.5, 8.5, 2, 7.5 ], "texture": "#0" },
        "up":    { "uv": [ 4.5, 7.5, 14, 8.5 ], "texture": "#0" },
        "north": { "uv": [ 2, 1, 11.5, 2 ], "texture": "#0" },
        "south": { "uv": [ 4.5, 1, 14, 2 ], "texture": "#0" },
        "west":  { "uv": [ 7.5, 1, 8.5, 2 ], "texture": "#0" },
        "east":  { "uv": [ 7.5, 1, 8.5, 2 ], "texture": "#0" }
    }
}
],
"display": {
    "thirdperson_righthand": {
        "rotation": [ 0, -90, 0 ],
        "translation": [ 0, 1.1, 1.32 ],
        "scale": [ 0.6, 0.6, 0.8 ]
    },
    "thirdperson_lefthand": {
        "rotation": [ 0, 90, 0 ],
        "translation": [ 0, 1.1, 1.32 ],
        "scale": [ 0.6, 0.6, 0.8 ]
    },
    "head": {
        "rotation": [ 0, -90, 0 ],
        "translation": [ 1.32, 9.26, -5.86 ],
        "scale": [ 1.2, 1.2, 1.2 ]
    },
    "fixed": {
        "rotation": [ 0, 180, 0 ],
        "translation": [ 0, 1.51, -0.19 ],
        "scale": [ 1, 1, 1 ]
    },
    "firstperson_righthand": {
        "rotation": [ 0, -99, 0 ],
        "translation": [ -0.19, 3.4, 0 ],
        "scale": [ 1, 1, 1 ]
    },
    "firstperson_righthand": {
        "rotation": [ 0, -101, 0 ],
        "translation": [ 0.19, 1.89, -4.35 ],
        "scale": [ 0.8, 0.8, 1 ]
    },
    "firstperson_lefthand": {
        "rotation": [ 0, 79, 0 ],
        "translation": [ 0.19, 1.89, -4.35 ],
        "scale": [ 0.8, 0.8, 1 ]
    },
    "gui": {
        "rotation": [ 0, 0, -40 ],
        "translation": [ -0.76, 1.51, 0.56 ],
        "scale": [ 0.6, 0.6, 0.6 ]
    }
}
}