{
    "__comment": "Model generated using MrCrayfish's Model Creator (http://mrcrayfish.com/modelcreator/)",
    "textures": {
    "0": "custom/ls_darkblue"
    },
    "elements": [
        {
            "name": "Cube",
            "from": [ 6.5, 3.5, 6.5 ], 
            "to": [ 9.5, 12.5, 9.5 ], 
            "faces": {
                "north": { "texture": "#0", "uv": [ 0.0, 0.0, 3.0, 9.0 ] },
                "east": { "texture": "#0", "uv": [ 0.0, 0.0, 3.0, 9.0 ] },
                "south": { "texture": "#0", "uv": [ 0.0, 0.0, 3.0, 9.0 ] },
                "west": { "texture": "#0", "uv": [ 0.0, 0.0, 3.0, 9.0 ] },
                "up": { "texture": "#0", "uv": [ 0.0, 0.0, 3.0, 3.0 ] },
                "down": { "texture": "#0", "uv": [ 0.0, 0.0, 3.0, 3.0 ] }
            }
        },
        {
            "name": "Cube",
            "from": [ 6.5, 6.5, 3.5 ], 
            "to": [ 9.5, 9.5, 12.5 ], 
            "faces": {
                "north": { "texture": "#0", "uv": [ 0.0, 0.0, 3.0, 3.0 ] },
                "east": { "texture": "#0", "uv": [ 0.0, 0.0, 9.0, 3.0 ] },
                "south": { "texture": "#0", "uv": [ 0.0, 0.0, 3.0, 3.0 ] },
                "west": { "texture": "#0", "uv": [ 0.0, 0.0, 9.0, 3.0 ] },
                "up": { "texture": "#0", "uv": [ 0.0, 0.0, 3.0, 9.0 ] },
                "down": { "texture": "#0", "uv": [ 0.0, 0.0, 3.0, 9.0 ] }
            }
        },
        {
            "name": "Cube",
            "from": [ 3.5, 6.5, 6.5 ], 
            "to": [ 12.5, 9.5, 9.5 ], 
            "faces": {
                "north": { "texture": "#0", "uv": [ 0.0, 0.0, 9.0, 3.0 ] },
                "east": { "texture": "#0", "uv": [ 0.0, 0.0, 3.0, 3.0 ] },
                "south": { "texture": "#0", "uv": [ 0.0, 0.0, 9.0, 3.0 ] },
                "west": { "texture": "#0", "uv": [ 0.0, 0.0, 3.0, 3.0 ] },
                "up": { "texture": "#0", "uv": [ 0.0, 0.0, 9.0, 3.0 ] },
                "down": { "texture": "#0", "uv": [ 0.0, 0.0, 9.0, 3.0 ] }
            }
        },
        {
            "name": "Cube",
            "from": [ 5.5, 4.0, 5.5 ], 
            "to": [ 10.5, 12.0, 10.5 ], 
            "faces": {
                "north": { "texture": "#0", "uv": [ 0.0, 0.0, 5.0, 8.0 ] },
                "east": { "texture": "#0", "uv": [ 0.0, 0.0, 5.0, 8.0 ] },
                "south": { "texture": "#0", "uv": [ 0.0, 0.0, 5.0, 8.0 ] },
                "west": { "texture": "#0", "uv": [ 0.0, 0.0, 5.0, 8.0 ] },
                "up": { "texture": "#0", "uv": [ 0.0, 0.0, 5.0, 5.0 ] },
                "down": { "texture": "#0", "uv": [ 0.0, 0.0, 5.0, 5.0 ] }
            }
        },
        {
            "name": "Cube",
            "from": [ 4.0, 5.5, 5.5 ], 
            "to": [ 12.0, 10.5, 10.5 ], 
            "faces": {
                "north": { "texture": "#0", "uv": [ 0.0, 0.0, 8.0, 5.0 ] },
                "east": { "texture": "#0", "uv": [ 0.0, 0.0, 5.0, 5.0 ] },
                "south": { "texture": "#0", "uv": [ 0.0, 0.0, 8.0, 5.0 ] },
                "west": { "texture": "#0", "uv": [ 0.0, 0.0, 5.0, 5.0 ] },
                "up": { "texture": "#0", "uv": [ 0.0, 0.0, 8.0, 5.0 ] },
                "down": { "texture": "#0", "uv": [ 0.0, 0.0, 8.0, 5.0 ] }
            }
        },
        {
            "name": "Cube",
            "from": [ 5.5, 5.5, 4.0 ], 
            "to": [ 10.5, 10.5, 12.0 ], 
            "faces": {
                "north": { "texture": "#0", "uv": [ 0.0, 0.0, 5.0, 5.0 ] },
                "east": { "texture": "#0", "uv": [ 0.0, 0.0, 8.0, 5.0 ] },
                "south": { "texture": "#0", "uv": [ 0.0, 0.0, 5.0, 5.0 ] },
                "west": { "texture": "#0", "uv": [ 0.0, 0.0, 8.0, 5.0 ] },
                "up": { "texture": "#0", "uv": [ 0.0, 0.0, 5.0, 8.0 ] },
                "down": { "texture": "#0", "uv": [ 0.0, 0.0, 5.0, 8.0 ] }
            }
        },
        {
            "name": "Cube",
            "from": [ 6.5, 4.5, 4.5 ], 
            "to": [ 9.5, 11.5, 11.5 ], 
            "faces": {
                "north": { "texture": "#0", "uv": [ 0.0, 0.0, 3.0, 7.0 ] },
                "east": { "texture": "#0", "uv": [ 0.0, 0.0, 7.0, 7.0 ] },
                "south": { "texture": "#0", "uv": [ 0.0, 0.0, 3.0, 7.0 ] },
                "west": { "texture": "#0", "uv": [ 0.0, 0.0, 7.0, 7.0 ] },
                "up": { "texture": "#0", "uv": [ 0.0, 0.0, 3.0, 7.0 ] },
                "down": { "texture": "#0", "uv": [ 0.0, 0.0, 3.0, 7.0 ] }
            }
        },
        {
            "name": "Cube",
            "from": [ 4.5, 4.5, 6.5 ], 
            "to": [ 11.5, 11.5, 9.5 ], 
            "faces": {
                "north": { "texture": "#0", "uv": [ 0.0, 0.0, 7.0, 7.0 ] },
                "east": { "texture": "#0", "uv": [ 0.0, 0.0, 3.0, 7.0 ] },
                "south": { "texture": "#0", "uv": [ 0.0, 0.0, 7.0, 7.0 ] },
                "west": { "texture": "#0", "uv": [ 0.0, 0.0, 3.0, 7.0 ] },
                "up": { "texture": "#0", "uv": [ 0.0, 0.0, 7.0, 3.0 ] },
                "down": { "texture": "#0", "uv": [ 0.0, 0.0, 7.0, 3.0 ] }
            }
        },
        {
            "name": "Cube",
            "from": [ 4.5, 6.5, 4.5 ], 
            "to": [ 11.5, 9.5, 11.5 ], 
            "faces": {
                "north": { "texture": "#0", "uv": [ 0.0, 0.0, 7.0, 3.0 ] },
                "east": { "texture": "#0", "uv": [ 0.0, 0.0, 7.0, 3.0 ] },
                "south": { "texture": "#0", "uv": [ 0.0, 0.0, 7.0, 3.0 ] },
                "west": { "texture": "#0", "uv": [ 0.0, 0.0, 7.0, 3.0 ] },
                "up": { "texture": "#0", "uv": [ 0.0, 0.0, 7.0, 7.0 ] },
                "down": { "texture": "#0", "uv": [ 0.0, 0.0, 7.0, 7.0 ] }
            }
        }
    ]
}