{
"__comment": "Designed by Corporalblober with BDcraft Cubik PRO 0.95 Beta - http://bdcraft.net",
"textures": {
    "0": "custom/bt",
    "1": "custom/bt",
    "2": "custom/black3",
    "3": "custom/black3",
    "4": "custom/bt"
},
"elements": [ 
{
    "from": [ -7.75, 9.25, 7.5 ],
    "to": [ 8, 9.75, 7.75 ],
    "faces": {
        "down":  { "uv": [ 16, 7.75, 8, 7.5 ], "texture": "#1", "cullface": "west" },
        "up":    { "uv": [ 0, 7.5, 8, 7.75 ], "texture": "#1", "cullface": "west" },
        "north": { "uv": [ 8, 6.25, 16, 6.75 ], "texture": "#1", "cullface": "west" },
        "south": { "uv": [ 0, 6.25, 8, 6.75 ], "texture": "#1", "cullface": "west" }
    }
},
{
    "from": [ -7.75, 9.25, 8.25 ],
    "to": [ 8, 9.75, 8.5 ],
    "faces": {
        "down":  { "uv": [ 16, 8.5, 8, 8.25 ], "texture": "#1", "cullface": "west" },
        "up":    { "uv": [ 0, 8.25, 8, 8.5 ], "texture": "#1", "cullface": "west" },
        "north": { "uv": [ 8, 6.25, 16, 6.75 ], "texture": "#1", "cullface": "west" },
        "south": { "uv": [ 0, 6.25, 8, 6.75 ], "texture": "#1", "cullface": "west" }
    }
},
{
    "from": [ -7.75, 9.75, 7.75 ],
    "to": [ 8, 10, 8.25 ],
    "faces": {
        "down":  { "uv": [ 16, 8.25, 8, 7.75 ], "texture": "#1", "cullface": "west" },
        "up":    { "uv": [ 0, 7.75, 8, 8.25 ], "texture": "#1", "cullface": "west" },
        "north": { "uv": [ 8, 6, 16, 6.25 ], "texture": "#1", "cullface": "west" },
        "south": { "uv": [ 0, 6, 8, 6.25 ], "texture": "#1", "cullface": "west" }
    }
},
{
    "from": [ -7.75, 9, 7.75 ],
    "to": [ 8, 9.25, 8.25 ],
    "faces": {
        "down":  { "uv": [ 16, 8.25, 8, 7.75 ], "texture": "#1", "cullface": "west" },
        "up":    { "uv": [ 0, 7.75, 8, 8.25 ], "texture": "#1", "cullface": "west" },
        "north": { "uv": [ 8, 6.75, 16, 7 ], "texture": "#1", "cullface": "west" },
        "south": { "uv": [ 0, 6.75, 8, 7 ], "texture": "#1", "cullface": "west" }
    }
},
{
    "from": [ -9.25, 7.75, 7.375 ],
    "to": [ 8, 8.5, 7.625 ],
    "faces": {
        "down":  { "uv": [ 16, 7.625, 8, 7.375 ], "texture": "#1", "cullface": "west" },
        "up":    { "uv": [ 0, 7.375, 8, 7.625 ], "texture": "#1", "cullface": "west" },
        "north": { "uv": [ 8, 7.5, 16, 8.25 ], "texture": "#1", "cullface": "west" },
        "south": { "uv": [ 0, 7.5, 8, 8.25 ], "texture": "#1", "cullface": "west" },
        "west":  { "uv": [ 7.375, 7.5, 7.625, 8.25 ], "texture": "#1", "cullface": "west" }
    }
},
{
    "from": [ -9.25, 8.5, 7.625 ],
    "to": [ -6, 8.75, 8.375 ],
    "faces": {
        "down":  { "uv": [ 16, 8.375, 16, 7.625 ], "texture": "#1", "cullface": "west" },
        "up":    { "uv": [ 0, 7.625, 0, 8.375 ], "texture": "#1", "cullface": "west" },
        "north": { "uv": [ 16, 7.25, 16, 7.5 ], "texture": "#1", "cullface": "west" },
        "south": { "uv": [ 0, 7.25, 0, 7.5 ], "texture": "#1", "cullface": "west" },
        "west":  { "uv": [ 7.625, 7.25, 8.375, 7.5 ], "texture": "#1", "cullface": "west" }
    }
},
{
    "from": [ -9.25, 7.75, 8.375 ],
    "to": [ 8, 8.5, 8.625 ],
    "faces": {
        "down":  { "uv": [ 16, 8.625, 8, 8.375 ], "texture": "#1", "cullface": "west" },
        "up":    { "uv": [ 0, 8.375, 8, 8.625 ], "texture": "#1", "cullface": "west" },
        "north": { "uv": [ 8, 7.5, 16, 8.25 ], "texture": "#1", "cullface": "west" },
        "south": { "uv": [ 0, 7.5, 8, 8.25 ], "texture": "#1", "cullface": "west" },
        "west":  { "uv": [ 8.375, 7.5, 8.625, 8.25 ], "texture": "#1", "cullface": "west" }
    }
},
{
    "from": [ -9.25, 7.5, 7.625 ],
    "to": [ 8, 7.75, 8.375 ],
    "faces": {
        "down":  { "uv": [ 16, 8.375, 8, 7.625 ], "texture": "#1", "cullface": "west" },
        "up":    { "uv": [ 0, 7.625, 8, 8.375 ], "texture": "#1", "cullface": "west" },
        "north": { "uv": [ 8, 8.25, 16, 8.5 ], "texture": "#1", "cullface": "west" },
        "south": { "uv": [ 0, 8.25, 8, 8.5 ], "texture": "#1", "cullface": "west" },
        "west":  { "uv": [ 7.625, 8.25, 8.375, 8.5 ], "texture": "#1", "cullface": "west" }
    }
},
{
    "from": [ -9.5, 7.75, 7.625 ],
    "to": [ -9.25, 8.5, 8.375 ],
    "faces": {
        "down":  { "uv": [ 16, 8.375, 16, 7.625 ], "texture": "#2", "cullface": "west" },
        "up":    { "uv": [ 0, 7.625, 0, 8.375 ], "texture": "#2", "cullface": "west" },
        "north": { "uv": [ 16, 7.5, 16, 8.25 ], "texture": "#2", "cullface": "west" },
        "south": { "uv": [ 0, 7.5, 0, 8.25 ], "texture": "#2", "cullface": "west" },
        "west":  { "uv": [ 7.625, 7.5, 8.375, 8.25 ], "texture": "#2", "cullface": "west" },
        "east":  { "uv": [ 7.625, 7.5, 8.375, 8.25 ], "texture": "#2", "cullface": "west" }
    }
},
{
    "from": [ -5.75, 8.5, 7.25 ],
    "to": [ 3.5, 8.75, 8.75 ],
    "faces": {
        "up":    { "uv": [ 0, 7.25, 3.5, 8.75 ], "texture": "#3", "cullface": "west" },
        "north": { "uv": [ 12.5, 7.25, 16, 7.5 ], "texture": "#3", "cullface": "west" },
        "south": { "uv": [ 0, 7.25, 3.5, 7.5 ], "texture": "#3", "cullface": "west" },
        "east":  { "uv": [ 7.25, 7.25, 8.75, 7.5 ], "texture": "#3", "cullface": "west" }
    }
},
{
    "from": [ -5.75, 7.25, 7.25 ],
    "to": [ 3.5, 7.5, 8.75 ],
    "faces": {
        "down":  { "uv": [ 16, 8.75, 12.5, 7.25 ], "texture": "#3", "cullface": "west" },
        "north": { "uv": [ 12.5, 8.5, 16, 8.75 ], "texture": "#3", "cullface": "west" },
        "south": { "uv": [ 0, 8.5, 3.5, 8.75 ], "texture": "#3", "cullface": "west" },
        "east":  { "uv": [ 7.25, 8.5, 8.75, 8.75 ], "texture": "#3", "cullface": "west" }
    }
},
{
    "from": [ -5.75, 7, 7.5 ],
    "to": [ 3.5, 7.25, 8.5 ],
    "faces": {
        "down":  { "uv": [ 16, 8.5, 12.5, 7.5 ], "texture": "#3", "cullface": "west" },
        "north": { "uv": [ 12.5, 8.75, 16, 9 ], "texture": "#3", "cullface": "west" },
        "south": { "uv": [ 0, 8.75, 3.5, 9 ], "texture": "#3", "cullface": "west" },
        "west":  { "uv": [ 7.5, 8.75, 8.5, 9 ], "texture": "#3", "cullface": "west" },
        "east":  { "uv": [ 7.5, 8.75, 8.5, 9 ], "texture": "#3", "cullface": "west" }
    }
},
{
    "from": [ 8, 7.25, 7.25 ],
    "to": [ 12.25, 9.75, 9 ],
    "faces": {
        "down":  { "uv": [ 8, 9, 3.75, 7.25 ], "texture": "#2" },
        "up":    { "uv": [ 8, 7.25, 12.25, 9 ], "texture": "#2" },
        "north": { "uv": [ 3.75, 6.25, 8, 8.75 ], "texture": "#2" },
        "south": { "uv": [ 8, 6.25, 12.25, 8.75 ], "texture": "#2" },
        "west":  { "uv": [ 7.25, 6.25, 9, 8.75 ], "texture": "#2" },
        "east":  { "uv": [ 7, 6.25, 8.75, 8.75 ], "texture": "#2" }
    }
},
{
    "from": [ 12.25, 9.75, 7.5 ],
    "to": [ 13.25, 10, 8.5 ],
    "faces": {
        "up":    { "uv": [ 14.5, 7.75, 15, 8.25 ], "texture": "#2" },
        "north": { "uv": [ 1, 6, 1.5, 6.25 ], "texture": "#2" },
        "south": { "uv": [ 14.5, 6, 15, 6.25 ], "texture": "#2" },
        "east":  { "uv": [ 7.75, 6, 8.25, 6.25 ], "texture": "#2" }
    }
},
{
    "from": [ 12.25, 9.5, 7.25 ],
    "to": [ 13.5, 9.75, 8.75 ],
    "faces": {
        "up":    { "uv": [ 12.25, 7.25, 13.5, 8.75 ], "texture": "#2" },
        "north": { "uv": [ 2.5, 6.25, 3.75, 6.5 ], "texture": "#2" },
        "south": { "uv": [ 12.25, 6.25, 13.5, 6.5 ], "texture": "#2" },
        "east":  { "uv": [ 7.25, 6.25, 8.75, 6.5 ], "texture": "#2" }
    }
},
{
    "from": [ 1.75, 8.75, 7.75 ],
    "to": [ 8, 9, 8.25 ],
    "faces": {
        "down":  { "uv": [ 14.25, 8.25, 8, 7.75 ], "texture": "#4" },
        "north": { "uv": [ 8, 7, 14.25, 7.25 ], "texture": "#4" },
        "south": { "uv": [ 1.75, 7, 8, 7.25 ], "texture": "#4" }
    }
},
{
    "from": [ 3.5, 8.5, 7.5 ],
    "to": [ 8, 8.75, 8.5 ],
    "faces": {
        "down":  { "uv": [ 12.5, 8.5, 8, 7.5 ], "texture": "#4" },
        "up":    { "uv": [ 3.5, 7.5, 8, 8.5 ], "texture": "#4" },
        "north": { "uv": [ 8, 7.25, 12.5, 7.5 ], "texture": "#4" },
        "south": { "uv": [ 3.5, 7.25, 8, 7.5 ], "texture": "#4" }
    }
},
{
    "from": [ -5.75, 7.5, 7 ],
    "to": [ 3.5, 8.5, 9 ],
    "faces": {
        "down":  { "uv": [ 16, 9, 12.5, 7 ], "texture": "#3", "cullface": "west" },
        "up":    { "uv": [ 0, 7, 3.5, 9 ], "texture": "#3", "cullface": "west" },
        "north": { "uv": [ 12.5, 7.5, 16, 8.5 ], "texture": "#3", "cullface": "west" },
        "south": { "uv": [ 0, 7.5, 3.5, 8.5 ], "texture": "#3", "cullface": "west" },
        "west":  { "uv": [ 7, 7.5, 9, 8.5 ], "texture": "#3", "cullface": "west" },
        "east":  { "uv": [ 7, 7.5, 9, 8.5 ], "texture": "#3", "cullface": "west" }
    }
},
{
    "from": [ -5.75, 8.75, 7.5 ],
    "to": [ 1.75, 9, 8.5 ],
    "faces": {
        "up":    { "uv": [ 0, 7.5, 1.75, 8.5 ], "texture": "#3", "cullface": "west" },
        "north": { "uv": [ 14.25, 7, 16, 7.25 ], "texture": "#3", "cullface": "west" },
        "south": { "uv": [ 0, 7, 1.75, 7.25 ], "texture": "#3", "cullface": "west" },
        "west":  { "uv": [ 7.5, 7, 8.5, 7.25 ], "texture": "#3", "cullface": "west" },
        "east":  { "uv": [ 7.5, 7, 8.5, 7.25 ], "texture": "#3", "cullface": "west" }
    }
},
{
    "from": [ -6, 7.25, 7.25 ],
    "to": [ -5.75, 8.75, 8.75 ],
    "faces": {
        "down":  { "uv": [ 16, 8.75, 16, 7.25 ], "texture": "#3", "cullface": "west" },
        "up":    { "uv": [ 0, 7.25, 0, 8.75 ], "texture": "#3", "cullface": "west" },
        "north": { "uv": [ 16, 7.25, 16, 8.75 ], "texture": "#3", "cullface": "west" },
        "south": { "uv": [ 0, 7.25, 0, 8.75 ], "texture": "#3", "cullface": "west" },
        "west":  { "uv": [ 7.25, 7.25, 8.75, 8.75 ], "texture": "#3", "cullface": "west" },
        "east":  { "uv": [ 7.25, 7.25, 8.75, 8.75 ], "texture": "#3", "cullface": "west" }
    }
},
{
    "from": [ 13.5, 9.5, 7.5 ],
    "to": [ 14.5, 9.75, 8.5 ],
    "faces": {
        "up":    { "uv": [ 14.5, 7.75, 15, 8.25 ], "texture": "#2" },
        "north": { "uv": [ 1, 6, 1.5, 6.25 ], "texture": "#2" },
        "south": { "uv": [ 14.5, 6, 15, 6.25 ], "texture": "#2" },
        "east":  { "uv": [ 7.75, 6, 8.25, 6.25 ], "texture": "#2" }
    }
},
{
    "from": [ 13.5, 9.25, 7.25 ],
    "to": [ 14.5, 9.5, 8.75 ],
    "faces": {
        "up":    { "uv": [ 14.25, 7.25, 15.25, 8.75 ], "texture": "#2" },
        "north": { "uv": [ 0.75, 6.5, 1.75, 6.75 ], "texture": "#2" },
        "south": { "uv": [ 14, 6.5, 15, 6.75 ], "texture": "#2" },
        "east":  { "uv": [ 7.25, 6.5, 8.75, 6.75 ], "texture": "#2" }
    }
},
{
    "from": [ 8, 10, 7.5 ],
    "to": [ 12.25, 10.25, 8.5 ],
    "faces": {
        "up":    { "uv": [ 14.5, 7.75, 15, 8.25 ], "texture": "#2" },
        "north": { "uv": [ 1, 6, 1.5, 6.25 ], "texture": "#2" },
        "south": { "uv": [ 14.5, 6, 15, 6.25 ], "texture": "#2" },
        "west":  { "uv": [ 7.75, 6, 8.25, 6.25 ], "texture": "#2" },
        "east":  { "uv": [ 7.75, 6, 8.25, 6.25 ], "texture": "#2" }
    }
},
{
    "from": [ 14.5, 9, 7.25 ],
    "to": [ 15, 9.25, 8.75 ],
    "faces": {
        "up":    { "uv": [ 15.25, 7.25, 15.75, 8.75 ], "texture": "#2" },
        "north": { "uv": [ 0.25, 6.75, 0.75, 7 ], "texture": "#2" },
        "south": { "uv": [ 14.5, 6.75, 15, 7 ], "texture": "#2" },
        "east":  { "uv": [ 7.25, 6.75, 8.75, 7 ], "texture": "#2" }
    }
},
{
    "from": [ 14.5, 9.25, 7.5 ],
    "to": [ 15, 9.5, 8.5 ],
    "faces": {
        "up":    { "uv": [ 14.5, 7.75, 15, 8.25 ], "texture": "#2" },
        "north": { "uv": [ 1, 6, 1.5, 6.25 ], "texture": "#2" },
        "south": { "uv": [ 14.5, 6, 15, 6.25 ], "texture": "#2" },
        "east":  { "uv": [ 7.75, 6, 8.25, 6.25 ], "texture": "#2" }
    }
},
{
    "from": [ 8, 9.75, 7.25 ],
    "to": [ 12.25, 10, 8.75 ],
    "faces": {
        "up":    { "uv": [ 8, 7.25, 12.25, 8.75 ], "texture": "#2" },
        "north": { "uv": [ 3.75, 6, 8, 6.25 ], "texture": "#2" },
        "south": { "uv": [ 8, 6, 12.25, 6.25 ], "texture": "#2" },
        "west":  { "uv": [ 7.25, 6, 8.75, 6.25 ], "texture": "#2" },
        "east":  { "uv": [ 7.25, 6, 8.75, 6.25 ], "texture": "#2" }
    }
},
{
    "from": [ 12.25, 7.25, 7 ],
    "to": [ 13.5, 9.5, 9 ],
    "faces": {
        "down":  { "uv": [ 3.75, 9, 2.5, 7 ], "texture": "#2" },
        "up":    { "uv": [ 12.25, 7, 13.5, 9 ], "texture": "#2" },
        "north": { "uv": [ 2.5, 6.5, 3.75, 8.75 ], "texture": "#2" },
        "south": { "uv": [ 12.25, 6.5, 13.5, 8.75 ], "texture": "#2" },
        "west":  { "uv": [ 7, 6.5, 9, 8.75 ], "texture": "#2" },
        "east":  { "uv": [ 7, 6.5, 9, 8.75 ], "texture": "#2" }
    }
},
{
    "from": [ 13.5, 7.25, 7 ],
    "to": [ 14.5, 9.25, 9 ],
    "faces": {
        "down":  { "uv": [ 1.5, 9, 0.5, 7 ], "texture": "#2" },
        "up":    { "uv": [ 14.5, 7, 15.5, 9 ], "texture": "#2" },
        "north": { "uv": [ 0.75, 6.75, 1.75, 8.5 ], "texture": "#2" },
        "south": { "uv": [ 14, 6.75, 15, 8.5 ], "texture": "#2" },
        "east":  { "uv": [ 7, 6.75, 9, 8.5 ], "texture": "#2" }
    }
},
{
    "from": [ 14.5, 8.75, 7 ],
    "to": [ 15, 9, 9 ],
    "faces": {
        "down":  { "uv": [ 1.5, 9, 1, 7 ], "texture": "#2" },
        "up":    { "uv": [ 14.5, 7, 15, 9 ], "texture": "#2" },
        "north": { "uv": [ 1, 7, 1.5, 7.25 ], "texture": "#2" },
        "south": { "uv": [ 14.5, 7, 15, 7.25 ], "texture": "#2" },
        "east":  { "uv": [ 7, 7, 9, 7.25 ], "texture": "#2" }
    }
},
{
    "from": [ 14.5625, 7.5625, 7 ],
    "to": [ 15.0625, 9, 9 ],
    "rotation": { "origin": [ 14.5625, 9, 7 ], "axis": "z", "angle": -22.5 },
    "faces": {
        "down":  { "uv": [ 15.3125, 7, 15.8125, 9 ], "texture": "#2" },
        "up":    { "uv": [ 15.3125, 7, 15.8125, 9 ], "texture": "#2" },
        "north": { "uv": [ 15.3125, 7, 15.8125, 8.4375 ], "texture": "#2" },
        "south": { "uv": [ 15.3125, 7, 15.8125, 8.4375 ], "texture": "#2" },
        "west":  { "uv": [ 7, 7, 9, 8.4375 ], "texture": "#2" },
        "east":  { "uv": [ 7, 7, 9, 8.4375 ], "texture": "#2" }
    }
},
{
    "from": [ 15, 9, 7.3125 ],
    "to": [ 15.75, 9.25, 8.6875 ],
    "faces": {
        "up":    { "uv": [ 0, 0, 0.5, 0.5 ], "texture": "#2" },
        "north": { "uv": [ 0, 0, 0.5, 0.5 ], "texture": "#2" },
        "south": { "uv": [ 0.5, 0, 0, 0.5 ], "texture": "#2" },
        "east":  { "uv": [ 0.5, 0, 0, 0.5 ], "texture": "#2" }
    }
},
{
    "from": [ 14.5, 7.25, 7.0625 ],
    "to": [ 16, 9, 8.9375 ],
    "faces": {
        "down":  { "uv": [ 0, 0.5, 0.5, 0 ], "texture": "#2" },
        "up":    { "uv": [ 0, 0, 0.5, 0.5 ], "texture": "#2" },
        "north": { "uv": [ 0, 0, 0.5, 0.5 ], "texture": "#2" },
        "south": { "uv": [ 0.5, 0, 0, 0.5 ], "texture": "#2" },
        "east":  { "uv": [ 0.5, 0, 0, 0.5 ], "texture": "#2", "cullface": "east" }
    }
},
{
    "from": [ 8, 9.5, 7 ],
    "to": [ 12.25, 9.75, 7.25 ],
    "faces": {
        "down":  { "uv": [ 8, 7.25, 3.75, 7 ], "texture": "#2" },
        "up":    { "uv": [ 8, 7, 12.25, 7.25 ], "texture": "#2" },
        "north": { "uv": [ 3.75, 6.25, 8, 6.5 ], "texture": "#2" },
        "west":  { "uv": [ 7, 6.25, 7.25, 6.5 ], "texture": "#2" },
        "east":  { "uv": [ 8.75, 6.25, 9, 6.5 ], "texture": "#2" }
    }
},
{
    "from": [ 8, 7.5, 7 ],
    "to": [ 12.25, 8.5, 7.25 ],
    "faces": {
        "down":  { "uv": [ 8, 7.25, 3.75, 7 ], "texture": "#2" },
        "up":    { "uv": [ 8, 7, 12.25, 7.25 ], "texture": "#2" },
        "north": { "uv": [ 3.75, 7.5, 8, 8.5 ], "texture": "#2" },
        "west":  { "uv": [ 7, 7.5, 7.25, 8.5 ], "texture": "#2" }
    }
},
{
    "from": [ 8, 8.5, 7 ],
    "to": [ 8.75, 9.5, 7.25 ],
    "faces": {
        "north": { "uv": [ 7.25, 6.5, 8, 7.5 ], "texture": "#2" },
        "west":  { "uv": [ 7, 6.5, 7.25, 7.5 ], "texture": "#2" },
        "east":  { "uv": [ 8.75, 6.5, 9, 7.5 ], "texture": "#2" }
    }
},
{
    "from": [ 11.25, 8.5, 7 ],
    "to": [ 12.25, 9.5, 7.25 ],
    "faces": {
        "north": { "uv": [ 3.75, 6.5, 4.75, 7.5 ], "texture": "#2" },
        "west":  { "uv": [ 7, 6.5, 7.25, 7.5 ], "texture": "#2" }
    }
},
{
    "from": [ 8.75, 8.5, 7.0625 ],
    "to": [ 11.25, 9.5, 7.25 ],
    "faces": {
        "north": { "uv": [ 4.75, 6.5, 7.25, 7.5 ], "texture": "#4" }
    }
},
{
    "from": [ 11.5, 7, 7.25 ],
    "to": [ 15.5, 7.25, 8.75 ],
    "faces": {
        "down":  { "uv": [ 4.5, 8.75, 0.5, 7.25 ], "texture": "#2" },
        "up":    { "uv": [ 11.5, 7.25, 15.5, 8.75 ], "texture": "#2" },
        "north": { "uv": [ 0.5, 8.75, 4.5, 9 ], "texture": "#2" },
        "south": { "uv": [ 11.5, 8.75, 15.5, 9 ], "texture": "#2" },
        "west":  { "uv": [ 7.25, 8.75, 8.75, 9 ], "texture": "#2" },
        "east":  { "uv": [ 7.25, 8.75, 8.75, 9 ], "texture": "#2" }
    }
},
{
    "from": [ 14, 5.5, 7.25 ],
    "to": [ 15.5, 7, 8.75 ],
    "faces": {
        "down":  { "uv": [ 13.5, 7.25, 15, 8.75 ], "texture": "#3" },
        "north": { "uv": [ 13.5, 8.75, 15, 10.25 ], "texture": "#3" },
        "south": { "uv": [ 13.5, 8.75, 15, 10.25 ], "texture": "#3" },
        "west":  { "uv": [ 7.25, 8.75, 8.75, 10.25 ], "texture": "#3" },
        "east":  { "uv": [ 7.25, 8.75, 8.75, 10.25 ], "texture": "#3" }
    }
},
{
    "from": [ 14.25, 2.875, 7.25 ],
    "to": [ 15.25, 6.375, 8.75 ],
    "rotation": { "origin": [ 14.25, 6.375, 7.25 ], "axis": "z", "angle": 22.5 },
    "faces": {
        "down":  { "uv": [ 13.5, 7.25, 15, 8.75 ], "texture": "#3" },
        "up":    { "uv": [ 13.5, 7.25, 15, 8.75 ], "texture": "#3" },
        "north": { "uv": [ 13.5, 9.5, 15, 13 ], "texture": "#3" },
        "south": { "uv": [ 13.5, 9.5, 15, 13 ], "texture": "#3" },
        "west":  { "uv": [ 7.25, 9.5, 8.75, 13 ], "texture": "#3" },
        "east":  { "uv": [ 7.25, 9.5, 8.75, 13 ], "texture": "#3" }
    }
},
{
    "from": [ 12.25, 5.5, 7.75 ],
    "to": [ 14, 5.75, 8.25 ],
    "faces": {
        "down":  { "uv": [ 3.75, 8.25, 2, 7.75 ], "texture": "#2" },
        "up":    { "uv": [ 12.25, 7.75, 14, 8.25 ], "texture": "#2" },
        "north": { "uv": [ 2, 10.25, 3.75, 10.5 ], "texture": "#2" },
        "south": { "uv": [ 12.25, 10.25, 14, 10.5 ], "texture": "#2" },
        "west":  { "uv": [ 7.75, 10.25, 8.25, 10.5 ], "texture": "#2" }
    }
},
{
    "from": [ 13.75, 5.75, 7.75 ],
    "to": [ 14, 7, 8.25 ],
    "faces": {
        "north": { "uv": [ 2, 8.75, 2.25, 10 ], "texture": "#2" },
        "south": { "uv": [ 13.75, 8.75, 14, 10 ], "texture": "#2" },
        "west":  { "uv": [ 7.75, 8.75, 8.25, 10 ], "texture": "#2" }
    }
},
{
    "from": [ 13.5, 6.25, 7.75 ],
    "to": [ 13.75, 7, 8.25 ],
    "rotation": { "origin": [ 13.5, 7, 7.75 ], "axis": "z", "angle": 22.5 },
    "faces": {
        "down":  { "uv": [ 2.5, 8.25, 2.25, 7.75 ], "texture": "#2" },
        "north": { "uv": [ 2.25, 8.75, 2.5, 9.5 ], "texture": "#2" },
        "south": { "uv": [ 13.5, 8.75, 13.75, 9.5 ], "texture": "#2" },
        "west":  { "uv": [ 7.75, 8.75, 8.25, 9.5 ], "texture": "#2" }
    }
},
{
    "from": [ 13.75, 5.5625, 7.75 ],
    "to": [ 14, 6.25, 8.25 ],
    "rotation": { "origin": [ 13.75, 6.25, 7.75 ], "axis": "z", "angle": -22.5 },
    "faces": {
        "down":  { "uv": [ 2.5, 8.25, 2.25, 7.75 ], "texture": "#2" },
        "up":    { "uv": [ 13.5, 7.75, 13.75, 8.25 ], "texture": "#2" },
        "north": { "uv": [ 2.25, 9.25, 2.5, 10 ], "texture": "#2" },
        "south": { "uv": [ 13.5, 9.25, 13.75, 10 ], "texture": "#2" },
        "west":  { "uv": [ 7.75, 9.25, 8.25, 10 ], "texture": "#2" }
    }
},
{
    "from": [ 11.75, 6, 7.75 ],
    "to": [ 12, 7, 8.25 ],
    "faces": {
        "down":  { "uv": [ 4.25, 8.25, 4, 7.75 ], "texture": "#2" },
        "north": { "uv": [ 4, 9, 4.25, 10 ], "texture": "#2" },
        "south": { "uv": [ 11.75, 9, 12, 10 ], "texture": "#2" },
        "west":  { "uv": [ 7.75, 9, 8.25, 10 ], "texture": "#2" },
        "east":  { "uv": [ 7.75, 9, 8.25, 10 ], "texture": "#2" }
    }
},
{
    "from": [ 11.9375, 5.9375, 7.75 ],
    "to": [ 12.6875, 6.1875, 8.25 ],
    "rotation": { "origin": [ 11.9375, 6.1875, 7.75 ], "axis": "z", "angle": -45 },
    "faces": {
        "down":  { "uv": [ 11.9375, 7.75, 12.6875, 8.25 ], "texture": "#2" },
        "up":    { "uv": [ 11.9375, 7.75, 12.6875, 8.25 ], "texture": "#2" },
        "north": { "uv": [ 11.9375, 9.5625, 12.6875, 9.8125 ], "texture": "#2" },
        "south": { "uv": [ 11.9375, 9.5625, 12.6875, 9.8125 ], "texture": "#2" },
        "west":  { "uv": [ 7.75, 9.5625, 8.25, 9.8125 ], "texture": "#2" },
        "east":  { "uv": [ 7.75, 9.5625, 8.25, 9.8125 ], "texture": "#2" }
    }
},
{
    "from": [ 14.0625, 2.75, 7.5 ],
    "to": [ 15.5625, 6.25, 8.5 ],
    "rotation": { "origin": [ 14.0625, 6.25, 7.5 ], "axis": "z", "angle": 22.5 },
    "faces": {
        "down":  { "uv": [ 13.5, 7.5, 15, 8.5 ], "texture": "#3" },
        "up":    { "uv": [ 13.5, 7.5, 15, 8.5 ], "texture": "#3" },
        "north": { "uv": [ 13.5, 9.5, 15, 13 ], "texture": "#3" },
        "south": { "uv": [ 13.5, 9.5, 15, 13 ], "texture": "#3" },
        "west":  { "uv": [ 7.5, 9.5, 8.5, 13 ], "texture": "#3" },
        "east":  { "uv": [ 7.25, 9.5, 8.25, 13 ], "texture": "#3" }
    }
},
{
    "from": [ 15.1875, 2.8125, 7.25 ],
    "to": [ 16.9375, 3.0625, 8.75 ],
    "rotation": { "origin": [ 15.1875, 3.0625, 7.25 ], "axis": "z", "angle": 22.5 },
    "faces": {
        "down":  { "uv": [ 1.25, 8.75, 0, 7.25 ], "texture": "#3", "cullface": "east" },
        "up":    { "uv": [ 14.75, 7.25, 16, 8.75 ], "texture": "#3", "cullface": "east" },
        "north": { "uv": [ 0, 13.5, 1.25, 13.75 ], "texture": "#3", "cullface": "east" },
        "south": { "uv": [ 14.75, 13.5, 16, 13.75 ], "texture": "#3", "cullface": "east" },
        "west":  { "uv": [ 7.25, 13.5, 8.75, 13.75 ], "texture": "#3", "cullface": "east" },
        "east":  { "uv": [ 7.25, 13.5, 8.75, 13.75 ], "texture": "#3", "cullface": "east" }
    }
},
{
    "from": [ 14.5625, 3.125, 7.1875 ],
    "to": [ 15.375, 5.9375, 8.8125 ],
    "rotation": { "origin": [ 14.5625, 5.9375, 7.1875 ], "axis": "z", "angle": 22.5 },
    "faces": {
        "down":  { "uv": [ 0, 8.8125, 0, 7.1875 ], "texture": "#2" },
        "up":    { "uv": [ 16, 7.1875, 16, 8.8125 ], "texture": "#2" },
        "north": { "uv": [ 0, 9.75, 0, 13.75 ], "texture": "#2" },
        "south": { "uv": [ 16, 9.75, 16, 13.75 ], "texture": "#2" },
        "west":  { "uv": [ 7.1875, 9.75, 8.8125, 13.75 ], "texture": "#2" },
        "east":  { "uv": [ 7.1875, 9.75, 8.8125, 13.75 ], "texture": "#2" }
    }
},
{
    "from": [ 13.25, 6, 7.875 ],
    "to": [ 13.5, 7.25, 8.125 ],
    "rotation": { "origin": [ 13.25, 7.25, 7.875 ], "axis": "z", "angle": -22.5 },
    "faces": {
        "down":  { "uv": [ 7.875, 8.125, 7.625, 7.875 ], "texture": "#3" },
        "north": { "uv": [ 7.625, 4, 7.875, 5.25 ], "texture": "#3" },
        "south": { "uv": [ 8.125, 4, 8.375, 5.25 ], "texture": "#3" },
        "west":  { "uv": [ 7.875, 4, 8.125, 5.25 ], "texture": "#3" },
        "east":  { "uv": [ 7.875, 4, 8.125, 5.25 ], "texture": "#3" }
    }
},
{
    "from": [ 11.5, 10.25, 8.25 ],
    "to": [ 12, 10.5, 8.5 ],
    "faces": {
        "up":    { "uv": [ 11.5, 8.25, 12, 8.5 ], "texture": "#2" },
        "north": { "uv": [ 4, 5.5, 4.5, 5.75 ], "texture": "#2" },
        "south": { "uv": [ 11.5, 5.5, 12, 5.75 ], "texture": "#2" },
        "west":  { "uv": [ 8.25, 5.5, 8.5, 5.75 ], "texture": "#2" },
        "east":  { "uv": [ 7.5, 5.5, 7.75, 5.75 ], "texture": "#2" }
    }
},
{
    "from": [ 11.5, 10.25, 7.5 ],
    "to": [ 12, 10.5, 7.75 ],
    "faces": {
        "up":    { "uv": [ 11.5, 7.5, 12, 7.75 ], "texture": "#2" },
        "north": { "uv": [ 4, 5.5, 4.5, 5.75 ], "texture": "#2" },
        "south": { "uv": [ 11.5, 5.5, 12, 5.75 ], "texture": "#2" },
        "west":  { "uv": [ 7.5, 5.5, 7.75, 5.75 ], "texture": "#2" },
        "east":  { "uv": [ 8.25, 5.5, 8.5, 5.75 ], "texture": "#2" }
    }
},
{
    "from": [ -9.75, 9.75, 7.5 ],
    "to": [ -7.75, 10, 8.5 ],
    "faces": {
        "down":  { "uv": [ 16, 8.5, 16, 7.5 ], "texture": "#1", "cullface": "west" },
        "up":    { "uv": [ 0, 7.5, 0, 8.5 ], "texture": "#1", "cullface": "west" },
        "north": { "uv": [ 16, 6, 16, 6.25 ], "texture": "#1", "cullface": "west" },
        "south": { "uv": [ 0, 6, 0, 6.25 ], "texture": "#1", "cullface": "west" },
        "west":  { "uv": [ 7.5, 6, 8.5, 6.25 ], "texture": "#1", "cullface": "west" },
        "east":  { "uv": [ 7.5, 6, 8.5, 6.25 ], "texture": "#1", "cullface": "west" }
    }
},
{
    "from": [ -9.75, 9, 7.5 ],
    "to": [ -7.75, 9.25, 8.5 ],
    "faces": {
        "down":  { "uv": [ 16, 8.5, 16, 7.5 ], "texture": "#1", "cullface": "west" },
        "up":    { "uv": [ 0, 7.5, 0, 8.5 ], "texture": "#1", "cullface": "west" },
        "north": { "uv": [ 16, 6.75, 16, 7 ], "texture": "#1", "cullface": "west" },
        "south": { "uv": [ 0, 6.75, 0, 7 ], "texture": "#1", "cullface": "west" },
        "west":  { "uv": [ 7.5, 6.75, 8.5, 7 ], "texture": "#1", "cullface": "west" },
        "east":  { "uv": [ 7.5, 6.75, 8.5, 7 ], "texture": "#1", "cullface": "west" }
    }
},
{
    "from": [ -9.75, 9.25, 7.5 ],
    "to": [ -7.75, 9.75, 7.75 ],
    "faces": {
        "north": { "uv": [ 16, 6.25, 16, 6.75 ], "texture": "#1", "cullface": "west" },
        "south": { "uv": [ 0, 6.25, 0, 6.75 ], "texture": "#1", "cullface": "west" },
        "west":  { "uv": [ 7.5, 6.25, 7.75, 6.75 ], "texture": "#1", "cullface": "west" }
    }
},
{
    "from": [ -9.75, 9.25, 8.25 ],
    "to": [ -7.75, 9.75, 8.5 ],
    "faces": {
        "north": { "uv": [ 16, 6.25, 16, 6.75 ], "texture": "#1", "cullface": "west" },
        "south": { "uv": [ 0, 6.25, 0, 6.75 ], "texture": "#1", "cullface": "west" },
        "west":  { "uv": [ 8.25, 6.25, 8.5, 6.75 ], "texture": "#1", "cullface": "west" }
    }
},
{
    "from": [ -9.75, 10, 7.875 ],
    "to": [ -8.25, 10.25, 8.125 ],
    "faces": {
        "up":    { "uv": [ 0, 7.875, 0, 8.125 ], "texture": "#2", "cullface": "west" },
        "north": { "uv": [ 16, 5.75, 16, 6 ], "texture": "#2", "cullface": "west" },
        "south": { "uv": [ 0, 5.75, 0, 6 ], "texture": "#2", "cullface": "west" },
        "west":  { "uv": [ 7.875, 5.75, 8.125, 6 ], "texture": "#2", "cullface": "west" }
    }
},
{
    "from": [ -8.25, 9.75, 7.875 ],
    "to": [ -7.5, 10.25, 8.125 ],
    "rotation": { "origin": [ -8.25, 10.25, 7.875 ], "axis": "z", "angle": -22.5 },
    "faces": {
        "down":  { "uv": [ 16, 8.125, 16, 7.875 ], "texture": "#2", "cullface": "west" },
        "up":    { "uv": [ 0, 7.875, 0, 8.125 ], "texture": "#2", "cullface": "west" },
        "north": { "uv": [ 16, 2.75, 16, 3.25 ], "texture": "#2", "cullface": "west" },
        "south": { "uv": [ 0, 2.75, 0, 3.25 ], "texture": "#2", "cullface": "west" },
        "west":  { "uv": [ 7.875, 2.75, 8.125, 3.25 ], "texture": "#2", "cullface": "west" },
        "east":  { "uv": [ 7.875, 2.75, 8.125, 3.25 ], "texture": "#2", "cullface": "west" }
    }
},
{
    "from": [ 16, 7.5, 7.25 ],
    "to": [ 17.75, 8.5, 8.75 ],
    "faces": {
        "down":  { "uv": [ 0, 8.75, 0, 7.25 ], "texture": "#1", "cullface": "east" },
        "up":    { "uv": [ 16, 7.25, 16, 8.75 ], "texture": "#1", "cullface": "east" },
        "north": { "uv": [ 0, 7.5, 0, 8.5 ], "texture": "#1", "cullface": "east" },
        "south": { "uv": [ 16, 7.5, 16, 8.5 ], "texture": "#1", "cullface": "east" }
    }
},
{
    "from": [ 16, 7.25, 7.5 ],
    "to": [ 17.75, 8.75, 8.5 ],
    "faces": {
        "down":  { "uv": [ 0, 8.5, 0, 7.5 ], "texture": "#1", "cullface": "east" },
        "up":    { "uv": [ 16, 7.5, 16, 8.5 ], "texture": "#1", "cullface": "east" },
        "north": { "uv": [ 0, 7.25, 0, 8.75 ], "texture": "#1", "cullface": "east" },
        "south": { "uv": [ 16, 7.25, 16, 8.75 ], "texture": "#1", "cullface": "east" }
    }
},
{
    "from": [ 17, 6.75, 7.75 ],
    "to": [ 17.75, 7.25, 8.25 ],
    "faces": {
        "down":  { "uv": [ 0, 8.25, 0, 7.75 ], "texture": "#1", "cullface": "east" },
        "north": { "uv": [ 0, 8.75, 0, 9.25 ], "texture": "#1", "cullface": "east" },
        "south": { "uv": [ 16, 8.75, 16, 9.25 ], "texture": "#1", "cullface": "east" },
        "west":  { "uv": [ 7.75, 8.75, 8.25, 9.25 ], "texture": "#1", "cullface": "east" },
        "east":  { "uv": [ 7.75, 8.75, 8.25, 9.25 ], "texture": "#1", "cullface": "east" }
    }
},
{
    "from": [ 17.75, 7, 7.25 ],
    "to": [ 25.25, 9, 8.75 ],
    "faces": {
        "down":  { "uv": [ 0, 8.75, 0, 7.25 ], "texture": "#3", "cullface": "east" },
        "up":    { "uv": [ 16, 7.25, 16, 8.75 ], "texture": "#3", "cullface": "east" },
        "north": { "uv": [ 0, 7, 0, 9 ], "texture": "#3", "cullface": "east" },
        "south": { "uv": [ 16, 7, 16, 9 ], "texture": "#3", "cullface": "east" },
        "west":  { "uv": [ 7.25, 7, 8.75, 9 ], "texture": "#3", "cullface": "east" }
    }
},
{
    "from": [ 17.75, 7.25, 7 ],
    "to": [ 26.25, 8.75, 9 ],
    "faces": {
        "down":  { "uv": [ 0, 9, 0, 7 ], "texture": "#3", "cullface": "east" },
        "up":    { "uv": [ 16, 7, 16, 9 ], "texture": "#3", "cullface": "east" },
        "north": { "uv": [ 0, 7.25, 0, 8.75 ], "texture": "#3", "cullface": "east" },
        "south": { "uv": [ 16, 7.25, 16, 8.75 ], "texture": "#3", "cullface": "east" },
        "west":  { "uv": [ 7, 7.25, 9, 8.75 ], "texture": "#3", "cullface": "east" },
        "east":  { "uv": [ 7, 7.25, 9, 8.75 ], "texture": "#3", "cullface": "east" }
    }
},
{
    "from": [ 25.25, 3.5625, 7.25 ],
    "to": [ 26.25, 9, 8.75 ],
    "faces": {
        "down":  { "uv": [ 14, 0, 15, 1.5 ], "texture": "#3", "cullface": "east" },
        "up":    { "uv": [ 14, 0, 15, 1.5 ], "texture": "#3", "cullface": "east" },
        "north": { "uv": [ 14, 0, 15, 5.5 ], "texture": "#3", "cullface": "east" },
        "south": { "uv": [ 14, 0, 15, 5.5 ], "texture": "#3", "cullface": "east" },
        "west":  { "uv": [ 14, 0, 15, 5.5 ], "texture": "#3", "cullface": "east" },
        "east":  { "uv": [ 14, 0, 15, 5.5 ], "texture": "#3", "cullface": "east" }
    }
},
{
    "from": [ 18.1875, 6.625, 7.25 ],
    "to": [ 26.4375, 7.625, 8.75 ],
    "rotation": { "origin": [ 18.1875, 7.625, 7.25 ], "axis": "z", "angle": -22.5 },
    "faces": {
        "down":  { "uv": [ 0, 8.75, 0, 7.25 ], "texture": "#3", "cullface": "east" },
        "up":    { "uv": [ 16, 7.25, 16, 8.75 ], "texture": "#3", "cullface": "east" },
        "north": { "uv": [ 0, 10.25, 0, 11.25 ], "texture": "#3", "cullface": "east" },
        "south": { "uv": [ 16, 10.25, 16, 11.25 ], "texture": "#3", "cullface": "east" },
        "west":  { "uv": [ 7.25, 10.25, 8.75, 11.25 ], "texture": "#3", "cullface": "east" },
        "east":  { "uv": [ 7.25, 10.25, 8.75, 11.25 ], "texture": "#3", "cullface": "east" }
    }
},
{
    "from": [ 17.75, 6.75, 7.25 ],
    "to": [ 18.5, 7, 8.75 ],
    "faces": {
        "down":  { "uv": [ 0, 8.75, 0, 7.25 ], "texture": "#3", "cullface": "east" },
        "north": { "uv": [ 0, 9, 0, 9.25 ], "texture": "#3", "cullface": "east" },
        "south": { "uv": [ 16, 9, 16, 9.25 ], "texture": "#3", "cullface": "east" },
        "west":  { "uv": [ 7.25, 9, 8.75, 9.25 ], "texture": "#3", "cullface": "east" },
        "east":  { "uv": [ 7.25, 9, 8.75, 9.25 ], "texture": "#3", "cullface": "east" }
    }
}
],
"display": {
    "thirdperson_righthand": {
        "rotation": [ -180, -90, -180 ],
        "translation": [ 0, 0.94, -4.54 ],
        "scale": [ 0.7, 0.7, 0.7 ]
    },
    "thirdperson_lefthand": {
        "rotation": [ -180, 90, -180 ],
        "translation": [ 0, 0.94, -4.54 ],
        "scale": [ 0.7, 0.7, 0.7 ]
    },
    "ground": {
        "rotation": [ 90, 0, 0 ],
        "translation": [ 0, 0, 0 ],
        "scale": [ 1, 1, 1 ]
    },
    "fixed": {
        "rotation": [ 0, 180, -45 ],
        "translation": [ 0, 0.2, -1.1 ],
        "scale": [ 1.5, 1.5, 1.5 ]
    },
    "firstperson_righthand": {
        "rotation": [ 4, -90, 0 ],
        "translation": [ -2.46, 3.78, -1.89 ],
        "scale": [ 0.9, 0.9, 0.9 ]
    },
    "firstperson_lefthand": {
        "rotation": [ 4, 90, 0 ],
        "translation": [ -3.4, 3.78, -1.89 ],
        "scale": [ 0.9, 0.9, 0.9 ]
    },
    "gui": {
        "rotation": [ 0, 0, -45 ],
        "translation": [ -0.38, 0.38, 0 ],
        "scale": [ 0.5, 0.5, 0.5 ]
    }
}
}