{
"__comment": "Designed by Optimus0812 with BDcraft Cubik PRO 0.95 Beta - http://bdcraft.net",
"textures": {
    "0": "custom/1-metal-black",
    "1": "custom/1-metal-dark",
    "2": "custom/1-metal-dark",
    "3": "custom/1-metal-brown",
    "4": "custom/nb1"
},
"elements": [ 
{
    "__comment": "1",
    "from": [ 6, 17, -12 ],
    "to": [ 10, 20, 6 ],
    "faces": {
        "down":  { "uv": [ 10, 16, 6, 0 ], "texture": "#4" },
        "up":    { "uv": [ 6, 0, 10, 16 ], "texture": "#4" },
        "north": { "uv": [ 6, 2, 10, 5 ], "texture": "#4" },
        "south": { "uv": [ 6, 2, 10, 5 ], "texture": "#4" },
        "west":  { "uv": [ 0, 2, 16, 5 ], "texture": "#4" },
        "east":  { "uv": [ 0, 2, 16, 5 ], "texture": "#4" }
    }
},
{
    "__comment": "1",
    "from": [ 6.25, 17, -15 ],
    "to": [ 9.75, 22, -12 ],
    "faces": {
        "down":  { "uv": [ 9.75, 0, 6.25, 0 ], "texture": "#4" },
        "up":    { "uv": [ 6.25, 0, 9.75, 0 ], "texture": "#4" },
        "north": { "uv": [ 6.25, 0, 9.75, 5 ], "texture": "#4" },
        "south": { "uv": [ 6.25, 0, 9.75, 5 ], "texture": "#4" },
        "west":  { "uv": [ 0, 0, 0, 5 ], "texture": "#4" },
        "east":  { "uv": [ 16, 0, 16, 5 ], "texture": "#4" }
    }
},
{
    "__comment": "1",
    "from": [ 6.75, 22, -15 ],
    "to": [ 9.25, 22.5, -12 ],
    "faces": {
        "down":  { "uv": [ 9.25, 0, 6.75, 0 ], "texture": "#4" },
        "up":    { "uv": [ 6.75, 0, 9.25, 0 ], "texture": "#4" },
        "north": { "uv": [ 6.75, 0, 9.25, 0 ], "texture": "#4" },
        "south": { "uv": [ 6.75, 0, 9.25, 0 ], "texture": "#4" },
        "west":  { "uv": [ 0, 0, 0, 0 ], "texture": "#4" },
        "east":  { "uv": [ 16, 0, 16, 0 ], "texture": "#4" }
    }
},
{
    "__comment": "1",
    "from": [ 7.5, 16, -15 ],
    "to": [ 8.5, 17, -12 ],
    "faces": {
        "down":  { "uv": [ 8.5, 0, 7.5, 0 ], "texture": "#4" },
        "up":    { "uv": [ 7.5, 0, 8.5, 0 ], "texture": "#4" },
        "north": { "uv": [ 7.5, 5, 8.5, 6 ], "texture": "#4" },
        "south": { "uv": [ 7.5, 5, 8.5, 6 ], "texture": "#4" },
        "west":  { "uv": [ 0, 5, 0, 6 ], "texture": "#4" },
        "east":  { "uv": [ 16, 5, 16, 6 ], "texture": "#4" }
    }
},
{
    "__comment": "1",
    "from": [ 7.5, 15.5, -15 ],
    "to": [ 8.5, 16, -12 ],
    "faces": {
        "down":  { "uv": [ 8.5, 0, 7.5, 0 ], "texture": "#4" },
        "up":    { "uv": [ 7.5, 0, 8.5, 0 ], "texture": "#4" },
        "north": { "uv": [ 7.5, 6, 8.5, 6.5 ], "texture": "#4" },
        "south": { "uv": [ 7.5, 6, 8.5, 6.5 ], "texture": "#4" },
        "west":  { "uv": [ 0, 6, 0, 6.5 ], "texture": "#4" },
        "east":  { "uv": [ 16, 6, 16, 6.5 ], "texture": "#4" }
    }
},
{
    "__comment": "1",
    "from": [ 8.5, 16, -15 ],
    "to": [ 9, 17, -12 ],
    "faces": {
        "down":  { "uv": [ 7.5, 0, 7, 0 ], "texture": "#4" },
        "up":    { "uv": [ 8.5, 0, 9, 0 ], "texture": "#4" },
        "north": { "uv": [ 7, 5, 7.5, 6 ], "texture": "#4" },
        "south": { "uv": [ 8.5, 5, 9, 6 ], "texture": "#4" },
        "west":  { "uv": [ 0, 5, 0, 6 ], "texture": "#4" },
        "east":  { "uv": [ 16, 5, 16, 6 ], "texture": "#4" }
    }
},
{
    "__comment": "1",
    "from": [ 7, 16, -15 ],
    "to": [ 7.5, 17, -12 ],
    "faces": {
        "down":  { "uv": [ 9, 0, 8.5, 0 ], "texture": "#4" },
        "up":    { "uv": [ 7, 0, 7.5, 0 ], "texture": "#4" },
        "north": { "uv": [ 8.5, 5, 9, 6 ], "texture": "#4" },
        "south": { "uv": [ 7, 5, 7.5, 6 ], "texture": "#4" },
        "west":  { "uv": [ 0, 5, 0, 6 ], "texture": "#4" },
        "east":  { "uv": [ 16, 5, 16, 6 ], "texture": "#4" }
    }
},
{
    "__comment": "1",
    "from": [ 6.5, 15.5, -12 ],
    "to": [ 9.5, 17, 14 ],
    "faces": {
        "down":  { "uv": [ 9.5, 16, 6.5, 0 ], "texture": "#4" },
        "up":    { "uv": [ 6.5, 0, 9.5, 16 ], "texture": "#4" },
        "north": { "uv": [ 6.5, 5, 9.5, 6.5 ], "texture": "#4" },
        "south": { "uv": [ 6.5, 5, 9.5, 6.5 ], "texture": "#4" },
        "west":  { "uv": [ 0, 5, 16, 6.5 ], "texture": "#4" },
        "east":  { "uv": [ 0, 5, 16, 6.5 ], "texture": "#4" }
    }
},
{
    "__comment": "1",
    "from": [ 7, 15, -12 ],
    "to": [ 9, 15.5, 4 ],
    "faces": {
        "down":  { "uv": [ 9, 16, 7, 0 ], "texture": "#4" },
        "up":    { "uv": [ 7, 0, 9, 16 ], "texture": "#4" },
        "north": { "uv": [ 7, 6.5, 9, 7 ], "texture": "#4" },
        "south": { "uv": [ 7, 6.5, 9, 7 ], "texture": "#4" },
        "west":  { "uv": [ 0, 6.5, 16, 7 ], "texture": "#4" },
        "east":  { "uv": [ 0, 6.5, 16, 7 ], "texture": "#4" }
    }
},
{
    "__comment": "2",
    "from": [ 6.5, 19, -12 ],
    "to": [ 9.5, 21.5, 12 ],
    "faces": {
        "down":  { "uv": [ 9.5, 16, 6.5, 0 ], "texture": "#1" },
        "up":    { "uv": [ 6.5, 0, 9.5, 16 ], "texture": "#1" },
        "north": { "uv": [ 6.5, 0.5, 9.5, 3 ], "texture": "#1" },
        "south": { "uv": [ 6.5, 0.5, 9.5, 3 ], "texture": "#1" },
        "west":  { "uv": [ 0, 0.5, 16, 3 ], "texture": "#1" },
        "east":  { "uv": [ 0, 0.5, 16, 3 ], "texture": "#1" }
    }
},
{
    "__comment": "2",
    "from": [ 7, 21.5, -12 ],
    "to": [ 9, 22, 12 ],
    "faces": {
        "down":  { "uv": [ 9, 16, 7, 0 ], "texture": "#1" },
        "up":    { "uv": [ 7, 0, 9, 16 ], "texture": "#1" },
        "north": { "uv": [ 7, 0, 9, 0.5 ], "texture": "#1" },
        "south": { "uv": [ 7, 0, 9, 0.5 ], "texture": "#1" },
        "west":  { "uv": [ 0, 0, 16, 0.5 ], "texture": "#1" },
        "east":  { "uv": [ 0, 0, 16, 0.5 ], "texture": "#1" }
    }
},
{
    "__comment": "1",
    "from": [ 6, 17, 6 ],
    "to": [ 10, 19.5, 13 ],
    "faces": {
        "down":  { "uv": [ 10, 16, 6, 16 ], "texture": "#4" },
        "up":    { "uv": [ 6, 16, 10, 16 ], "texture": "#4" },
        "north": { "uv": [ 6, 2.5, 10, 5 ], "texture": "#4" },
        "south": { "uv": [ 6, 2.5, 10, 5 ], "texture": "#4" },
        "west":  { "uv": [ 16, 2.5, 16, 5 ], "texture": "#4" },
        "east":  { "uv": [ 0, 2.5, 0, 5 ], "texture": "#4" }
    }
},
{
    "__comment": "1",
    "from": [ 6.5, 13, 4 ],
    "to": [ 9.5, 16.5, 14 ],
    "faces": {
        "down":  { "uv": [ 9.5, 16, 6.5, 0 ], "texture": "#0" },
        "up":    { "uv": [ 6.5, 0, 9.5, 16 ], "texture": "#0" },
        "north": { "uv": [ 6.5, 5, 9.5, 6.5 ], "texture": "#0" },
        "south": { "uv": [ 6.5, 5, 9.5, 6.5 ], "texture": "#0" },
        "west":  { "uv": [ 0, 5, 16, 6.5 ], "texture": "#0" },
        "east":  { "uv": [ 0, 5, 16, 6.5 ], "texture": "#0" }
    }
},
{
    "__comment": "1",
    "from": [ 6.5, 15.25, 2.625 ],
    "to": [ 9.5, 17.25, 6.625 ],
    "rotation": { "origin": [ 6.5, 17.25, 2.625 ], "axis": "x", "angle": 45 },
    "faces": {
        "down":  { "uv": [ 9.5, 16, 6.5, 0 ], "texture": "#0" },
        "up":    { "uv": [ 6.5, 0, 9.5, 16 ], "texture": "#0" },
        "north": { "uv": [ 6.5, 5, 9.5, 6.5 ], "texture": "#0" },
        "south": { "uv": [ 6.5, 5, 9.5, 6.5 ], "texture": "#0" },
        "west":  { "uv": [ 0, 5, 16, 6.5 ], "texture": "#0" },
        "east":  { "uv": [ 0, 5, 16, 6.5 ], "texture": "#0" }
    }
},
{
    "__comment": "1",
    "from": [ 7, 10, 4 ],
    "to": [ 9, 13, 5 ],
    "faces": {
        "down":  { "uv": [ 9.5, 16, 6.5, 0 ], "texture": "#0" },
        "up":    { "uv": [ 6.5, 0, 9.5, 16 ], "texture": "#0" },
        "north": { "uv": [ 6.5, 5, 9.5, 6.5 ], "texture": "#0" },
        "south": { "uv": [ 6.5, 5, 9.5, 6.5 ], "texture": "#0" },
        "west":  { "uv": [ 0, 5, 16, 6.5 ], "texture": "#0" },
        "east":  { "uv": [ 0, 5, 16, 6.5 ], "texture": "#0" }
    }
},
{
    "__comment": "1",
    "from": [ 7, 12, 5.5 ],
    "to": [ 9, 14, 6.5 ],
    "rotation": { "origin": [ 7, 14, 5.5 ], "axis": "x", "angle": 45 },
    "faces": {
        "down":  { "uv": [ 9.5, 16, 6.5, 0 ], "texture": "#0" },
        "up":    { "uv": [ 6.5, 0, 9.5, 16 ], "texture": "#0" },
        "north": { "uv": [ 6.5, 5, 9.5, 6.5 ], "texture": "#0" },
        "south": { "uv": [ 6.5, 5, 9.5, 6.5 ], "texture": "#0" },
        "west":  { "uv": [ 0, 5, 16, 6.5 ], "texture": "#0" },
        "east":  { "uv": [ 0, 5, 16, 6.5 ], "texture": "#0" }
    }
},
{
    "__comment": "1",
    "from": [ 7, 8, 6 ],
    "to": [ 9, 9, 12 ],
    "faces": {
        "down":  { "uv": [ 9.5, 16, 6.5, 0 ], "texture": "#0" },
        "up":    { "uv": [ 6.5, 0, 9.5, 16 ], "texture": "#0" },
        "north": { "uv": [ 6.5, 5, 9.5, 6.5 ], "texture": "#0" },
        "south": { "uv": [ 6.5, 5, 9.5, 6.5 ], "texture": "#0" },
        "west":  { "uv": [ 0, 5, 16, 6.5 ], "texture": "#0" },
        "east":  { "uv": [ 0, 5, 16, 6.5 ], "texture": "#0" }
    }
},
{
    "__comment": "1",
    "from": [ 7, 7.1875, 4 ],
    "to": [ 9, 10, 5 ],
    "rotation": { "origin": [ 7, 10, 4 ], "axis": "x", "angle": -45 },
    "faces": {
        "down":  { "uv": [ 9.5, 16, 6.5, 0 ], "texture": "#0" },
        "up":    { "uv": [ 6.5, 0, 9.5, 16 ], "texture": "#0" },
        "north": { "uv": [ 6.5, 5, 9.5, 6.5 ], "texture": "#0" },
        "south": { "uv": [ 6.5, 5, 9.5, 6.5 ], "texture": "#0" },
        "west":  { "uv": [ 0, 5, 16, 6.5 ], "texture": "#0" },
        "east":  { "uv": [ 0, 5, 16, 6.5 ], "texture": "#0" }
    }
},
{
    "__comment": "1",
    "from": [ 6, 19.5, 12 ],
    "to": [ 10, 21.5, 26 ],
    "faces": {
        "down":  { "uv": [ 10, 16, 6, 0 ], "texture": "#4" },
        "up":    { "uv": [ 6, 0, 10, 16 ], "texture": "#4" },
        "north": { "uv": [ 6, 2, 10, 5 ], "texture": "#4" },
        "south": { "uv": [ 6, 2, 10, 5 ], "texture": "#4" },
        "west":  { "uv": [ 0, 2, 16, 5 ], "texture": "#4" },
        "east":  { "uv": [ 0, 2, 16, 5 ], "texture": "#4" }
    }
},
{
    "__comment": "1",
    "from": [ 6.5, 21.5, 12 ],
    "to": [ 9.5, 22, 26 ],
    "faces": {
        "down":  { "uv": [ 10, 16, 6, 0 ], "texture": "#4" },
        "up":    { "uv": [ 6, 0, 10, 16 ], "texture": "#4" },
        "north": { "uv": [ 6, 2, 10, 5 ], "texture": "#4" },
        "south": { "uv": [ 6, 2, 10, 5 ], "texture": "#4" },
        "west":  { "uv": [ 0, 2, 16, 5 ], "texture": "#4" },
        "east":  { "uv": [ 0, 2, 16, 5 ], "texture": "#4" }
    }
},
{
    "__comment": "1",
    "from": [ 6.5, -8, 11.5 ],
    "to": [ 9.5, 14, 21.5 ],
    "rotation": { "origin": [ 6.5, 14, 11.5 ], "axis": "x", "angle": -22.5 },
    "faces": {
        "down":  { "uv": [ 9.5, 16, 6.5, 0 ], "texture": "#0" },
        "up":    { "uv": [ 6.5, 0, 9.5, 16 ], "texture": "#0" },
        "north": { "uv": [ 6.5, 5, 9.5, 6.5 ], "texture": "#0" },
        "south": { "uv": [ 6.5, 5, 9.5, 6.5 ], "texture": "#0" },
        "west":  { "uv": [ 0, 5, 16, 6.5 ], "texture": "#0" },
        "east":  { "uv": [ 0, 5, 16, 6.5 ], "texture": "#0" }
    }
},
{
    "__comment": "1",
    "from": [ 7, 7.9375, 11.625 ],
    "to": [ 9, 8.9375, 13.625 ],
    "rotation": { "origin": [ 7, 8.9375, 11.625 ], "axis": "x", "angle": -22.5 },
    "faces": {
        "down":  { "uv": [ 9.5, 16, 6.5, 0 ], "texture": "#0" },
        "up":    { "uv": [ 6.5, 0, 9.5, 16 ], "texture": "#0" },
        "north": { "uv": [ 6.5, 5, 9.5, 6.5 ], "texture": "#0" },
        "south": { "uv": [ 6.5, 5, 9.5, 6.5 ], "texture": "#0" },
        "west":  { "uv": [ 0, 5, 16, 6.5 ], "texture": "#0" },
        "east":  { "uv": [ 0, 5, 16, 6.5 ], "texture": "#0" }
    }
},
{
    "__comment": "3",
    "from": [ 7.5, 12, 11 ],
    "to": [ 8.5, 13, 12 ],
    "faces": {
        "down":  { "uv": [ 9.5, 16, 6.5, 0 ], "texture": "#2" },
        "up":    { "uv": [ 6.5, 0, 9.5, 16 ], "texture": "#2" },
        "north": { "uv": [ 6.5, 5, 9.5, 6.5 ], "texture": "#2" },
        "south": { "uv": [ 6.5, 5, 9.5, 6.5 ], "texture": "#2" },
        "west":  { "uv": [ 0, 5, 16, 6.5 ], "texture": "#2" },
        "east":  { "uv": [ 0, 5, 16, 6.5 ], "texture": "#2" }
    }
},
{
    "__comment": "3",
    "from": [ 7.5, 10.3125, 9.875 ],
    "to": [ 8.5, 11.3125, 11.875 ],
    "rotation": { "origin": [ 7.5, 11.3125, 9.875 ], "axis": "x", "angle": -45 },
    "faces": {
        "down":  { "uv": [ 9.5, 16, 6.5, 0 ], "texture": "#2" },
        "up":    { "uv": [ 6.5, 0, 9.5, 16 ], "texture": "#2" },
        "north": { "uv": [ 6.5, 5, 9.5, 6.5 ], "texture": "#2" },
        "south": { "uv": [ 6.5, 5, 9.5, 6.5 ], "texture": "#2" },
        "west":  { "uv": [ 0, 5, 16, 6.5 ], "texture": "#2" },
        "east":  { "uv": [ 0, 5, 16, 6.5 ], "texture": "#2" }
    }
},
{
    "__comment": "3",
    "from": [ 7.5, 9.8125, 8.5 ],
    "to": [ 8.5, 10.3125, 10.5 ],
    "rotation": { "origin": [ 7.5, 10.3125, 8.5 ], "axis": "x", "angle": -22.5 },
    "faces": {
        "down":  { "uv": [ 9.5, 16, 6.5, 0 ], "texture": "#2" },
        "up":    { "uv": [ 6.5, 0, 9.5, 16 ], "texture": "#2" },
        "north": { "uv": [ 6.5, 5, 9.5, 6.5 ], "texture": "#2" },
        "south": { "uv": [ 6.5, 5, 9.5, 6.5 ], "texture": "#2" },
        "west":  { "uv": [ 0, 5, 16, 6.5 ], "texture": "#2" },
        "east":  { "uv": [ 0, 5, 16, 6.5 ], "texture": "#2" }
    }
},
{
    "__comment": "3",
    "from": [ 7.5, 10.125, 9.1875 ],
    "to": [ 8.5, 10.625, 10.1875 ],
    "rotation": { "origin": [ 7.5, 10.625, 9.1875 ], "axis": "x", "angle": -45 },
    "faces": {
        "down":  { "uv": [ 9.5, 16, 6.5, 0 ], "texture": "#2" },
        "up":    { "uv": [ 6.5, 0, 9.5, 16 ], "texture": "#2" },
        "north": { "uv": [ 6.5, 5, 9.5, 6.5 ], "texture": "#2" },
        "south": { "uv": [ 6.5, 5, 9.5, 6.5 ], "texture": "#2" },
        "west":  { "uv": [ 0, 5, 16, 6.5 ], "texture": "#2" },
        "east":  { "uv": [ 0, 5, 16, 6.5 ], "texture": "#2" }
    }
},
{
    "__comment": "1",
    "from": [ 6, 17, 13 ],
    "to": [ 10, 19.5, 13.5 ],
    "faces": {
        "down":  { "uv": [ 10, 16, 6, 16 ], "texture": "#4" },
        "up":    { "uv": [ 6, 16, 10, 16 ], "texture": "#4" },
        "north": { "uv": [ 6, 2.5, 10, 5 ], "texture": "#4" },
        "south": { "uv": [ 6, 2.5, 10, 5 ], "texture": "#4" },
        "west":  { "uv": [ 16, 2.5, 16, 5 ], "texture": "#4" },
        "east":  { "uv": [ 0, 2.5, 0, 5 ], "texture": "#4" }
    }
},
{
    "__comment": "1",
    "from": [ 6.5, 17, 13 ],
    "to": [ 9.5, 19.5, 20 ],
    "faces": {
        "down":  { "uv": [ 10, 16, 6, 16 ], "texture": "#4" },
        "up":    { "uv": [ 6, 16, 10, 16 ], "texture": "#4" },
        "north": { "uv": [ 6, 2.5, 10, 5 ], "texture": "#4" },
        "south": { "uv": [ 6, 2.5, 10, 5 ], "texture": "#4" },
        "west":  { "uv": [ 16, 2.5, 16, 5 ], "texture": "#4" },
        "east":  { "uv": [ 0, 2.5, 0, 5 ], "texture": "#4" }
    }
},
{
    "__comment": "1",
    "from": [ 6, 17, 14 ],
    "to": [ 10, 19.5, 14.5 ],
    "faces": {
        "down":  { "uv": [ 10, 16, 6, 16 ], "texture": "#4" },
        "up":    { "uv": [ 6, 16, 10, 16 ], "texture": "#4" },
        "north": { "uv": [ 6, 2.5, 10, 5 ], "texture": "#4" },
        "south": { "uv": [ 6, 2.5, 10, 5 ], "texture": "#4" },
        "west":  { "uv": [ 16, 2.5, 16, 5 ], "texture": "#4" },
        "east":  { "uv": [ 0, 2.5, 0, 5 ], "texture": "#4" }
    }
},
{
    "__comment": "1",
    "from": [ 6, 17, 15 ],
    "to": [ 10, 19.5, 15.5 ],
    "faces": {
        "down":  { "uv": [ 10, 16, 6, 16 ], "texture": "#4" },
        "up":    { "uv": [ 6, 16, 10, 16 ], "texture": "#4" },
        "north": { "uv": [ 6, 2.5, 10, 5 ], "texture": "#4" },
        "south": { "uv": [ 6, 2.5, 10, 5 ], "texture": "#4" },
        "west":  { "uv": [ 16, 2.5, 16, 5 ], "texture": "#4" },
        "east":  { "uv": [ 0, 2.5, 0, 5 ], "texture": "#4" }
    }
},
{
    "__comment": "1",
    "from": [ 6, 17, 16 ],
    "to": [ 10, 19.5, 16.5 ],
    "faces": {
        "down":  { "uv": [ 10, 16, 6, 16 ], "texture": "#4" },
        "up":    { "uv": [ 6, 16, 10, 16 ], "texture": "#4" },
        "north": { "uv": [ 6, 2.5, 10, 5 ], "texture": "#4" },
        "south": { "uv": [ 6, 2.5, 10, 5 ], "texture": "#4" },
        "west":  { "uv": [ 16, 2.5, 16, 5 ], "texture": "#4" },
        "east":  { "uv": [ 0, 2.5, 0, 5 ], "texture": "#4" }
    }
},
{
    "__comment": "1",
    "from": [ 6, 17, 17 ],
    "to": [ 10, 19.5, 17.5 ],
    "faces": {
        "down":  { "uv": [ 10, 16, 6, 16 ], "texture": "#4" },
        "up":    { "uv": [ 6, 16, 10, 16 ], "texture": "#4" },
        "north": { "uv": [ 6, 2.5, 10, 5 ], "texture": "#4" },
        "south": { "uv": [ 6, 2.5, 10, 5 ], "texture": "#4" },
        "west":  { "uv": [ 16, 2.5, 16, 5 ], "texture": "#4" },
        "east":  { "uv": [ 0, 2.5, 0, 5 ], "texture": "#4" }
    }
},
{
    "__comment": "1",
    "from": [ 6, 17, 18 ],
    "to": [ 10, 19.5, 18.5 ],
    "faces": {
        "down":  { "uv": [ 10, 16, 6, 16 ], "texture": "#4" },
        "up":    { "uv": [ 6, 16, 10, 16 ], "texture": "#4" },
        "north": { "uv": [ 6, 2.5, 10, 5 ], "texture": "#4" },
        "south": { "uv": [ 6, 2.5, 10, 5 ], "texture": "#4" },
        "west":  { "uv": [ 16, 2.5, 16, 5 ], "texture": "#4" },
        "east":  { "uv": [ 0, 2.5, 0, 5 ], "texture": "#4" }
    }
},
{
    "__comment": "1",
    "from": [ 6, 17, 19 ],
    "to": [ 10, 19.5, 19.5 ],
    "faces": {
        "down":  { "uv": [ 10, 16, 6, 16 ], "texture": "#4" },
        "up":    { "uv": [ 6, 16, 10, 16 ], "texture": "#4" },
        "north": { "uv": [ 6, 2.5, 10, 5 ], "texture": "#4" },
        "south": { "uv": [ 6, 2.5, 10, 5 ], "texture": "#4" },
        "west":  { "uv": [ 16, 2.5, 16, 5 ], "texture": "#4" },
        "east":  { "uv": [ 0, 2.5, 0, 5 ], "texture": "#4" }
    }
},
{
    "__comment": "1",
    "from": [ 6, 17, 20 ],
    "to": [ 10, 19.5, 20.5 ],
    "faces": {
        "down":  { "uv": [ 10, 16, 6, 16 ], "texture": "#4" },
        "up":    { "uv": [ 6, 16, 10, 16 ], "texture": "#4" },
        "north": { "uv": [ 6, 2.5, 10, 5 ], "texture": "#4" },
        "south": { "uv": [ 6, 2.5, 10, 5 ], "texture": "#4" },
        "west":  { "uv": [ 16, 2.5, 16, 5 ], "texture": "#4" },
        "east":  { "uv": [ 0, 2.5, 0, 5 ], "texture": "#4" }
    }
},
{
    "__comment": "3",
    "from": [ 6, 15, 12 ],
    "to": [ 6.5, 17, 16 ],
    "faces": {
        "down":  { "uv": [ 10, 16, 6, 16 ], "texture": "#2" },
        "up":    { "uv": [ 6, 16, 10, 16 ], "texture": "#2" },
        "north": { "uv": [ 6, 2.5, 10, 5 ], "texture": "#2" },
        "south": { "uv": [ 6, 2.5, 10, 5 ], "texture": "#2" },
        "west":  { "uv": [ 16, 2.5, 16, 5 ], "texture": "#2" },
        "east":  { "uv": [ 0, 2.5, 0, 5 ], "texture": "#2" }
    }
},
{
    "__comment": "3",
    "from": [ 6.5625, 15, 10.625 ],
    "to": [ 7.0625, 17, 12.125 ],
    "rotation": { "origin": [ 6.5625, 15, 10.625 ], "axis": "y", "angle": -22.5 },
    "faces": {
        "down":  { "uv": [ 10, 16, 6, 16 ], "texture": "#2" },
        "up":    { "uv": [ 6, 16, 10, 16 ], "texture": "#2" },
        "north": { "uv": [ 6, 2.5, 10, 5 ], "texture": "#2" },
        "south": { "uv": [ 6, 2.5, 10, 5 ], "texture": "#2" },
        "west":  { "uv": [ 16, 2.5, 16, 5 ], "texture": "#2" },
        "east":  { "uv": [ 0, 2.5, 0, 5 ], "texture": "#2" }
    }
},
{
    "__comment": "3",
    "from": [ 6, 16, 16 ],
    "to": [ 6.5, 17, 20 ],
    "faces": {
        "down":  { "uv": [ 10, 16, 6, 16 ], "texture": "#2" },
        "up":    { "uv": [ 6, 16, 10, 16 ], "texture": "#2" },
        "north": { "uv": [ 6, 2.5, 10, 5 ], "texture": "#2" },
        "south": { "uv": [ 6, 2.5, 10, 5 ], "texture": "#2" },
        "west":  { "uv": [ 16, 2.5, 16, 5 ], "texture": "#2" },
        "east":  { "uv": [ 0, 2.5, 0, 5 ], "texture": "#2" }
    }
},
{
    "__comment": "3",
    "from": [ 6, 14.75, 15.3125 ],
    "to": [ 6.5, 15.75, 16.8125 ],
    "rotation": { "origin": [ 6, 15.75, 15.3125 ], "axis": "x", "angle": -45 },
    "faces": {
        "down":  { "uv": [ 10, 16, 6, 16 ], "texture": "#2" },
        "up":    { "uv": [ 6, 16, 10, 16 ], "texture": "#2" },
        "north": { "uv": [ 6, 2.5, 10, 5 ], "texture": "#2" },
        "south": { "uv": [ 6, 2.5, 10, 5 ], "texture": "#2" },
        "west":  { "uv": [ 16, 2.5, 16, 5 ], "texture": "#2" },
        "east":  { "uv": [ 0, 2.5, 0, 5 ], "texture": "#2" }
    }
},
{
    "__comment": "3",
    "from": [ 5.5, 16.25, 17 ],
    "to": [ 6, 16.75, 20 ],
    "faces": {
        "down":  { "uv": [ 10, 16, 6, 16 ], "texture": "#2" },
        "up":    { "uv": [ 6, 16, 10, 16 ], "texture": "#2" },
        "north": { "uv": [ 6, 2.5, 10, 5 ], "texture": "#2" },
        "south": { "uv": [ 6, 2.5, 10, 5 ], "texture": "#2" },
        "west":  { "uv": [ 16, 2.5, 16, 5 ], "texture": "#2" },
        "east":  { "uv": [ 0, 2.5, 0, 5 ], "texture": "#2" }
    }
},
{
    "__comment": "3",
    "from": [ 6, 15, 6 ],
    "to": [ 6.5, 17, 8 ],
    "faces": {
        "down":  { "uv": [ 10, 16, 6, 16 ], "texture": "#2" },
        "up":    { "uv": [ 6, 16, 10, 16 ], "texture": "#2" },
        "north": { "uv": [ 6, 2.5, 10, 5 ], "texture": "#2" },
        "south": { "uv": [ 6, 2.5, 10, 5 ], "texture": "#2" },
        "west":  { "uv": [ 16, 2.5, 16, 5 ], "texture": "#2" },
        "east":  { "uv": [ 0, 2.5, 0, 5 ], "texture": "#2" }
    }
},
{
    "__comment": "3",
    "from": [ 6, 14.5, 5 ],
    "to": [ 6.5, 15.5, 6 ],
    "faces": {
        "down":  { "uv": [ 10, 16, 6, 16 ], "texture": "#2" },
        "up":    { "uv": [ 6, 16, 10, 16 ], "texture": "#2" },
        "north": { "uv": [ 6, 2.5, 10, 5 ], "texture": "#2" },
        "south": { "uv": [ 6, 2.5, 10, 5 ], "texture": "#2" },
        "west":  { "uv": [ 16, 2.5, 16, 5 ], "texture": "#2" },
        "east":  { "uv": [ 0, 2.5, 0, 5 ], "texture": "#2" }
    }
},
{
    "__comment": "3",
    "from": [ 6, 14.5, 5 ],
    "to": [ 6.5, 15.5, 6.5 ],
    "rotation": { "origin": [ 6, 15.5, 5 ], "axis": "x", "angle": -45 },
    "faces": {
        "down":  { "uv": [ 10, 16, 6, 16 ], "texture": "#2" },
        "up":    { "uv": [ 6, 16, 10, 16 ], "texture": "#2" },
        "north": { "uv": [ 6, 2.5, 10, 5 ], "texture": "#2" },
        "south": { "uv": [ 6, 2.5, 10, 5 ], "texture": "#2" },
        "west":  { "uv": [ 16, 2.5, 16, 5 ], "texture": "#2" },
        "east":  { "uv": [ 0, 2.5, 0, 5 ], "texture": "#2" }
    }
},
{
    "__comment": "3",
    "from": [ 6, 14.25, 5.3125 ],
    "to": [ 6.5, 15.25, 6.8125 ],
    "rotation": { "origin": [ 6, 15.25, 5.3125 ], "axis": "x", "angle": -45 },
    "faces": {
        "down":  { "uv": [ 10, 16, 6, 16 ], "texture": "#2" },
        "up":    { "uv": [ 6, 16, 10, 16 ], "texture": "#2" },
        "north": { "uv": [ 6, 2.5, 10, 5 ], "texture": "#2" },
        "south": { "uv": [ 6, 2.5, 10, 5 ], "texture": "#2" },
        "west":  { "uv": [ 16, 2.5, 16, 5 ], "texture": "#2" },
        "east":  { "uv": [ 0, 2.5, 0, 5 ], "texture": "#2" }
    }
},
{
    "__comment": "3",
    "from": [ 5.5, 16.5, 8 ],
    "to": [ 6.5, 17, 10 ],
    "faces": {
        "down":  { "uv": [ 10, 16, 6, 16 ], "texture": "#2" },
        "up":    { "uv": [ 6, 16, 10, 16 ], "texture": "#2" },
        "north": { "uv": [ 6, 2.5, 10, 5 ], "texture": "#2" },
        "south": { "uv": [ 6, 2.5, 10, 5 ], "texture": "#2" },
        "west":  { "uv": [ 16, 2.5, 16, 5 ], "texture": "#2" },
        "east":  { "uv": [ 0, 2.5, 0, 5 ], "texture": "#2" }
    }
},
{
    "__comment": "3",
    "from": [ 6.3125, 13, 10 ],
    "to": [ 6.8125, 14, 11 ],
    "faces": {
        "down":  { "uv": [ 10, 16, 6, 16 ], "texture": "#2" },
        "up":    { "uv": [ 6, 16, 10, 16 ], "texture": "#2" },
        "north": { "uv": [ 6, 2.5, 10, 5 ], "texture": "#2" },
        "south": { "uv": [ 6, 2.5, 10, 5 ], "texture": "#2" },
        "west":  { "uv": [ 16, 2.5, 16, 5 ], "texture": "#2" },
        "east":  { "uv": [ 0, 2.5, 0, 5 ], "texture": "#2" }
    }
},
{
    "__comment": "1",
    "from": [ 6, 17, 20 ],
    "to": [ 10, 19.5, 27 ],
    "faces": {
        "down":  { "uv": [ 10, 16, 6, 16 ], "texture": "#4" },
        "up":    { "uv": [ 6, 16, 10, 16 ], "texture": "#4" },
        "north": { "uv": [ 6, 2.5, 10, 5 ], "texture": "#4" },
        "south": { "uv": [ 6, 2.5, 10, 5 ], "texture": "#4" },
        "west":  { "uv": [ 16, 2.5, 16, 5 ], "texture": "#4" },
        "east":  { "uv": [ 0, 2.5, 0, 5 ], "texture": "#4" }
    }
},
{
    "__comment": "1",
    "from": [ 7, 22, 23 ],
    "to": [ 7.5, 23, 24 ],
    "faces": {
        "down":  { "uv": [ 10, 16, 6, 0 ], "texture": "#0" },
        "up":    { "uv": [ 6, 0, 10, 16 ], "texture": "#0" },
        "north": { "uv": [ 6, 2, 10, 5 ], "texture": "#0" },
        "south": { "uv": [ 6, 2, 10, 5 ], "texture": "#0" },
        "west":  { "uv": [ 0, 2, 16, 5 ], "texture": "#0" },
        "east":  { "uv": [ 0, 2, 16, 5 ], "texture": "#0" }
    }
},
{
    "__comment": "1",
    "from": [ 8.5, 22, 23 ],
    "to": [ 9, 23, 24 ],
    "faces": {
        "down":  { "uv": [ 10, 16, 6, 0 ], "texture": "#0" },
        "up":    { "uv": [ 6, 0, 10, 16 ], "texture": "#0" },
        "north": { "uv": [ 6, 2, 10, 5 ], "texture": "#0" },
        "south": { "uv": [ 6, 2, 10, 5 ], "texture": "#0" },
        "west":  { "uv": [ 0, 2, 16, 5 ], "texture": "#0" },
        "east":  { "uv": [ 0, 2, 16, 5 ], "texture": "#0" }
    }
},
{
    "__comment": "1",
    "from": [ 7, 22, 23 ],
    "to": [ 9, 22.5, 23.5 ],
    "faces": {
        "down":  { "uv": [ 10, 16, 6, 0 ], "texture": "#0" },
        "up":    { "uv": [ 6, 0, 10, 16 ], "texture": "#0" },
        "north": { "uv": [ 6, 2, 10, 5 ], "texture": "#0" },
        "south": { "uv": [ 6, 2, 10, 5 ], "texture": "#0" },
        "west":  { "uv": [ 0, 2, 16, 5 ], "texture": "#0" },
        "east":  { "uv": [ 0, 2, 16, 5 ], "texture": "#0" }
    }
},
{
    "__comment": "1",
    "from": [ 7, 21.5, 23 ],
    "to": [ 7.5, 23, 24 ],
    "rotation": { "origin": [ 7, 23, 23 ], "axis": "x", "angle": 45 },
    "faces": {
        "down":  { "uv": [ 10, 16, 6, 0 ], "texture": "#0" },
        "up":    { "uv": [ 6, 0, 10, 16 ], "texture": "#0" },
        "north": { "uv": [ 6, 2, 10, 5 ], "texture": "#0" },
        "south": { "uv": [ 6, 2, 10, 5 ], "texture": "#0" },
        "west":  { "uv": [ 0, 2, 16, 5 ], "texture": "#0" },
        "east":  { "uv": [ 0, 2, 16, 5 ], "texture": "#0" }
    }
},
{
    "__comment": "1",
    "from": [ 8.5, 21.5, 23 ],
    "to": [ 9, 23, 24 ],
    "rotation": { "origin": [ 8.5, 23, 23 ], "axis": "x", "angle": 45 },
    "faces": {
        "down":  { "uv": [ 10, 16, 6, 0 ], "texture": "#0" },
        "up":    { "uv": [ 6, 0, 10, 16 ], "texture": "#0" },
        "north": { "uv": [ 6, 2, 10, 5 ], "texture": "#0" },
        "south": { "uv": [ 6, 2, 10, 5 ], "texture": "#0" },
        "west":  { "uv": [ 0, 2, 16, 5 ], "texture": "#0" },
        "east":  { "uv": [ 0, 2, 16, 5 ], "texture": "#0" }
    }
},
{
    "__comment": "1",
    "from": [ 6.5, 13, 21 ],
    "to": [ 9.5, 17, 28 ],
    "faces": {
        "down":  { "uv": [ 9.5, 16, 6.5, 0 ], "texture": "#0" },
        "up":    { "uv": [ 6.5, 0, 9.5, 16 ], "texture": "#0" },
        "north": { "uv": [ 6.5, 5, 9.5, 6.5 ], "texture": "#0" },
        "south": { "uv": [ 6.5, 5, 9.5, 6.5 ], "texture": "#0" },
        "west":  { "uv": [ 0, 5, 16, 6.5 ], "texture": "#0" },
        "east":  { "uv": [ 0, 5, 16, 6.5 ], "texture": "#0" }
    }
},
{
    "__comment": "1",
    "from": [ 6.5, 6, 24 ],
    "to": [ 9.5, 12, 25 ],
    "faces": {
        "down":  { "uv": [ 9.5, 16, 6.5, 0 ], "texture": "#0" },
        "up":    { "uv": [ 6.5, 0, 9.5, 16 ], "texture": "#0" },
        "north": { "uv": [ 6.5, 5, 9.5, 6.5 ], "texture": "#0" },
        "south": { "uv": [ 6.5, 5, 9.5, 6.5 ], "texture": "#0" },
        "west":  { "uv": [ 0, 5, 16, 6.5 ], "texture": "#0" },
        "east":  { "uv": [ 0, 5, 16, 6.5 ], "texture": "#0" }
    }
},
{
    "__comment": "1",
    "from": [ 6.5, 9, 25.5 ],
    "to": [ 9.5, 13, 26.5 ],
    "rotation": { "origin": [ 6.5, 13, 25.5 ], "axis": "x", "angle": 22.5 },
    "faces": {
        "down":  { "uv": [ 9.5, 16, 6.5, 0 ], "texture": "#0" },
        "up":    { "uv": [ 6.5, 0, 9.5, 16 ], "texture": "#0" },
        "north": { "uv": [ 6.5, 5, 9.5, 6.5 ], "texture": "#0" },
        "south": { "uv": [ 6.5, 5, 9.5, 6.5 ], "texture": "#0" },
        "west":  { "uv": [ 0, 5, 16, 6.5 ], "texture": "#0" },
        "east":  { "uv": [ 0, 5, 16, 6.5 ], "texture": "#0" }
    }
},
{
    "__comment": "1",
    "from": [ 6.5, 12.0625, 25.4375 ],
    "to": [ 9.5, 13.0625, 27.9375 ],
    "rotation": { "origin": [ 6.5, 13.0625, 25.4375 ], "axis": "x", "angle": -22.5 },
    "faces": {
        "down":  { "uv": [ 9.5, 16, 6.5, 0 ], "texture": "#0" },
        "up":    { "uv": [ 6.5, 0, 9.5, 16 ], "texture": "#0" },
        "north": { "uv": [ 6.5, 5, 9.5, 6.5 ], "texture": "#0" },
        "south": { "uv": [ 6.5, 5, 9.5, 6.5 ], "texture": "#0" },
        "west":  { "uv": [ 0, 5, 16, 6.5 ], "texture": "#0" },
        "east":  { "uv": [ 0, 5, 16, 6.5 ], "texture": "#0" }
    }
},
{
    "__comment": "1",
    "from": [ 6.5, 12, 22.5 ],
    "to": [ 9.5, 13, 25.8125 ],
    "faces": {
        "down":  { "uv": [ 9.5, 16, 6.5, 0 ], "texture": "#0" },
        "up":    { "uv": [ 6.5, 0, 9.5, 16 ], "texture": "#0" },
        "north": { "uv": [ 6.5, 5, 9.5, 6.5 ], "texture": "#0" },
        "south": { "uv": [ 6.5, 5, 9.5, 6.5 ], "texture": "#0" },
        "west":  { "uv": [ 0, 5, 16, 6.5 ], "texture": "#0" },
        "east":  { "uv": [ 0, 5, 16, 6.5 ], "texture": "#0" }
    }
},
{
    "__comment": "1",
    "from": [ 6.5, 11, 23 ],
    "to": [ 9.5, 12, 24 ],
    "faces": {
        "down":  { "uv": [ 9.5, 16, 6.5, 0 ], "texture": "#0" },
        "up":    { "uv": [ 6.5, 0, 9.5, 16 ], "texture": "#0" },
        "north": { "uv": [ 6.5, 5, 9.5, 6.5 ], "texture": "#0" },
        "south": { "uv": [ 6.5, 5, 9.5, 6.5 ], "texture": "#0" },
        "west":  { "uv": [ 0, 5, 16, 6.5 ], "texture": "#0" },
        "east":  { "uv": [ 0, 5, 16, 6.5 ], "texture": "#0" }
    }
},
{
    "__comment": "1",
    "from": [ 6, -7, 13.5 ],
    "to": [ 10, 10.5, 22.5 ],
    "rotation": { "origin": [ 6, 10.5, 13.5 ], "axis": "x", "angle": -22.5 },
    "faces": {
        "down":  { "uv": [ 9.5, 16, 6.5, 0 ], "texture": "#0" },
        "up":    { "uv": [ 6.5, 0, 9.5, 16 ], "texture": "#0" },
        "north": { "uv": [ 6.5, 5, 9.5, 6.5 ], "texture": "#0" },
        "south": { "uv": [ 6.5, 5, 9.5, 6.5 ], "texture": "#0" },
        "west":  { "uv": [ 0, 5, 16, 6.5 ], "texture": "#0" },
        "east":  { "uv": [ 0, 5, 16, 6.5 ], "texture": "#0" }
    }
},
{
    "__comment": "1",
    "from": [ 6, 13, 13.5 ],
    "to": [ 10, 14, 21.8125 ],
    "faces": {
        "down":  { "uv": [ 9.5, 16, 6.5, 0 ], "texture": "#0" },
        "up":    { "uv": [ 6.5, 0, 9.5, 16 ], "texture": "#0" },
        "north": { "uv": [ 6.5, 5, 9.5, 6.5 ], "texture": "#0" },
        "south": { "uv": [ 6.5, 5, 9.5, 6.5 ], "texture": "#0" },
        "west":  { "uv": [ 0, 5, 16, 6.5 ], "texture": "#0" },
        "east":  { "uv": [ 0, 5, 16, 6.5 ], "texture": "#0" }
    }
},
{
    "__comment": "1",
    "from": [ 6, 10.5, 13.5 ],
    "to": [ 10, 13, 20 ],
    "faces": {
        "down":  { "uv": [ 9.5, 16, 6.5, 0 ], "texture": "#0" },
        "up":    { "uv": [ 6.5, 0, 9.5, 16 ], "texture": "#0" },
        "north": { "uv": [ 6.5, 5, 9.5, 6.5 ], "texture": "#0" },
        "south": { "uv": [ 6.5, 5, 9.5, 6.5 ], "texture": "#0" },
        "west":  { "uv": [ 0, 5, 16, 6.5 ], "texture": "#0" },
        "east":  { "uv": [ 0, 5, 16, 6.5 ], "texture": "#0" }
    }
},
{
    "__comment": "1",
    "from": [ 6, 14, 17.5 ],
    "to": [ 10, 15.5, 27.5 ],
    "faces": {
        "down":  { "uv": [ 9.5, 16, 6.5, 0 ], "texture": "#0" },
        "up":    { "uv": [ 6.5, 0, 9.5, 16 ], "texture": "#0" },
        "north": { "uv": [ 6.5, 5, 9.5, 6.5 ], "texture": "#0" },
        "south": { "uv": [ 6.5, 5, 9.5, 6.5 ], "texture": "#0" },
        "west":  { "uv": [ 0, 5, 16, 6.5 ], "texture": "#0" },
        "east":  { "uv": [ 0, 5, 16, 6.5 ], "texture": "#0" }
    }
},
{
    "__comment": "1",
    "from": [ 6, 13, 21.5 ],
    "to": [ 10, 14, 25 ],
    "faces": {
        "down":  { "uv": [ 9.5, 16, 6.5, 0 ], "texture": "#0" },
        "up":    { "uv": [ 6.5, 0, 9.5, 16 ], "texture": "#0" },
        "north": { "uv": [ 6.5, 5, 9.5, 6.5 ], "texture": "#0" },
        "south": { "uv": [ 6.5, 5, 9.5, 6.5 ], "texture": "#0" },
        "west":  { "uv": [ 0, 5, 16, 6.5 ], "texture": "#0" },
        "east":  { "uv": [ 0, 5, 16, 6.5 ], "texture": "#0" }
    }
},
{
    "__comment": "1",
    "from": [ 6, 12.375, 23.375 ],
    "to": [ 10, 13.375, 27.375 ],
    "rotation": { "origin": [ 6, 13.375, 23.375 ], "axis": "x", "angle": -22.5 },
    "faces": {
        "down":  { "uv": [ 9.5, 16, 6.5, 0 ], "texture": "#0" },
        "up":    { "uv": [ 6.5, 0, 9.5, 16 ], "texture": "#0" },
        "north": { "uv": [ 6.5, 5, 9.5, 6.5 ], "texture": "#0" },
        "south": { "uv": [ 6.5, 5, 9.5, 6.5 ], "texture": "#0" },
        "west":  { "uv": [ 0, 5, 16, 6.5 ], "texture": "#0" },
        "east":  { "uv": [ 0, 5, 16, 6.5 ], "texture": "#0" }
    }
},
{
    "__comment": "1",
    "from": [ 6, 11, 23 ],
    "to": [ 10, 12, 27 ],
    "rotation": { "origin": [ 6, 12, 23 ], "axis": "x", "angle": -45 },
    "faces": {
        "down":  { "uv": [ 9.5, 16, 6.5, 0 ], "texture": "#0" },
        "up":    { "uv": [ 6.5, 0, 9.5, 16 ], "texture": "#0" },
        "north": { "uv": [ 6.5, 5, 9.5, 6.5 ], "texture": "#0" },
        "south": { "uv": [ 6.5, 5, 9.5, 6.5 ], "texture": "#0" },
        "west":  { "uv": [ 0, 5, 16, 6.5 ], "texture": "#0" },
        "east":  { "uv": [ 0, 5, 16, 6.5 ], "texture": "#0" }
    }
},
{
    "__comment": "1",
    "from": [ 6, 8, 23 ],
    "to": [ 10, 12, 24 ],
    "faces": {
        "down":  { "uv": [ 9.5, 16, 6.5, 0 ], "texture": "#0" },
        "up":    { "uv": [ 6.5, 0, 9.5, 16 ], "texture": "#0" },
        "north": { "uv": [ 6.5, 5, 9.5, 6.5 ], "texture": "#0" },
        "south": { "uv": [ 6.5, 5, 9.5, 6.5 ], "texture": "#0" },
        "west":  { "uv": [ 0, 5, 16, 6.5 ], "texture": "#0" },
        "east":  { "uv": [ 0, 5, 16, 6.5 ], "texture": "#0" }
    }
},
{
    "__comment": "1",
    "from": [ 6, 12, 22 ],
    "to": [ 10, 13, 24 ],
    "faces": {
        "down":  { "uv": [ 9.5, 16, 6.5, 0 ], "texture": "#0" },
        "up":    { "uv": [ 6.5, 0, 9.5, 16 ], "texture": "#0" },
        "north": { "uv": [ 6.5, 5, 9.5, 6.5 ], "texture": "#0" },
        "south": { "uv": [ 6.5, 5, 9.5, 6.5 ], "texture": "#0" },
        "west":  { "uv": [ 0, 5, 16, 6.5 ], "texture": "#0" },
        "east":  { "uv": [ 0, 5, 16, 6.5 ], "texture": "#0" }
    }
},
{
    "__comment": "1",
    "from": [ 6, 11, 22.5 ],
    "to": [ 10, 12, 23.5 ],
    "faces": {
        "down":  { "uv": [ 9.5, 16, 6.5, 0 ], "texture": "#0" },
        "up":    { "uv": [ 6.5, 0, 9.5, 16 ], "texture": "#0" },
        "north": { "uv": [ 6.5, 5, 9.5, 6.5 ], "texture": "#0" },
        "south": { "uv": [ 6.5, 5, 9.5, 6.5 ], "texture": "#0" },
        "west":  { "uv": [ 0, 5, 16, 6.5 ], "texture": "#0" },
        "east":  { "uv": [ 0, 5, 16, 6.5 ], "texture": "#0" }
    }
},
{
    "__comment": "1",
    "from": [ 6, 11.875, 15.375 ],
    "to": [ 10, 13.375, 18.375 ],
    "faces": {
        "down":  { "uv": [ 9.5, 16, 6.5, 0 ], "texture": "#0" },
        "up":    { "uv": [ 6.5, 0, 9.5, 16 ], "texture": "#0" },
        "north": { "uv": [ 6.5, 5, 9.5, 6.5 ], "texture": "#0" },
        "south": { "uv": [ 6.5, 5, 9.5, 6.5 ], "texture": "#0" },
        "west":  { "uv": [ 0, 5, 16, 6.5 ], "texture": "#0" },
        "east":  { "uv": [ 0, 5, 16, 6.5 ], "texture": "#0" }
    }
},
{
    "__comment": "1",
    "from": [ 6, 15.5, 20.5 ],
    "to": [ 10, 17, 27.5 ],
    "faces": {
        "down":  { "uv": [ 9.5, 16, 6.5, 0 ], "texture": "#0" },
        "up":    { "uv": [ 6.5, 0, 9.5, 16 ], "texture": "#0" },
        "north": { "uv": [ 6.5, 5, 9.5, 6.5 ], "texture": "#0" },
        "south": { "uv": [ 6.5, 5, 9.5, 6.5 ], "texture": "#0" },
        "west":  { "uv": [ 0, 5, 16, 6.5 ], "texture": "#0" },
        "east":  { "uv": [ 0, 5, 16, 6.5 ], "texture": "#0" }
    }
},
{
    "__comment": "1",
    "from": [ 6.5, 13, 27.5 ],
    "to": [ 9.5, 14, 29.375 ],
    "faces": {
        "down":  { "uv": [ 9.5, 16, 6.5, 0 ], "texture": "#0" },
        "up":    { "uv": [ 6.5, 0, 9.5, 16 ], "texture": "#0" },
        "north": { "uv": [ 6.5, 5, 9.5, 6.5 ], "texture": "#0" },
        "south": { "uv": [ 6.5, 5, 9.5, 6.5 ], "texture": "#0" },
        "west":  { "uv": [ 0, 5, 16, 6.5 ], "texture": "#0" },
        "east":  { "uv": [ 0, 5, 16, 6.5 ], "texture": "#0" }
    }
},
{
    "__comment": "1",
    "from": [ 6.5, 13.5, 29 ],
    "to": [ 9.5, 14, 31 ],
    "faces": {
        "down":  { "uv": [ 9.5, 16, 6.5, 0 ], "texture": "#0" },
        "up":    { "uv": [ 6.5, 0, 9.5, 16 ], "texture": "#0" },
        "north": { "uv": [ 6.5, 5, 9.5, 6.5 ], "texture": "#0" },
        "south": { "uv": [ 6.5, 5, 9.5, 6.5 ], "texture": "#0" },
        "west":  { "uv": [ 0, 5, 16, 6.5 ], "texture": "#0" },
        "east":  { "uv": [ 0, 5, 16, 6.5 ], "texture": "#0" }
    }
},
{
    "__comment": "1",
    "from": [ 6.5, -7.25, 19 ],
    "to": [ 9.5, -1.25, 20 ],
    "faces": {
        "down":  { "uv": [ 9.5, 16, 6.5, 0 ], "texture": "#0" },
        "up":    { "uv": [ 6.5, 0, 9.5, 16 ], "texture": "#0" },
        "north": { "uv": [ 6.5, 5, 9.5, 6.5 ], "texture": "#0" },
        "south": { "uv": [ 6.5, 5, 9.5, 6.5 ], "texture": "#0" },
        "west":  { "uv": [ 0, 5, 16, 6.5 ], "texture": "#0" },
        "east":  { "uv": [ 0, 5, 16, 6.5 ], "texture": "#0" }
    }
},
{
    "__comment": "1",
    "from": [ 6.5, -7.3125, 19.5 ],
    "to": [ 9.5, -6.3125, 28 ],
    "rotation": { "origin": [ 6.5, -6.3125, 19.5 ], "axis": "x", "angle": -22.5 },
    "faces": {
        "down":  { "uv": [ 9.5, 16, 6.5, 0 ], "texture": "#0" },
        "up":    { "uv": [ 6.5, 0, 9.5, 16 ], "texture": "#0" },
        "north": { "uv": [ 6.5, 5, 9.5, 6.5 ], "texture": "#0" },
        "south": { "uv": [ 6.5, 5, 9.5, 6.5 ], "texture": "#0" },
        "west":  { "uv": [ 0, 5, 16, 6.5 ], "texture": "#0" },
        "east":  { "uv": [ 0, 5, 16, 6.5 ], "texture": "#0" }
    }
},
{
    "__comment": "1",
    "from": [ 9, 19.5, 26 ],
    "to": [ 10, 21.5, 28.8125 ],
    "rotation": { "origin": [ 9, 21.5, 26 ], "axis": "x", "angle": 45 },
    "faces": {
        "down":  { "uv": [ 10, 16, 6, 0 ], "texture": "#4" },
        "up":    { "uv": [ 6, 0, 10, 16 ], "texture": "#4" },
        "north": { "uv": [ 6, 2, 10, 5 ], "texture": "#4" },
        "south": { "uv": [ 6, 2, 10, 5 ], "texture": "#4" },
        "west":  { "uv": [ 0, 2, 16, 5 ], "texture": "#4" },
        "east":  { "uv": [ 0, 2, 16, 5 ], "texture": "#4" }
    }
},
{
    "__comment": "1",
    "from": [ 9, 16.5625, 26.1875 ],
    "to": [ 10, 18.75, 28.1875 ],
    "rotation": { "origin": [ 9, 18.75, 26.1875 ], "axis": "x", "angle": -22.5 },
    "faces": {
        "down":  { "uv": [ 10, 16, 6, 0 ], "texture": "#4" },
        "up":    { "uv": [ 6, 0, 10, 16 ], "texture": "#4" },
        "north": { "uv": [ 6, 2, 10, 5 ], "texture": "#4" },
        "south": { "uv": [ 6, 2, 10, 5 ], "texture": "#4" },
        "west":  { "uv": [ 0, 2, 16, 5 ], "texture": "#4" },
        "east":  { "uv": [ 0, 2, 16, 5 ], "texture": "#4" }
    }
},
{
    "__comment": "1",
    "from": [ 6.5, 13.5, 27.5 ],
    "to": [ 7, 17, 28.8125 ],
    "faces": {
        "down":  { "uv": [ 9.5, 16, 6.5, 0 ], "texture": "#0" },
        "up":    { "uv": [ 6.5, 0, 9.5, 16 ], "texture": "#0" },
        "north": { "uv": [ 6.5, 5, 9.5, 6.5 ], "texture": "#0" },
        "south": { "uv": [ 6.5, 5, 9.5, 6.5 ], "texture": "#0" },
        "west":  { "uv": [ 0, 5, 16, 6.5 ], "texture": "#0" },
        "east":  { "uv": [ 0, 5, 16, 6.5 ], "texture": "#0" }
    }
},
{
    "__comment": "1",
    "from": [ 6.5, 12.875, 29.0625 ],
    "to": [ 9.5, 13.375, 29.8125 ],
    "rotation": { "origin": [ 6.5, 13.375, 29.0625 ], "axis": "x", "angle": -45 },
    "faces": {
        "down":  { "uv": [ 9.5, 16, 6.5, 0 ], "texture": "#0" },
        "up":    { "uv": [ 6.5, 0, 9.5, 16 ], "texture": "#0" },
        "north": { "uv": [ 6.5, 5, 9.5, 6.5 ], "texture": "#0" },
        "south": { "uv": [ 6.5, 5, 9.5, 6.5 ], "texture": "#0" },
        "west":  { "uv": [ 0, 5, 16, 6.5 ], "texture": "#0" },
        "east":  { "uv": [ 0, 5, 16, 6.5 ], "texture": "#0" }
    }
},
{
    "__comment": "1",
    "from": [ 6.5, 12.5, 27 ],
    "to": [ 9.5, 15, 28 ],
    "rotation": { "origin": [ 6.5, 15, 27 ], "axis": "x", "angle": -45 },
    "faces": {
        "down":  { "uv": [ 9.5, 16, 6.5, 0 ], "texture": "#0" },
        "up":    { "uv": [ 6.5, 0, 9.5, 16 ], "texture": "#0" },
        "north": { "uv": [ 6.5, 5, 9.5, 6.5 ], "texture": "#0" },
        "south": { "uv": [ 6.5, 5, 9.5, 6.5 ], "texture": "#0" },
        "west":  { "uv": [ 0, 5, 16, 6.5 ], "texture": "#0" },
        "east":  { "uv": [ 0, 5, 16, 6.5 ], "texture": "#0" }
    }
},
{
    "__comment": "1",
    "from": [ 9, 17, 26.5 ],
    "to": [ 10, 17.5, 28.875 ],
    "faces": {
        "down":  { "uv": [ 10, 16, 6, 0 ], "texture": "#4" },
        "up":    { "uv": [ 6, 0, 10, 16 ], "texture": "#4" },
        "north": { "uv": [ 6, 2, 10, 5 ], "texture": "#4" },
        "south": { "uv": [ 6, 2, 10, 5 ], "texture": "#4" },
        "west":  { "uv": [ 0, 2, 16, 5 ], "texture": "#4" },
        "east":  { "uv": [ 0, 2, 16, 5 ], "texture": "#4" }
    }
},
{
    "__comment": "1",
    "from": [ 6, 19.5, 26 ],
    "to": [ 7, 21.5, 28.8125 ],
    "rotation": { "origin": [ 6, 21.5, 26 ], "axis": "x", "angle": 45 },
    "faces": {
        "down":  { "uv": [ 10, 16, 6, 0 ], "texture": "#4" },
        "up":    { "uv": [ 6, 0, 10, 16 ], "texture": "#4" },
        "north": { "uv": [ 6, 2, 10, 5 ], "texture": "#4" },
        "south": { "uv": [ 6, 2, 10, 5 ], "texture": "#4" },
        "west":  { "uv": [ 0, 2, 16, 5 ], "texture": "#4" },
        "east":  { "uv": [ 0, 2, 16, 5 ], "texture": "#4" }
    }
},
{
    "__comment": "1",
    "from": [ 6, 16.5625, 26.1875 ],
    "to": [ 7, 18.75, 28.1875 ],
    "rotation": { "origin": [ 6, 18.75, 26.1875 ], "axis": "x", "angle": -22.5 },
    "faces": {
        "down":  { "uv": [ 10, 16, 6, 0 ], "texture": "#4" },
        "up":    { "uv": [ 6, 0, 10, 16 ], "texture": "#4" },
        "north": { "uv": [ 6, 2, 10, 5 ], "texture": "#4" },
        "south": { "uv": [ 6, 2, 10, 5 ], "texture": "#4" },
        "west":  { "uv": [ 0, 2, 16, 5 ], "texture": "#4" },
        "east":  { "uv": [ 0, 2, 16, 5 ], "texture": "#4" }
    }
},
{
    "__comment": "1",
    "from": [ 6, 17, 26.5 ],
    "to": [ 7, 17.5, 28.875 ],
    "faces": {
        "down":  { "uv": [ 10, 16, 6, 0 ], "texture": "#4" },
        "up":    { "uv": [ 6, 0, 10, 16 ], "texture": "#4" },
        "north": { "uv": [ 6, 2, 10, 5 ], "texture": "#4" },
        "south": { "uv": [ 6, 2, 10, 5 ], "texture": "#4" },
        "west":  { "uv": [ 0, 2, 16, 5 ], "texture": "#4" },
        "east":  { "uv": [ 0, 2, 16, 5 ], "texture": "#4" }
    }
},
{
    "__comment": "1",
    "from": [ 9, 13.5, 27.5 ],
    "to": [ 9.5, 17, 28.8125 ],
    "faces": {
        "down":  { "uv": [ 9.5, 16, 6.5, 0 ], "texture": "#0" },
        "up":    { "uv": [ 6.5, 0, 9.5, 16 ], "texture": "#0" },
        "north": { "uv": [ 6.5, 5, 9.5, 6.5 ], "texture": "#0" },
        "south": { "uv": [ 6.5, 5, 9.5, 6.5 ], "texture": "#0" },
        "west":  { "uv": [ 0, 5, 16, 6.5 ], "texture": "#0" },
        "east":  { "uv": [ 0, 5, 16, 6.5 ], "texture": "#0" }
    }
},
{
    "__comment": "3",
    "from": [ 7, 17, 25.5 ],
    "to": [ 9, 19, 27.5 ],
    "faces": {
        "down":  { "uv": [ 10, 16, 6, 16 ], "texture": "#2" },
        "up":    { "uv": [ 6, 16, 10, 16 ], "texture": "#2" },
        "north": { "uv": [ 6, 2.5, 10, 5 ], "texture": "#2" },
        "south": { "uv": [ 6, 2.5, 10, 5 ], "texture": "#2" },
        "west":  { "uv": [ 16, 2.5, 16, 5 ], "texture": "#2" },
        "east":  { "uv": [ 0, 2.5, 0, 5 ], "texture": "#2" }
    }
},
{
    "__comment": "3",
    "from": [ 7, 19.5, 27 ],
    "to": [ 9, 21.5, 29 ],
    "rotation": { "origin": [ 7, 21.5, 27 ], "axis": "x", "angle": 45 },
    "faces": {
        "down":  { "uv": [ 10, 16, 6, 16 ], "texture": "#2" },
        "up":    { "uv": [ 6, 16, 10, 16 ], "texture": "#2" },
        "north": { "uv": [ 6, 2.5, 10, 5 ], "texture": "#2" },
        "south": { "uv": [ 6, 2.5, 10, 5 ], "texture": "#2" },
        "west":  { "uv": [ 16, 2.5, 16, 5 ], "texture": "#2" },
        "east":  { "uv": [ 0, 2.5, 0, 5 ], "texture": "#2" }
    }
},
{
    "__comment": "3",
    "from": [ 7, 21, 27.5 ],
    "to": [ 9, 22, 28 ],
    "rotation": { "origin": [ 7, 22, 27.5 ], "axis": "x", "angle": 45 },
    "faces": {
        "down":  { "uv": [ 10, 16, 6, 16 ], "texture": "#2" },
        "up":    { "uv": [ 6, 16, 10, 16 ], "texture": "#2" },
        "north": { "uv": [ 6, 2.5, 10, 5 ], "texture": "#2" },
        "south": { "uv": [ 6, 2.5, 10, 5 ], "texture": "#2" },
        "west":  { "uv": [ 16, 2.5, 16, 5 ], "texture": "#2" },
        "east":  { "uv": [ 0, 2.5, 0, 5 ], "texture": "#2" }
    }
},
{
    "__comment": "3",
    "from": [ 7, 20, 28.5625 ],
    "to": [ 9, 21, 29.0625 ],
    "rotation": { "origin": [ 7, 21, 28.5625 ], "axis": "x", "angle": 45 },
    "faces": {
        "down":  { "uv": [ 10, 16, 6, 16 ], "texture": "#2" },
        "up":    { "uv": [ 6, 16, 10, 16 ], "texture": "#2" },
        "north": { "uv": [ 6, 2.5, 10, 5 ], "texture": "#2" },
        "south": { "uv": [ 6, 2.5, 10, 5 ], "texture": "#2" },
        "west":  { "uv": [ 16, 2.5, 16, 5 ], "texture": "#2" },
        "east":  { "uv": [ 0, 2.5, 0, 5 ], "texture": "#2" }
    }
},
{
    "__comment": "3",
    "from": [ 7, 21.75, 27.75 ],
    "to": [ 9, 22.25, 29.75 ],
    "rotation": { "origin": [ 7, 22.25, 27.75 ], "axis": "x", "angle": 45 },
    "faces": {
        "down":  { "uv": [ 10, 16, 6, 16 ], "texture": "#2" },
        "up":    { "uv": [ 6, 16, 10, 16 ], "texture": "#2" },
        "north": { "uv": [ 6, 2.5, 10, 5 ], "texture": "#2" },
        "south": { "uv": [ 6, 2.5, 10, 5 ], "texture": "#2" },
        "west":  { "uv": [ 16, 2.5, 16, 5 ], "texture": "#2" },
        "east":  { "uv": [ 0, 2.5, 0, 5 ], "texture": "#2" }
    }
},
{
    "__comment": "3",
    "from": [ 7, 20.625, 24.9375 ],
    "to": [ 9, 21.125, 27.9375 ],
    "rotation": { "origin": [ 7, 21.125, 24.9375 ], "axis": "x", "angle": 45 },
    "faces": {
        "down":  { "uv": [ 10, 16, 6, 16 ], "texture": "#2" },
        "up":    { "uv": [ 6, 16, 10, 16 ], "texture": "#2" },
        "north": { "uv": [ 6, 2.5, 10, 5 ], "texture": "#2" },
        "south": { "uv": [ 6, 2.5, 10, 5 ], "texture": "#2" },
        "west":  { "uv": [ 16, 2.5, 16, 5 ], "texture": "#2" },
        "east":  { "uv": [ 0, 2.5, 0, 5 ], "texture": "#2" }
    }
},
{
    "__comment": "3",
    "from": [ 7, 20.5, 26 ],
    "to": [ 9, 21.5, 27 ],
    "faces": {
        "down":  { "uv": [ 10, 16, 6, 16 ], "texture": "#2" },
        "up":    { "uv": [ 6, 16, 10, 16 ], "texture": "#2" },
        "north": { "uv": [ 6, 2.5, 10, 5 ], "texture": "#2" },
        "south": { "uv": [ 6, 2.5, 10, 5 ], "texture": "#2" },
        "west":  { "uv": [ 16, 2.5, 16, 5 ], "texture": "#2" },
        "east":  { "uv": [ 0, 2.5, 0, 5 ], "texture": "#2" }
    }
},
{
    "__comment": "3",
    "from": [ 7, 18, 28.6875 ],
    "to": [ 9, 21, 29.1875 ],
    "rotation": { "origin": [ 7, 21, 28.6875 ], "axis": "x", "angle": 22.5 },
    "faces": {
        "down":  { "uv": [ 10, 16, 6, 16 ], "texture": "#2" },
        "up":    { "uv": [ 6, 16, 10, 16 ], "texture": "#2" },
        "north": { "uv": [ 6, 2.5, 10, 5 ], "texture": "#2" },
        "south": { "uv": [ 6, 2.5, 10, 5 ], "texture": "#2" },
        "west":  { "uv": [ 16, 2.5, 16, 5 ], "texture": "#2" },
        "east":  { "uv": [ 0, 2.5, 0, 5 ], "texture": "#2" }
    }
},
{
    "__comment": "3",
    "from": [ 7, 19, 27.5 ],
    "to": [ 9, 20.5, 28.5 ],
    "rotation": { "origin": [ 7, 20.5, 27.5 ], "axis": "x", "angle": 22.5 },
    "faces": {
        "down":  { "uv": [ 10, 16, 6, 16 ], "texture": "#2" },
        "up":    { "uv": [ 6, 16, 10, 16 ], "texture": "#2" },
        "north": { "uv": [ 6, 2.5, 10, 5 ], "texture": "#2" },
        "south": { "uv": [ 6, 2.5, 10, 5 ], "texture": "#2" },
        "west":  { "uv": [ 16, 2.5, 16, 5 ], "texture": "#2" },
        "east":  { "uv": [ 0, 2.5, 0, 5 ], "texture": "#2" }
    }
},
{
    "__comment": "3",
    "from": [ 7, 17, 27.5 ],
    "to": [ 9, 19.5, 28.5 ],
    "faces": {
        "down":  { "uv": [ 10, 16, 6, 16 ], "texture": "#2" },
        "up":    { "uv": [ 6, 16, 10, 16 ], "texture": "#2" },
        "north": { "uv": [ 6, 2.5, 10, 5 ], "texture": "#2" },
        "south": { "uv": [ 6, 2.5, 10, 5 ], "texture": "#2" },
        "west":  { "uv": [ 16, 2.5, 16, 5 ], "texture": "#2" },
        "east":  { "uv": [ 0, 2.5, 0, 5 ], "texture": "#2" }
    }
},
{
    "__comment": "1",
    "from": [ 6.5, 14.5, 27.5 ],
    "to": [ 9.5, 15.5, 28.8125 ],
    "faces": {
        "down":  { "uv": [ 9.5, 16, 6.5, 0 ], "texture": "#0" },
        "up":    { "uv": [ 6.5, 0, 9.5, 16 ], "texture": "#0" },
        "north": { "uv": [ 6.5, 5, 9.5, 6.5 ], "texture": "#0" },
        "south": { "uv": [ 6.5, 5, 9.5, 6.5 ], "texture": "#0" },
        "west":  { "uv": [ 0, 5, 16, 6.5 ], "texture": "#0" },
        "east":  { "uv": [ 0, 5, 16, 6.5 ], "texture": "#0" }
    }
},
{
    "__comment": "1",
    "from": [ 6.5, 14.6875, 28.25 ],
    "to": [ 9.5, 15.1875, 31.25 ],
    "rotation": { "origin": [ 6.5, 15.1875, 28.25 ], "axis": "x", "angle": 22.5 },
    "faces": {
        "down":  { "uv": [ 9.5, 16, 6.5, 0 ], "texture": "#0" },
        "up":    { "uv": [ 6.5, 0, 9.5, 16 ], "texture": "#0" },
        "north": { "uv": [ 6.5, 5, 9.5, 6.5 ], "texture": "#0" },
        "south": { "uv": [ 6.5, 5, 9.5, 6.5 ], "texture": "#0" },
        "west":  { "uv": [ 0, 5, 16, 6.5 ], "texture": "#0" },
        "east":  { "uv": [ 0, 5, 16, 6.5 ], "texture": "#0" }
    }
},
{
    "__comment": "1",
    "from": [ 6.5, 13.75, 29 ],
    "to": [ 9.5, 14.5, 29.875 ],
    "faces": {
        "down":  { "uv": [ 9.5, 16, 6.5, 0 ], "texture": "#0" },
        "up":    { "uv": [ 6.5, 0, 9.5, 16 ], "texture": "#0" },
        "north": { "uv": [ 6.5, 5, 9.5, 6.5 ], "texture": "#0" },
        "south": { "uv": [ 6.5, 5, 9.5, 6.5 ], "texture": "#0" },
        "west":  { "uv": [ 0, 5, 16, 6.5 ], "texture": "#0" },
        "east":  { "uv": [ 0, 5, 16, 6.5 ], "texture": "#0" }
    }
},
{
    "__comment": "1",
    "from": [ 6.5, 14, 12 ],
    "to": [ 9.5, 17, 20.5 ],
    "faces": {
        "down":  { "uv": [ 9.5, 16, 6.5, 0 ], "texture": "#0" },
        "up":    { "uv": [ 6.5, 0, 9.5, 16 ], "texture": "#0" },
        "north": { "uv": [ 6.5, 5, 9.5, 6.5 ], "texture": "#0" },
        "south": { "uv": [ 6.5, 5, 9.5, 6.5 ], "texture": "#0" },
        "west":  { "uv": [ 0, 5, 16, 6.5 ], "texture": "#0" },
        "east":  { "uv": [ 0, 5, 16, 6.5 ], "texture": "#0" }
    }
},
{
    "__comment": "3",
    "from": [ 5.75, 11.5, 17.5 ],
    "to": [ 10.25, 13, 19 ],
    "faces": {
        "down":  { "uv": [ 10, 16, 6, 16 ], "texture": "#2" },
        "up":    { "uv": [ 6, 16, 10, 16 ], "texture": "#2" },
        "north": { "uv": [ 6, 2.5, 10, 5 ], "texture": "#2" },
        "south": { "uv": [ 6, 2.5, 10, 5 ], "texture": "#2" },
        "west":  { "uv": [ 16, 2.5, 16, 5 ], "texture": "#2" },
        "east":  { "uv": [ 0, 2.5, 0, 5 ], "texture": "#2" }
    }
},
{
    "__comment": "3",
    "from": [ 5.75, -3, 23 ],
    "to": [ 10.25, -1.5, 24.5 ],
    "faces": {
        "down":  { "uv": [ 10, 16, 6, 16 ], "texture": "#2" },
        "up":    { "uv": [ 6, 16, 10, 16 ], "texture": "#2" },
        "north": { "uv": [ 6, 2.5, 10, 5 ], "texture": "#2" },
        "south": { "uv": [ 6, 2.5, 10, 5 ], "texture": "#2" },
        "west":  { "uv": [ 16, 2.5, 16, 5 ], "texture": "#2" },
        "east":  { "uv": [ 0, 2.5, 0, 5 ], "texture": "#2" }
    }
},
{
    "__comment": "1",
    "from": [ 7, 8, 12 ],
    "to": [ 9, 9, 15 ],
    "rotation": { "origin": [ 7, 9, 12 ], "axis": "x", "angle": 22.5 },
    "faces": {
        "down":  { "uv": [ 9.5, 16, 6.5, 0 ], "texture": "#0" },
        "up":    { "uv": [ 6.5, 0, 9.5, 16 ], "texture": "#0" },
        "north": { "uv": [ 6.5, 5, 9.5, 6.5 ], "texture": "#0" },
        "south": { "uv": [ 6.5, 5, 9.5, 6.5 ], "texture": "#0" },
        "west":  { "uv": [ 0, 5, 16, 6.5 ], "texture": "#0" },
        "east":  { "uv": [ 0, 5, 16, 6.5 ], "texture": "#0" }
    }
},
{
    "__comment": "1",
    "from": [ 7, 8, 13 ],
    "to": [ 9, 9, 14 ],
    "faces": {
        "down":  { "uv": [ 9.5, 16, 6.5, 0 ], "texture": "#0" },
        "up":    { "uv": [ 6.5, 0, 9.5, 16 ], "texture": "#0" },
        "north": { "uv": [ 6.5, 5, 9.5, 6.5 ], "texture": "#0" },
        "south": { "uv": [ 6.5, 5, 9.5, 6.5 ], "texture": "#0" },
        "west":  { "uv": [ 0, 5, 16, 6.5 ], "texture": "#0" },
        "east":  { "uv": [ 0, 5, 16, 6.5 ], "texture": "#0" }
    }
},
{
    "__comment": "3",
    "from": [ 6.75, 8, 12.5 ],
    "to": [ 9.25, 9, 13.5 ],
    "faces": {
        "down":  { "uv": [ 10, 16, 6, 16 ], "texture": "#2" },
        "up":    { "uv": [ 6, 16, 10, 16 ], "texture": "#2" },
        "north": { "uv": [ 6, 2.5, 10, 5 ], "texture": "#2" },
        "south": { "uv": [ 6, 2.5, 10, 5 ], "texture": "#2" },
        "west":  { "uv": [ 16, 2.5, 16, 5 ], "texture": "#2" },
        "east":  { "uv": [ 0, 2.5, 0, 5 ], "texture": "#2" }
    }
},
{
    "__comment": "3",
    "from": [ 5.5, 19, 23 ],
    "to": [ 6, 21, 25 ],
    "faces": {
        "down":  { "uv": [ 10, 16, 6, 16 ], "texture": "#2" },
        "up":    { "uv": [ 6, 16, 10, 16 ], "texture": "#2" },
        "north": { "uv": [ 6, 2.5, 10, 5 ], "texture": "#2" },
        "south": { "uv": [ 6, 2.5, 10, 5 ], "texture": "#2" },
        "west":  { "uv": [ 16, 2.5, 16, 5 ], "texture": "#2" },
        "east":  { "uv": [ 0, 2.5, 0, 5 ], "texture": "#2" }
    }
},
{
    "__comment": "3",
    "from": [ 10, 19.5, 23.5 ],
    "to": [ 11, 20.5, 24.5 ],
    "faces": {
        "down":  { "uv": [ 10, 16, 6, 16 ], "texture": "#2" },
        "up":    { "uv": [ 6, 16, 10, 16 ], "texture": "#2" },
        "north": { "uv": [ 6, 2.5, 10, 5 ], "texture": "#2" },
        "south": { "uv": [ 6, 2.5, 10, 5 ], "texture": "#2" },
        "west":  { "uv": [ 16, 2.5, 16, 5 ], "texture": "#2" },
        "east":  { "uv": [ 0, 2.5, 0, 5 ], "texture": "#2" }
    }
},
{
    "__comment": "3",
    "from": [ 5.25, 19, 21 ],
    "to": [ 6.25, 20, 23 ],
    "faces": {
        "down":  { "uv": [ 10, 16, 6, 16 ], "texture": "#2" },
        "up":    { "uv": [ 6, 16, 10, 16 ], "texture": "#2" },
        "north": { "uv": [ 6, 2.5, 10, 5 ], "texture": "#2" },
        "south": { "uv": [ 6, 2.5, 10, 5 ], "texture": "#2" },
        "west":  { "uv": [ 16, 2.5, 16, 5 ], "texture": "#2" },
        "east":  { "uv": [ 0, 2.5, 0, 5 ], "texture": "#2" }
    }
},
{
    "__comment": "3",
    "from": [ 5.5, 18.9375, 21.9375 ],
    "to": [ 6, 19.9375, 23.4375 ],
    "rotation": { "origin": [ 5.5, 19.9375, 21.9375 ], "axis": "x", "angle": -45 },
    "faces": {
        "down":  { "uv": [ 10, 16, 6, 16 ], "texture": "#2" },
        "up":    { "uv": [ 6, 16, 10, 16 ], "texture": "#2" },
        "north": { "uv": [ 6, 2.5, 10, 5 ], "texture": "#2" },
        "south": { "uv": [ 6, 2.5, 10, 5 ], "texture": "#2" },
        "west":  { "uv": [ 16, 2.5, 16, 5 ], "texture": "#2" },
        "east":  { "uv": [ 0, 2.5, 0, 5 ], "texture": "#2" }
    }
},
{
    "__comment": "3",
    "from": [ 7, 21.6875, 28.3125 ],
    "to": [ 9, 22.1875, 29.3125 ],
    "rotation": { "origin": [ 7, 22.1875, 28.3125 ], "axis": "x", "angle": 45 },
    "faces": {
        "down":  { "uv": [ 10, 16, 6, 16 ], "texture": "#2" },
        "up":    { "uv": [ 6, 16, 10, 16 ], "texture": "#2" },
        "north": { "uv": [ 6, 2.5, 10, 5 ], "texture": "#2" },
        "south": { "uv": [ 6, 2.5, 10, 5 ], "texture": "#2" },
        "west":  { "uv": [ 16, 2.5, 16, 5 ], "texture": "#2" },
        "east":  { "uv": [ 0, 2.5, 0, 5 ], "texture": "#2" }
    }
},
{
    "__comment": "1",
    "from": [ 7.5, 16, -15.0625 ],
    "to": [ 8.5, 17, -14.5625 ],
    "faces": {
        "down":  { "uv": [ 8.5, 0, 7.5, 0 ], "texture": "#4" },
        "up":    { "uv": [ 7.5, 0, 8.5, 0 ], "texture": "#4" },
        "north": { "uv": [ 7.5, 5, 8.5, 6 ], "texture": "#4" },
        "south": { "uv": [ 7.5, 5, 8.5, 6 ], "texture": "#4" },
        "west":  { "uv": [ 0, 5, 0, 6 ], "texture": "#4" },
        "east":  { "uv": [ 16, 5, 16, 6 ], "texture": "#4" }
    }
},
{
    "__comment": "1",
    "from": [ 6.5, 19.5, -16 ],
    "to": [ 7, 21.5, -15 ],
    "faces": {
        "down":  { "uv": [ 8.5, 0, 7.5, 0 ], "texture": "#0" },
        "up":    { "uv": [ 7.5, 0, 8.5, 0 ], "texture": "#0" },
        "north": { "uv": [ 7.5, 5, 8.5, 6 ], "texture": "#0" },
        "south": { "uv": [ 7.5, 5, 8.5, 6 ], "texture": "#0" },
        "west":  { "uv": [ 0, 5, 0, 6 ], "texture": "#0" },
        "east":  { "uv": [ 16, 5, 16, 6 ], "texture": "#0" }
    }
},
{
    "__comment": "1",
    "from": [ 7, 21.5, -16 ],
    "to": [ 9, 22, -15 ],
    "faces": {
        "down":  { "uv": [ 8.5, 0, 7.5, 0 ], "texture": "#0" },
        "up":    { "uv": [ 7.5, 0, 8.5, 0 ], "texture": "#0" },
        "north": { "uv": [ 7.5, 5, 8.5, 6 ], "texture": "#0" },
        "south": { "uv": [ 7.5, 5, 8.5, 6 ], "texture": "#0" },
        "west":  { "uv": [ 0, 5, 0, 6 ], "texture": "#0" },
        "east":  { "uv": [ 16, 5, 16, 6 ], "texture": "#0" }
    }
},
{
    "__comment": "1",
    "from": [ 7, 19, -16 ],
    "to": [ 9, 19.5, -15 ],
    "faces": {
        "down":  { "uv": [ 8.5, 0, 7.5, 0 ], "texture": "#0" },
        "up":    { "uv": [ 7.5, 0, 8.5, 0 ], "texture": "#0" },
        "north": { "uv": [ 7.5, 5, 8.5, 6 ], "texture": "#0" },
        "south": { "uv": [ 7.5, 5, 8.5, 6 ], "texture": "#0" },
        "west":  { "uv": [ 0, 5, 0, 6 ], "texture": "#0" },
        "east":  { "uv": [ 16, 5, 16, 6 ], "texture": "#0" }
    }
},
{
    "__comment": "1",
    "from": [ 7.5, 21.75, -14.8125 ],
    "to": [ 8.5, 22.25, -12.8125 ],
    "rotation": { "origin": [ 7.5, 22.25, -14.8125 ], "axis": "x", "angle": -22.5 },
    "faces": {
        "down":  { "uv": [ 9.25, 0, 6.75, 0 ], "texture": "#0" },
        "up":    { "uv": [ 6.75, 0, 9.25, 0 ], "texture": "#0" },
        "north": { "uv": [ 6.75, 0, 9.25, 0 ], "texture": "#0" },
        "south": { "uv": [ 6.75, 0, 9.25, 0 ], "texture": "#0" },
        "west":  { "uv": [ 0, 0, 0, 0 ], "texture": "#0" },
        "east":  { "uv": [ 16, 0, 16, 0 ], "texture": "#0" }
    }
},
{
    "__comment": "1",
    "from": [ 7.5, 22, -13 ],
    "to": [ 8.5, 23, -12.5 ],
    "faces": {
        "down":  { "uv": [ 9.25, 0, 6.75, 0 ], "texture": "#0" },
        "up":    { "uv": [ 6.75, 0, 9.25, 0 ], "texture": "#0" },
        "north": { "uv": [ 6.75, 0, 9.25, 0 ], "texture": "#0" },
        "south": { "uv": [ 6.75, 0, 9.25, 0 ], "texture": "#0" },
        "west":  { "uv": [ 0, 0, 0, 0 ], "texture": "#0" },
        "east":  { "uv": [ 16, 0, 16, 0 ], "texture": "#0" }
    }
},
{
    "__comment": "1",
    "from": [ 6, 21, 12 ],
    "to": [ 6.6875, 21.5, 26 ],
    "rotation": { "origin": [ 6, 21.5, 12 ], "axis": "z", "angle": 45 },
    "faces": {
        "down":  { "uv": [ 10, 16, 6, 0 ], "texture": "#4" },
        "up":    { "uv": [ 6, 0, 10, 16 ], "texture": "#4" },
        "north": { "uv": [ 6, 2, 10, 5 ], "texture": "#4" },
        "south": { "uv": [ 6, 2, 10, 5 ], "texture": "#4" },
        "west":  { "uv": [ 0, 2, 16, 5 ], "texture": "#4" },
        "east":  { "uv": [ 0, 2, 16, 5 ], "texture": "#4" }
    }
},
{
    "__comment": "1",
    "from": [ 6.25, 21.5, -15 ],
    "to": [ 6.9375, 22, -12 ],
    "rotation": { "origin": [ 6.25, 22, -15 ], "axis": "z", "angle": 45 },
    "faces": {
        "down":  { "uv": [ 9.25, 0, 6.75, 0 ], "texture": "#4" },
        "up":    { "uv": [ 6.75, 0, 9.25, 0 ], "texture": "#4" },
        "north": { "uv": [ 6.75, 0, 9.25, 0 ], "texture": "#4" },
        "south": { "uv": [ 6.75, 0, 9.25, 0 ], "texture": "#4" },
        "west":  { "uv": [ 0, 0, 0, 0 ], "texture": "#4" },
        "east":  { "uv": [ 16, 0, 16, 0 ], "texture": "#4" }
    }
},
{
    "__comment": "1",
    "from": [ 9.25, 22, -15 ],
    "to": [ 9.9375, 22.5, -12 ],
    "rotation": { "origin": [ 9.25, 22.5, -15 ], "axis": "z", "angle": -45 },
    "faces": {
        "down":  { "uv": [ 9.25, 0, 6.75, 0 ], "texture": "#4" },
        "up":    { "uv": [ 6.75, 0, 9.25, 0 ], "texture": "#4" },
        "north": { "uv": [ 6.75, 0, 9.25, 0 ], "texture": "#4" },
        "south": { "uv": [ 6.75, 0, 9.25, 0 ], "texture": "#4" },
        "west":  { "uv": [ 0, 0, 0, 0 ], "texture": "#4" },
        "east":  { "uv": [ 16, 0, 16, 0 ], "texture": "#4" }
    }
},
{
    "__comment": "1",
    "from": [ 9.5, 21.5, 12 ],
    "to": [ 10.1875, 22, 26 ],
    "rotation": { "origin": [ 9.5, 22, 12 ], "axis": "z", "angle": -45 },
    "faces": {
        "down":  { "uv": [ 10, 16, 6, 0 ], "texture": "#4" },
        "up":    { "uv": [ 6, 0, 10, 16 ], "texture": "#4" },
        "north": { "uv": [ 6, 2, 10, 5 ], "texture": "#4" },
        "south": { "uv": [ 6, 2, 10, 5 ], "texture": "#4" },
        "west":  { "uv": [ 0, 2, 16, 5 ], "texture": "#4" },
        "east":  { "uv": [ 0, 2, 16, 5 ], "texture": "#4" }
    }
},
{
    "__comment": "2",
    "from": [ 6.5, 21, -12 ],
    "to": [ 7.25, 21.5, 12 ],
    "rotation": { "origin": [ 6.5, 21.5, -12 ], "axis": "z", "angle": 45 },
    "faces": {
        "down":  { "uv": [ 9, 16, 7, 0 ], "texture": "#1" },
        "up":    { "uv": [ 7, 0, 9, 16 ], "texture": "#1" },
        "north": { "uv": [ 7, 0, 9, 0.5 ], "texture": "#1" },
        "south": { "uv": [ 7, 0, 9, 0.5 ], "texture": "#1" },
        "west":  { "uv": [ 0, 0, 16, 0.5 ], "texture": "#1" },
        "east":  { "uv": [ 0, 0, 16, 0.5 ], "texture": "#1" }
    }
},
{
    "__comment": "2",
    "from": [ 9, 21.5, -12 ],
    "to": [ 9.75, 22, 12 ],
    "rotation": { "origin": [ 9, 22, -12 ], "axis": "z", "angle": -45 },
    "faces": {
        "down":  { "uv": [ 9, 16, 7, 0 ], "texture": "#1" },
        "up":    { "uv": [ 7, 0, 9, 16 ], "texture": "#1" },
        "north": { "uv": [ 7, 0, 9, 0.5 ], "texture": "#1" },
        "south": { "uv": [ 7, 0, 9, 0.5 ], "texture": "#1" },
        "west":  { "uv": [ 0, 0, 16, 0.5 ], "texture": "#1" },
        "east":  { "uv": [ 0, 0, 16, 0.5 ], "texture": "#1" }
    }
},
{
    "__comment": "1",
    "from": [ 7.0025, 15.31, -15 ],
    "to": [ 7.5025, 15.9975, -12 ],
    "rotation": { "origin": [ 7.0025, 15.9975, -15 ], "axis": "z", "angle": 45 },
    "faces": {
        "down":  { "uv": [ 9, 0, 8.5, 0 ], "texture": "#4" },
        "up":    { "uv": [ 7, 0, 7.5, 0 ], "texture": "#4" },
        "north": { "uv": [ 8.5, 5, 9, 6 ], "texture": "#4" },
        "south": { "uv": [ 7, 5, 7.5, 6 ], "texture": "#4" },
        "west":  { "uv": [ 0, 5, 0, 6 ], "texture": "#4" },
        "east":  { "uv": [ 16, 5, 16, 6 ], "texture": "#4" }
    }
},
{
    "__comment": "1",
    "from": [ 8.625, 15.655, -15 ],
    "to": [ 9.125, 16.3425, -12 ],
    "rotation": { "origin": [ 8.625, 16.3425, -15 ], "axis": "z", "angle": -45 },
    "faces": {
        "down":  { "uv": [ 9, 0, 8.5, 0 ], "texture": "#4" },
        "up":    { "uv": [ 7, 0, 7.5, 0 ], "texture": "#4" },
        "north": { "uv": [ 8.5, 5, 9, 6 ], "texture": "#4" },
        "south": { "uv": [ 7, 5, 7.5, 6 ], "texture": "#4" },
        "west":  { "uv": [ 0, 5, 0, 6 ], "texture": "#4" },
        "east":  { "uv": [ 16, 5, 16, 6 ], "texture": "#4" }
    }
},
{
    "__comment": "1",
    "from": [ 6.25, 15.5, -15 ],
    "to": [ 7.25, 17, -12 ],
    "rotation": { "origin": [ 6.25, 17, -15 ], "axis": "z", "angle": 45 },
    "faces": {
        "down":  { "uv": [ 9, 0, 8.5, 0 ], "texture": "#4" },
        "up":    { "uv": [ 7, 0, 7.5, 0 ], "texture": "#4" },
        "north": { "uv": [ 8.5, 5, 9, 6 ], "texture": "#4" },
        "south": { "uv": [ 7, 5, 7.5, 6 ], "texture": "#4" },
        "west":  { "uv": [ 0, 5, 0, 6 ], "texture": "#4" },
        "east":  { "uv": [ 16, 5, 16, 6 ], "texture": "#4" }
    }
},
{
    "__comment": "1",
    "from": [ 9, 16.1875, -15 ],
    "to": [ 10, 17.6875, -12 ],
    "rotation": { "origin": [ 9, 17.6875, -15 ], "axis": "z", "angle": -45 },
    "faces": {
        "down":  { "uv": [ 9, 0, 8.5, 0 ], "texture": "#4" },
        "up":    { "uv": [ 7, 0, 7.5, 0 ], "texture": "#4" },
        "north": { "uv": [ 8.5, 5, 9, 6 ], "texture": "#4" },
        "south": { "uv": [ 7, 5, 7.5, 6 ], "texture": "#4" },
        "west":  { "uv": [ 0, 5, 0, 6 ], "texture": "#4" },
        "east":  { "uv": [ 16, 5, 16, 6 ], "texture": "#4" }
    }
},
{
    "__comment": "1",
    "from": [ 6.5, 20.9375, -16 ],
    "to": [ 7.1875, 21.5, -15 ],
    "rotation": { "origin": [ 6.5, 21.5, -16 ], "axis": "z", "angle": 45 },
    "faces": {
        "down":  { "uv": [ 8.5, 0, 7.5, 0 ], "texture": "#0" },
        "up":    { "uv": [ 7.5, 0, 8.5, 0 ], "texture": "#0" },
        "north": { "uv": [ 7.5, 5, 8.5, 6 ], "texture": "#0" },
        "south": { "uv": [ 7.5, 5, 8.5, 6 ], "texture": "#0" },
        "west":  { "uv": [ 0, 5, 0, 6 ], "texture": "#0" },
        "east":  { "uv": [ 16, 5, 16, 6 ], "texture": "#0" }
    }
},
{
    "__comment": "1",
    "from": [ 9, 21.4375, -16 ],
    "to": [ 9.6875, 22, -15 ],
    "rotation": { "origin": [ 9, 22, -16 ], "axis": "z", "angle": -45 },
    "faces": {
        "down":  { "uv": [ 8.5, 0, 7.5, 0 ], "texture": "#0" },
        "up":    { "uv": [ 7.5, 0, 8.5, 0 ], "texture": "#0" },
        "north": { "uv": [ 7.5, 5, 8.5, 6 ], "texture": "#0" },
        "south": { "uv": [ 7.5, 5, 8.5, 6 ], "texture": "#0" },
        "west":  { "uv": [ 0, 5, 0, 6 ], "texture": "#0" },
        "east":  { "uv": [ 16, 5, 16, 6 ], "texture": "#0" }
    }
},
{
    "__comment": "1",
    "from": [ 6.9075, 19.3325, -16 ],
    "to": [ 7.595, 19.895, -15 ],
    "rotation": { "origin": [ 6.9075, 19.895, -16 ], "axis": "z", "angle": -45 },
    "faces": {
        "down":  { "uv": [ 8.5, 0, 7.5, 0 ], "texture": "#0" },
        "up":    { "uv": [ 7.5, 0, 8.5, 0 ], "texture": "#0" },
        "north": { "uv": [ 7.5, 5, 8.5, 6 ], "texture": "#0" },
        "south": { "uv": [ 7.5, 5, 8.5, 6 ], "texture": "#0" },
        "west":  { "uv": [ 0, 5, 0, 6 ], "texture": "#0" },
        "east":  { "uv": [ 16, 5, 16, 6 ], "texture": "#0" }
    }
},
{
    "__comment": "1",
    "from": [ 8.615, 18.8325, -16 ],
    "to": [ 9.3025, 19.395, -15 ],
    "rotation": { "origin": [ 8.615, 19.395, -16 ], "axis": "z", "angle": 45 },
    "faces": {
        "down":  { "uv": [ 8.5, 0, 7.5, 0 ], "texture": "#0" },
        "up":    { "uv": [ 7.5, 0, 8.5, 0 ], "texture": "#0" },
        "north": { "uv": [ 7.5, 5, 8.5, 6 ], "texture": "#0" },
        "south": { "uv": [ 7.5, 5, 8.5, 6 ], "texture": "#0" },
        "west":  { "uv": [ 0, 5, 0, 6 ], "texture": "#0" },
        "east":  { "uv": [ 16, 5, 16, 6 ], "texture": "#0" }
    }
},
{
    "__comment": "3",
    "from": [ 6, 15.375, 7 ],
    "to": [ 6.5, 15.875, 8.5 ],
    "rotation": { "origin": [ 6, 15.875, 7 ], "axis": "x", "angle": -45 },
    "faces": {
        "down":  { "uv": [ 10, 16, 6, 16 ], "texture": "#2" },
        "up":    { "uv": [ 6, 16, 10, 16 ], "texture": "#2" },
        "north": { "uv": [ 6, 2.5, 10, 5 ], "texture": "#2" },
        "south": { "uv": [ 6, 2.5, 10, 5 ], "texture": "#2" },
        "west":  { "uv": [ 16, 2.5, 16, 5 ], "texture": "#2" },
        "east":  { "uv": [ 0, 2.5, 0, 5 ], "texture": "#2" }
    }
},
{
    "__comment": "1",
    "from": [ 7, 9, 4 ],
    "to": [ 9, 10.5, 5 ],
    "rotation": { "origin": [ 7, 10.5, 4 ], "axis": "x", "angle": 22.5 },
    "faces": {
        "down":  { "uv": [ 9.5, 16, 6.5, 0 ], "texture": "#0" },
        "up":    { "uv": [ 6.5, 0, 9.5, 16 ], "texture": "#0" },
        "north": { "uv": [ 6.5, 5, 9.5, 6.5 ], "texture": "#0" },
        "south": { "uv": [ 6.5, 5, 9.5, 6.5 ], "texture": "#0" },
        "west":  { "uv": [ 0, 5, 16, 6.5 ], "texture": "#0" },
        "east":  { "uv": [ 0, 5, 16, 6.5 ], "texture": "#0" }
    }
},
{
    "__comment": "1",
    "from": [ 7, 8.76, 4.3125 ],
    "to": [ 9, 9.26, 6.3125 ],
    "rotation": { "origin": [ 7, 9.26, 4.3125 ], "axis": "x", "angle": 22.5 },
    "faces": {
        "down":  { "uv": [ 9.5, 16, 6.5, 0 ], "texture": "#0" },
        "up":    { "uv": [ 6.5, 0, 9.5, 16 ], "texture": "#0" },
        "north": { "uv": [ 6.5, 5, 9.5, 6.5 ], "texture": "#0" },
        "south": { "uv": [ 6.5, 5, 9.5, 6.5 ], "texture": "#0" },
        "west":  { "uv": [ 0, 5, 16, 6.5 ], "texture": "#0" },
        "east":  { "uv": [ 0, 5, 16, 6.5 ], "texture": "#0" }
    }
},
{
    "__comment": "1",
    "from": [ 7, 9, 4.5 ],
    "to": [ 9, 10, 5.5 ],
    "faces": {
        "down":  { "uv": [ 9.5, 16, 6.5, 0 ], "texture": "#0" },
        "up":    { "uv": [ 6.5, 0, 9.5, 16 ], "texture": "#0" },
        "north": { "uv": [ 6.5, 5, 9.5, 6.5 ], "texture": "#0" },
        "south": { "uv": [ 6.5, 5, 9.5, 6.5 ], "texture": "#0" },
        "west":  { "uv": [ 0, 5, 16, 6.5 ], "texture": "#0" },
        "east":  { "uv": [ 0, 5, 16, 6.5 ], "texture": "#0" }
    }
},
{
    "__comment": "1",
    "from": [ 6, 16, -12 ],
    "to": [ 6.5, 17, 20.5 ],
    "rotation": { "origin": [ 6, 17, -12 ], "axis": "z", "angle": 45 },
    "faces": {
        "down":  { "uv": [ 10, 16, 6, 16 ], "texture": "#4" },
        "up":    { "uv": [ 6, 16, 10, 16 ], "texture": "#4" },
        "north": { "uv": [ 6, 2.5, 10, 5 ], "texture": "#4" },
        "south": { "uv": [ 6, 2.5, 10, 5 ], "texture": "#4" },
        "west":  { "uv": [ 16, 2.5, 16, 5 ], "texture": "#4" },
        "east":  { "uv": [ 0, 2.5, 0, 5 ], "texture": "#4" }
    }
},
{
    "__comment": "1",
    "from": [ 9.625, 16.3425, -12 ],
    "to": [ 10.125, 17.3425, 20.5 ],
    "rotation": { "origin": [ 9.625, 17.3425, -12 ], "axis": "z", "angle": -45 },
    "faces": {
        "down":  { "uv": [ 10, 16, 6, 16 ], "texture": "#4" },
        "up":    { "uv": [ 6, 16, 10, 16 ], "texture": "#4" },
        "north": { "uv": [ 6, 2.5, 10, 5 ], "texture": "#4" },
        "south": { "uv": [ 6, 2.5, 10, 5 ], "texture": "#4" },
        "west":  { "uv": [ 16, 2.5, 16, 5 ], "texture": "#4" },
        "east":  { "uv": [ 0, 2.5, 0, 5 ], "texture": "#4" }
    }
},
{
    "__comment": "1",
    "from": [ 6.5, 14.8125, -12 ],
    "to": [ 7, 15.5, 20.5 ],
    "rotation": { "origin": [ 6.5, 15.5, -12 ], "axis": "z", "angle": 45 },
    "faces": {
        "down":  { "uv": [ 10, 16, 6, 16 ], "texture": "#4" },
        "up":    { "uv": [ 6, 16, 10, 16 ], "texture": "#4" },
        "north": { "uv": [ 6, 2.5, 10, 5 ], "texture": "#4" },
        "south": { "uv": [ 6, 2.5, 10, 5 ], "texture": "#4" },
        "west":  { "uv": [ 16, 2.5, 16, 5 ], "texture": "#4" },
        "east":  { "uv": [ 0, 2.5, 0, 5 ], "texture": "#4" }
    }
},
{
    "__comment": "1",
    "from": [ 9.135, 15.155, -12 ],
    "to": [ 9.635, 15.8425, 20.5 ],
    "rotation": { "origin": [ 9.135, 15.8425, -12 ], "axis": "z", "angle": -45 },
    "faces": {
        "down":  { "uv": [ 10, 16, 6, 16 ], "texture": "#4" },
        "up":    { "uv": [ 6, 16, 10, 16 ], "texture": "#4" },
        "north": { "uv": [ 6, 2.5, 10, 5 ], "texture": "#4" },
        "south": { "uv": [ 6, 2.5, 10, 5 ], "texture": "#4" },
        "west":  { "uv": [ 16, 2.5, 16, 5 ], "texture": "#4" },
        "east":  { "uv": [ 0, 2.5, 0, 5 ], "texture": "#4" }
    }
},
{
    "__comment": "1",
    "from": [ 8.5625, 19, -12 ],
    "to": [ 9.5625, 20, 6 ],
    "rotation": { "origin": [ 8.5625, 20, -12 ], "axis": "z", "angle": 45 },
    "faces": {
        "down":  { "uv": [ 10, 16, 6, 0 ], "texture": "#4" },
        "up":    { "uv": [ 6, 0, 10, 16 ], "texture": "#4" },
        "north": { "uv": [ 6, 2, 10, 5 ], "texture": "#4" },
        "south": { "uv": [ 6, 2, 10, 5 ], "texture": "#4" },
        "west":  { "uv": [ 0, 2, 16, 5 ], "texture": "#4" },
        "east":  { "uv": [ 0, 2, 16, 5 ], "texture": "#4" }
    }
},
{
    "__comment": "1",
    "from": [ 6.73, 19.73, -12 ],
    "to": [ 7.73, 20.73, 6 ],
    "rotation": { "origin": [ 6.73, 20.73, -12 ], "axis": "z", "angle": -45 },
    "faces": {
        "down":  { "uv": [ 10, 16, 6, 0 ], "texture": "#4" },
        "up":    { "uv": [ 6, 0, 10, 16 ], "texture": "#4" },
        "north": { "uv": [ 6, 2, 10, 5 ], "texture": "#4" },
        "south": { "uv": [ 6, 2, 10, 5 ], "texture": "#4" },
        "west":  { "uv": [ 0, 2, 16, 5 ], "texture": "#4" },
        "east":  { "uv": [ 0, 2, 16, 5 ], "texture": "#4" }
    }
},
{
    "__comment": "3",
    "from": [ 9.5, 15, 7.5 ],
    "to": [ 10, 16.5, 10.5 ],
    "faces": {
        "down":  { "uv": [ 10, 16, 6, 16 ], "texture": "#2" },
        "up":    { "uv": [ 6, 16, 10, 16 ], "texture": "#2" },
        "north": { "uv": [ 6, 2.5, 10, 5 ], "texture": "#2" },
        "south": { "uv": [ 6, 2.5, 10, 5 ], "texture": "#2" },
        "west":  { "uv": [ 16, 2.5, 16, 5 ], "texture": "#2" },
        "east":  { "uv": [ 0, 2.5, 0, 5 ], "texture": "#2" }
    }
},
{
    "__comment": "3",
    "from": [ 9.5, 15, 10.5 ],
    "to": [ 10, 16.5, 12 ],
    "rotation": { "origin": [ 9.5, 16.5, 10.5 ], "axis": "x", "angle": 45 },
    "faces": {
        "down":  { "uv": [ 10, 16, 6, 16 ], "texture": "#2" },
        "up":    { "uv": [ 6, 16, 10, 16 ], "texture": "#2" },
        "north": { "uv": [ 6, 2.5, 10, 5 ], "texture": "#2" },
        "south": { "uv": [ 6, 2.5, 10, 5 ], "texture": "#2" },
        "west":  { "uv": [ 16, 2.5, 16, 5 ], "texture": "#2" },
        "east":  { "uv": [ 0, 2.5, 0, 5 ], "texture": "#2" }
    }
},
{
    "__comment": "3",
    "from": [ 9.5, 14, 10 ],
    "to": [ 10, 15.5, 13.5 ],
    "faces": {
        "down":  { "uv": [ 10, 16, 6, 16 ], "texture": "#2" },
        "up":    { "uv": [ 6, 16, 10, 16 ], "texture": "#2" },
        "north": { "uv": [ 6, 2.5, 10, 5 ], "texture": "#2" },
        "south": { "uv": [ 6, 2.5, 10, 5 ], "texture": "#2" },
        "west":  { "uv": [ 16, 2.5, 16, 5 ], "texture": "#2" },
        "east":  { "uv": [ 0, 2.5, 0, 5 ], "texture": "#2" }
    }
},
{
    "__comment": "3",
    "from": [ 9.5, 15, 10 ],
    "to": [ 10, 16, 11.5 ],
    "rotation": { "origin": [ 9.5, 16, 10 ], "axis": "x", "angle": 45 },
    "faces": {
        "down":  { "uv": [ 10, 16, 6, 16 ], "texture": "#2" },
        "up":    { "uv": [ 6, 16, 10, 16 ], "texture": "#2" },
        "north": { "uv": [ 6, 2.5, 10, 5 ], "texture": "#2" },
        "south": { "uv": [ 6, 2.5, 10, 5 ], "texture": "#2" },
        "west":  { "uv": [ 16, 2.5, 16, 5 ], "texture": "#2" },
        "east":  { "uv": [ 0, 2.5, 0, 5 ], "texture": "#2" }
    }
},
{
    "__comment": "1",
    "from": [ 9.5, 14, 13.5 ],
    "to": [ 10, 17, 20.5 ],
    "faces": {
        "down":  { "uv": [ 9.5, 16, 6.5, 0 ], "texture": "#0" },
        "up":    { "uv": [ 6.5, 0, 9.5, 16 ], "texture": "#0" },
        "north": { "uv": [ 6.5, 5, 9.5, 6.5 ], "texture": "#0" },
        "south": { "uv": [ 6.5, 5, 9.5, 6.5 ], "texture": "#0" },
        "west":  { "uv": [ 0, 5, 16, 6.5 ], "texture": "#0" },
        "east":  { "uv": [ 0, 5, 16, 6.5 ], "texture": "#0" }
    }
},
{
    "__comment": "1",
    "from": [ 9.5, 17, 12.5 ],
    "to": [ 10, 18, 15 ],
    "rotation": { "origin": [ 9.5, 18, 12.5 ], "axis": "x", "angle": 45 },
    "faces": {
        "down":  { "uv": [ 9.5, 16, 6.5, 0 ], "texture": "#0" },
        "up":    { "uv": [ 6.5, 0, 9.5, 16 ], "texture": "#0" },
        "north": { "uv": [ 6.5, 5, 9.5, 6.5 ], "texture": "#0" },
        "south": { "uv": [ 6.5, 5, 9.5, 6.5 ], "texture": "#0" },
        "west":  { "uv": [ 0, 5, 16, 6.5 ], "texture": "#0" },
        "east":  { "uv": [ 0, 5, 16, 6.5 ], "texture": "#0" }
    }
},
{
    "__comment": "3",
    "from": [ 10, 20.5, 23.5 ],
    "to": [ 11, 21, 24.5 ],
    "faces": {
        "down":  { "uv": [ 10, 16, 6, 16 ], "texture": "#2" },
        "up":    { "uv": [ 6, 16, 10, 16 ], "texture": "#2" },
        "north": { "uv": [ 6, 2.5, 10, 5 ], "texture": "#2" },
        "south": { "uv": [ 6, 2.5, 10, 5 ], "texture": "#2" },
        "west":  { "uv": [ 16, 2.5, 16, 5 ], "texture": "#2" },
        "east":  { "uv": [ 0, 2.5, 0, 5 ], "texture": "#2" }
    }
},
{
    "__comment": "3",
    "from": [ 10, 19, 23.5 ],
    "to": [ 11, 19.5, 24.5 ],
    "faces": {
        "down":  { "uv": [ 10, 16, 6, 16 ], "texture": "#2" },
        "up":    { "uv": [ 6, 16, 10, 16 ], "texture": "#2" },
        "north": { "uv": [ 6, 2.5, 10, 5 ], "texture": "#2" },
        "south": { "uv": [ 6, 2.5, 10, 5 ], "texture": "#2" },
        "west":  { "uv": [ 16, 2.5, 16, 5 ], "texture": "#2" },
        "east":  { "uv": [ 0, 2.5, 0, 5 ], "texture": "#2" }
    }
},
{
    "__comment": "3",
    "from": [ 10, 19.5, 23 ],
    "to": [ 11, 20.5, 23.5 ],
    "faces": {
        "down":  { "uv": [ 10, 16, 6, 16 ], "texture": "#2" },
        "up":    { "uv": [ 6, 16, 10, 16 ], "texture": "#2" },
        "north": { "uv": [ 6, 2.5, 10, 5 ], "texture": "#2" },
        "south": { "uv": [ 6, 2.5, 10, 5 ], "texture": "#2" },
        "west":  { "uv": [ 16, 2.5, 16, 5 ], "texture": "#2" },
        "east":  { "uv": [ 0, 2.5, 0, 5 ], "texture": "#2" }
    }
},
{
    "__comment": "3",
    "from": [ 10, 19.5, 24.5 ],
    "to": [ 11, 20.5, 25 ],
    "faces": {
        "down":  { "uv": [ 10, 16, 6, 16 ], "texture": "#2" },
        "up":    { "uv": [ 6, 16, 10, 16 ], "texture": "#2" },
        "north": { "uv": [ 6, 2.5, 10, 5 ], "texture": "#2" },
        "south": { "uv": [ 6, 2.5, 10, 5 ], "texture": "#2" },
        "west":  { "uv": [ 16, 2.5, 16, 5 ], "texture": "#2" },
        "east":  { "uv": [ 0, 2.5, 0, 5 ], "texture": "#2" }
    }
},
{
    "__comment": "3",
    "from": [ 10, 20.3125, 23.5 ],
    "to": [ 11, 21, 24 ],
    "rotation": { "origin": [ 10, 21, 23.5 ], "axis": "x", "angle": 45 },
    "faces": {
        "down":  { "uv": [ 10, 16, 6, 16 ], "texture": "#2" },
        "up":    { "uv": [ 6, 16, 10, 16 ], "texture": "#2" },
        "north": { "uv": [ 6, 2.5, 10, 5 ], "texture": "#2" },
        "south": { "uv": [ 6, 2.5, 10, 5 ], "texture": "#2" },
        "west":  { "uv": [ 16, 2.5, 16, 5 ], "texture": "#2" },
        "east":  { "uv": [ 0, 2.5, 0, 5 ], "texture": "#2" }
    }
},
{
    "__comment": "3",
    "from": [ 10, 19.9575, 24.165 ],
    "to": [ 11, 20.645, 24.665 ],
    "rotation": { "origin": [ 10, 20.645, 24.165 ], "axis": "x", "angle": -45 },
    "faces": {
        "down":  { "uv": [ 10, 16, 6, 16 ], "texture": "#2" },
        "up":    { "uv": [ 6, 16, 10, 16 ], "texture": "#2" },
        "north": { "uv": [ 6, 2.5, 10, 5 ], "texture": "#2" },
        "south": { "uv": [ 6, 2.5, 10, 5 ], "texture": "#2" },
        "west":  { "uv": [ 16, 2.5, 16, 5 ], "texture": "#2" },
        "east":  { "uv": [ 0, 2.5, 0, 5 ], "texture": "#2" }
    }
},
{
    "__comment": "3",
    "from": [ 10, 18.8125, 23 ],
    "to": [ 11, 19.5, 23.5 ],
    "rotation": { "origin": [ 10, 19.5, 23 ], "axis": "x", "angle": -45 },
    "faces": {
        "down":  { "uv": [ 10, 16, 6, 16 ], "texture": "#2" },
        "up":    { "uv": [ 6, 16, 10, 16 ], "texture": "#2" },
        "north": { "uv": [ 6, 2.5, 10, 5 ], "texture": "#2" },
        "south": { "uv": [ 6, 2.5, 10, 5 ], "texture": "#2" },
        "west":  { "uv": [ 16, 2.5, 16, 5 ], "texture": "#2" },
        "east":  { "uv": [ 0, 2.5, 0, 5 ], "texture": "#2" }
    }
},
{
    "__comment": "3",
    "from": [ 10, 19.145, 24.645 ],
    "to": [ 11, 19.8325, 25.145 ],
    "rotation": { "origin": [ 10, 19.8325, 24.645 ], "axis": "x", "angle": 45 },
    "faces": {
        "down":  { "uv": [ 10, 16, 6, 16 ], "texture": "#2" },
        "up":    { "uv": [ 6, 16, 10, 16 ], "texture": "#2" },
        "north": { "uv": [ 6, 2.5, 10, 5 ], "texture": "#2" },
        "south": { "uv": [ 6, 2.5, 10, 5 ], "texture": "#2" },
        "west":  { "uv": [ 16, 2.5, 16, 5 ], "texture": "#2" },
        "east":  { "uv": [ 0, 2.5, 0, 5 ], "texture": "#2" }
    }
},
{
    "__comment": "3",
    "from": [ 7, 21, 26.5 ],
    "to": [ 9, 21.5, 27.5 ],
    "rotation": { "origin": [ 7, 21.5, 26.5 ], "axis": "x", "angle": -22.5 },
    "faces": {
        "down":  { "uv": [ 10, 16, 6, 16 ], "texture": "#2" },
        "up":    { "uv": [ 6, 16, 10, 16 ], "texture": "#2" },
        "north": { "uv": [ 6, 2.5, 10, 5 ], "texture": "#2" },
        "south": { "uv": [ 6, 2.5, 10, 5 ], "texture": "#2" },
        "west":  { "uv": [ 16, 2.5, 16, 5 ], "texture": "#2" },
        "east":  { "uv": [ 0, 2.5, 0, 5 ], "texture": "#2" }
    }
},
{
    "__comment": "3",
    "from": [ 7, 15.6875, 27.8125 ],
    "to": [ 9, 17.6875, 28.8125 ],
    "rotation": { "origin": [ 7, 17.6875, 27.8125 ], "axis": "x", "angle": 45 },
    "faces": {
        "down":  { "uv": [ 10, 16, 6, 16 ], "texture": "#2" },
        "up":    { "uv": [ 6, 16, 10, 16 ], "texture": "#2" },
        "north": { "uv": [ 6, 2.5, 10, 5 ], "texture": "#2" },
        "south": { "uv": [ 6, 2.5, 10, 5 ], "texture": "#2" },
        "west":  { "uv": [ 16, 2.5, 16, 5 ], "texture": "#2" },
        "east":  { "uv": [ 0, 2.5, 0, 5 ], "texture": "#2" }
    }
},
{
    "__comment": "3",
    "from": [ 5.25, 19, 23 ],
    "to": [ 6.25, 20, 24 ],
    "rotation": { "origin": [ 5.25, 19, 23 ], "axis": "y", "angle": 45 },
    "faces": {
        "down":  { "uv": [ 10, 16, 6, 16 ], "texture": "#2" },
        "up":    { "uv": [ 6, 16, 10, 16 ], "texture": "#2" },
        "north": { "uv": [ 6, 2.5, 10, 5 ], "texture": "#2" },
        "south": { "uv": [ 6, 2.5, 10, 5 ], "texture": "#2" },
        "west":  { "uv": [ 16, 2.5, 16, 5 ], "texture": "#2" },
        "east":  { "uv": [ 0, 2.5, 0, 5 ], "texture": "#2" }
    }
},
{
    "__comment": "1",
    "from": [ 6, 12.25, 15.75 ],
    "to": [ 10, 13.75, 18.25 ],
    "rotation": { "origin": [ 6, 13.75, 15.75 ], "axis": "x", "angle": -45 },
    "faces": {
        "down":  { "uv": [ 9.5, 16, 6.5, 0 ], "texture": "#0" },
        "up":    { "uv": [ 6.5, 0, 9.5, 16 ], "texture": "#0" },
        "north": { "uv": [ 6.5, 5, 9.5, 6.5 ], "texture": "#0" },
        "south": { "uv": [ 6.5, 5, 9.5, 6.5 ], "texture": "#0" },
        "west":  { "uv": [ 0, 5, 16, 6.5 ], "texture": "#0" },
        "east":  { "uv": [ 0, 5, 16, 6.5 ], "texture": "#0" }
    }
},
{
    "__comment": "1",
    "from": [ 9, 19.5, -16 ],
    "to": [ 9.5, 21.5, -15 ],
    "faces": {
        "down":  { "uv": [ 8.5, 0, 7.5, 0 ], "texture": "#0" },
        "up":    { "uv": [ 7.5, 0, 8.5, 0 ], "texture": "#0" },
        "north": { "uv": [ 7.5, 5, 8.5, 6 ], "texture": "#0" },
        "south": { "uv": [ 7.5, 5, 8.5, 6 ], "texture": "#0" },
        "west":  { "uv": [ 0, 5, 0, 6 ], "texture": "#0" },
        "east":  { "uv": [ 16, 5, 16, 6 ], "texture": "#0" }
    }
},
{
    "__comment": "1",
    "from": [ 9, 14.9375, 26.1875 ],
    "to": [ 10, 16.4375, 28.4375 ],
    "rotation": { "origin": [ 9, 16.4375, 26.1875 ], "axis": "x", "angle": -45 },
    "faces": {
        "down":  { "uv": [ 9.5, 16, 6.5, 0 ], "texture": "#0" },
        "up":    { "uv": [ 6.5, 0, 9.5, 16 ], "texture": "#0" },
        "north": { "uv": [ 6.5, 5, 9.5, 6.5 ], "texture": "#0" },
        "south": { "uv": [ 6.5, 5, 9.5, 6.5 ], "texture": "#0" },
        "west":  { "uv": [ 0, 5, 16, 6.5 ], "texture": "#0" },
        "east":  { "uv": [ 0, 5, 16, 6.5 ], "texture": "#0" }
    }
},
{
    "__comment": "1",
    "from": [ 6, 14.9375, 26.1875 ],
    "to": [ 7, 16.4375, 28.4375 ],
    "rotation": { "origin": [ 6, 16.4375, 26.1875 ], "axis": "x", "angle": -45 },
    "faces": {
        "down":  { "uv": [ 9.5, 16, 6.5, 0 ], "texture": "#0" },
        "up":    { "uv": [ 6.5, 0, 9.5, 16 ], "texture": "#0" },
        "north": { "uv": [ 6.5, 5, 9.5, 6.5 ], "texture": "#0" },
        "south": { "uv": [ 6.5, 5, 9.5, 6.5 ], "texture": "#0" },
        "west":  { "uv": [ 0, 5, 16, 6.5 ], "texture": "#0" },
        "east":  { "uv": [ 0, 5, 16, 6.5 ], "texture": "#0" }
    }
},
{
    "__comment": "1",
    "from": [ 6, 18.5, 11.5 ],
    "to": [ 10, 19.5, 12.5 ],
    "rotation": { "origin": [ 6, 19.5, 11.5 ], "axis": "x", "angle": -45 },
    "faces": {
        "down":  { "uv": [ 10, 16, 6, 16 ], "texture": "#4" },
        "up":    { "uv": [ 6, 16, 10, 16 ], "texture": "#4" },
        "north": { "uv": [ 6, 2.5, 10, 5 ], "texture": "#4" },
        "south": { "uv": [ 6, 2.5, 10, 5 ], "texture": "#4" },
        "west":  { "uv": [ 16, 2.5, 16, 5 ], "texture": "#4" },
        "east":  { "uv": [ 0, 2.5, 0, 5 ], "texture": "#4" }
    }
},
{
    "__comment": "1",
    "from": [ 6, 19, 6 ],
    "to": [ 10, 20, 7 ],
    "rotation": { "origin": [ 6, 20, 6 ], "axis": "x", "angle": 45 },
    "faces": {
        "down":  { "uv": [ 10, 16, 6, 16 ], "texture": "#4" },
        "up":    { "uv": [ 6, 16, 10, 16 ], "texture": "#4" },
        "north": { "uv": [ 6, 2.5, 10, 5 ], "texture": "#4" },
        "south": { "uv": [ 6, 2.5, 10, 5 ], "texture": "#4" },
        "west":  { "uv": [ 16, 2.5, 16, 5 ], "texture": "#4" },
        "east":  { "uv": [ 0, 2.5, 0, 5 ], "texture": "#4" }
    }
},
{
    "__comment": "4",
    "from": [ 5.875, 17.75, 23 ],
    "to": [ 6.375, 18.25, 23.5 ],
    "faces": {
        "down":  { "uv": [ 10, 16, 6, 16 ], "texture": "#3" },
        "up":    { "uv": [ 6, 16, 10, 16 ], "texture": "#3" },
        "north": { "uv": [ 6, 2.5, 10, 5 ], "texture": "#3" },
        "south": { "uv": [ 6, 2.5, 10, 5 ], "texture": "#3" },
        "west":  { "uv": [ 16, 2.5, 16, 5 ], "texture": "#3" },
        "east":  { "uv": [ 0, 2.5, 0, 5 ], "texture": "#3" }
    }
}
],
"display": {
    "thirdperson_righthand": {
        "rotation": [ 0, 0, 0 ],
        "translation": [ 0, -1, -0.8 ],
        "scale": [ 0.2, 0.2, 0.2 ]
    },
    "thirdperson_lefthand": {
        "rotation": [ 0, 0, 0 ],
        "translation": [ 0, -1, -0.8 ],
        "scale": [ 0.2, 0.2, 0.2 ]
    },
    "ground": {
        "rotation": [ 0, 0, 0 ],
        "translation": [ 0, 0, 0 ],
        "scale": [ 0.2, 0.2, 0.2 ]
    },
    "fixed": {
        "rotation": [ 90, -45, 90 ],
        "translation": [ 0, 0, 0 ],
        "scale": [ 0.2, 0.2, 0.2 ]
    },
    "firstperson_righthand": {
        "rotation": [ 0, -12, 0 ],
        "translation": [ 0, 0, 0 ],
        "scale": [ 0.3, 0.3, 0.3 ]
    },
    "firstperson_lefthand": {
        "rotation": [ 0, -12, 0 ],
        "translation": [ 0, 0, 0 ],
        "scale": [ 0.3, 0.3, 0.3 ]
    },
    "gui": {
        "rotation": [ -95, 135, 85 ],
        "translation": [ 0, 0, 0 ],
        "scale": [ 0.2, 0.2, 0.2 ]
    }
}
}