{
    "__comment": "Model generated using MrCrayfish's Model Creator (http://mrcrayfish.com/modelcreator/)",
    "textures": {
        "0": "custom/line3",
        "1": "custom/line4"
    },
    "elements": [
        {
            "name": "Element",
            "from": [ 6.9, 5.375, 7.0 ], 
            "to": [ 20.4, 7.875, 8.5 ], 
            "faces": {
                "north": { "texture": "#0", "uv": [ 0.5625, 8.125, 14.0625, 10.625 ] },
                "east": { "texture": "#0", "uv": [ 7.525, 8.125, 8.875, 10.625 ] },
                "south": { "texture": "#0", "uv": [ 1.9375, 8.125, 15.4375, 10.625 ] },
                "west": { "texture": "#0", "uv": [ 7.125, 8.125, 8.475, 10.625 ] },
                "up": { "texture": "#0", "uv": [ 1.9375, 7.125, 15.4375, 8.475 ] },
                "down": { "texture": "#0", "uv": [ 14.0625, 8.475, 0.5625, 7.125 ] }
            }
        },
        {
            "name": "Element",
            "from": [ 14.5, 7.5, 7.3125 ], 
            "to": [ 19.4375, 9.0, 8.3125 ], 
            "faces": {
                "north": { "texture": "#0", "uv": [ 1.5625, 7.0, 6.5, 8.5 ] },
                "east": { "texture": "#0", "uv": [ 7.6875, 7.0, 8.6875, 8.5 ] },
                "south": { "texture": "#0", "uv": [ 9.5, 7.0, 14.4375, 8.5 ] },
                "west": { "texture": "#0", "uv": [ 7.3125, 7.0, 8.3125, 8.5 ] },
                "up": { "texture": "#0", "uv": [ 9.5, 7.3125, 14.4375, 8.3125 ] },
                "down": { "texture": "#0", "uv": [ 6.5, 8.3125, 1.5625, 7.3125 ] }
            }
        },
        {
            "name": "Element",
            "from": [ 7.001, 7.4925, 7.12587 ], 
            "to": [ 10.997, 8.991, 8.47452 ], 
            "faces": {
                "north": { "texture": "#0", "uv": [ 10.003, 7.009, 13.999, 8.5075 ] },
                "east": { "texture": "#0", "uv": [ 7.52547, 7.009, 8.87412, 8.5075 ] },
                "south": { "texture": "#0", "uv": [ 2.001, 7.009, 5.997, 8.5075 ] },
                "west": { "texture": "#0", "uv": [ 7.12587, 7.009, 8.47452, 8.5075 ] },
                "up": { "texture": "#0", "uv": [ 2.001, 7.12587, 5.997, 8.47452 ] },
                "down": { "texture": "#0", "uv": [ 13.999, 8.47452, 10.003, 7.12587 ] }
            }
        },
        {
            "name": "Element",
            "from": [ 19.4375, 8.1, 7.25 ], 
            "to": [ 20.9375, 9.0, 8.375 ], 
            "rotation": { "origin": [ 19.4375, 9.0, 7.25 ], "axis": "z", "angle": -45.0 },
            "faces": {
                "north": { "texture": "#0", "uv": [ 0.0625, 7.0, 1.5625, 7.9 ] },
                "east": { "texture": "#0", "uv": [ 7.625, 7.0, 8.75, 7.9 ] },
                "south": { "texture": "#0", "uv": [ 14.4375, 7.0, 15.9375, 7.9 ] },
                "west": { "texture": "#0", "uv": [ 7.25, 7.0, 8.375, 7.9 ] },
                "up": { "texture": "#0", "uv": [ 14.4375, 7.25, 15.9375, 8.375 ] },
                "down": { "texture": "#0", "uv": [ 1.5625, 8.375, 0.0625, 7.25 ] }
            }
        },
        {
            "name": "Element",
            "from": [ 17.25, 3.875, 7.375 ], 
            "to": [ 19.75, 5.375, 8.275 ], 
            "faces": {
                "north": { "texture": "#1", "uv": [ 6.5, 10.6, 8.75, 11.5 ] },
                "east": { "texture": "#1", "uv": [ 7.775, 10.6, 8.675, 11.5 ] },
                "south": { "texture": "#1", "uv": [ 7.25, 10.6, 9.5, 11.5 ] },
                "west": { "texture": "#1", "uv": [ 7.325, 10.6, 8.225, 11.5 ] },
                "up": { "texture": "#1", "uv": [ 7.25, 7.325, 9.5, 8.225 ] },
                "down": { "texture": "#1", "uv": [ 8.75, 8.225, 6.5, 7.325 ] }
            }
        },
        {
            "name": "Element",
            "from": [ 17.1875, -0.125, 7.375 ], 
            "to": [ 19.6875, 3.875, 8.275 ], 
            "rotation": { "origin": [ 17.1875, 3.875, 7.375 ], "axis": "z", "angle": 22.5 },
            "faces": {
                "north": { "texture": "#1", "uv": [ 6.78125, 11.5563, 8.58125, 15.1563 ] },
                "east": { "texture": "#1", "uv": [ 7.775, 11.5563, 8.675, 15.1563 ] },
                "south": { "texture": "#1", "uv": [ 7.41875, 11.5563, 9.21875, 15.1563 ] },
                "west": { "texture": "#1", "uv": [ 7.325, 11.5563, 8.225, 15.1563 ] },
                "up": { "texture": "#1", "uv": [ 7.41875, 7.325, 9.21875, 8.225 ] },
                "down": { "texture": "#1", "uv": [ 8.58125, 8.225, 6.78125, 7.325 ] }
            }
        },
        {
            "name": "Element",
            "from": [ 14.1, 3.5, 7.325 ], 
            "to": [ 15.0, 5.8500000000000005, 8.225 ], 
            "faces": {
                "north": { "texture": "#0", "uv": [ 11.0, 10.6, 11.9, 11.95 ] },
                "east": { "texture": "#0", "uv": [ 7.775, 10.6, 8.675, 11.95 ] },
                "south": { "texture": "#0", "uv": [ 4.1, 10.6, 5.0, 11.95 ] },
                "west": { "texture": "#0", "uv": [ 7.325, 10.6, 8.225, 11.95 ] },
                "up": { "texture": "#0", "uv": [ 4.1, 7.325, 5.0, 8.225 ] },
                "down": { "texture": "#0", "uv": [ 11.9, 8.225, 11.0, 7.325 ] }
            }
        },
        {
            "name": "Element",
            "from": [ 14.5, 3.4, 7.5625 ], 
            "to": [ 17.0, 3.9, 7.9625 ], 
            "faces": {
                "north": { "texture": "#0", "uv": [ 9.0625, 11.8125, 11.5625, 12.3125 ] },
                "east": { "texture": "#0", "uv": [ 7.9875, 11.8125, 8.4375, 12.3125 ] },
                "south": { "texture": "#0", "uv": [ 4.4375, 11.8125, 6.9375, 12.3125 ] },
                "west": { "texture": "#0", "uv": [ 7.5625, 11.8125, 8.0125, 12.3125 ] },
                "up": { "texture": "#0", "uv": [ 4.4375, 7.5625, 6.9375, 8.0125 ] },
                "down": { "texture": "#0", "uv": [ 11.5625, 8.0125, 9.0625, 7.5625 ] }
            }
        },
        {
            "name": "Element",
            "from": [ 16.6, 3.4, 7.5625 ], 
            "to": [ 17.5, 3.85, 8.0125 ], 
            "rotation": { "origin": [ 16.75, 3.875, 7.5625 ], "axis": "z", "angle": 45.0 },
            "faces": {
                "north": { "texture": "#0", "uv": [ 8.3, 11.7813, 9.2, 12.2312 ] },
                "east": { "texture": "#0", "uv": [ 8.0, 11.7813, 8.45, 12.2312 ] },
                "south": { "texture": "#0", "uv": [ 6.8, 11.7813, 7.7, 12.2312 ] },
                "west": { "texture": "#0", "uv": [ 7.55, 11.7813, 8.0, 12.2312 ] },
                "up": { "texture": "#0", "uv": [ 6.8, 7.55, 7.7, 8.0 ] },
                "down": { "texture": "#0", "uv": [ 9.2, 8.0, 8.3, 7.55 ] }
            }
        },
        {
            "name": "Element",
            "from": [ 16.8, 4.9, 7.5 ], 
            "to": [ 17.2, 6.300000000000001, 7.95 ], 
            "rotation": { "origin": [ 16.35, 5.85, 7.55 ], "axis": "z", "angle": -22.5 },
            "faces": {
                "north": { "texture": "#0", "uv": [ 9.2, 10.15, 9.65, 11.5 ] },
                "east": { "texture": "#0", "uv": [ 8.0, 10.15, 8.45, 11.5 ] },
                "south": { "texture": "#0", "uv": [ 6.35, 10.15, 6.8, 11.5 ] },
                "west": { "texture": "#0", "uv": [ 7.55, 10.15, 8.0, 11.5 ] },
                "up": { "texture": "#0", "uv": [ 6.35, 7.55, 6.8, 8.0 ] },
                "down": { "texture": "#0", "uv": [ 9.65, 8.0, 9.2, 7.55 ] }
            }
        },
        {
            "name": "Element",
            "from": [ 14.0625, 2.5, 7.5625 ], 
            "to": [ 14.2625, 3.7, 8.0125 ], 
            "rotation": { "origin": [ 14.0625, 4.25, 7.5625 ], "axis": "z", "angle": 22.5 },
            "faces": {
                "north": { "texture": "#0", "uv": [ 11.3, 12.0, 11.75, 12.9 ] },
                "east": { "texture": "#0", "uv": [ 7.9875, 12.0, 8.4375, 12.9 ] },
                "south": { "texture": "#0", "uv": [ 4.25, 12.0, 4.7, 12.9 ] },
                "west": { "texture": "#0", "uv": [ 7.5625, 12.0, 8.0125, 12.9 ] },
                "up": { "texture": "#0", "uv": [ 4.25, 7.5625, 4.7, 8.0125 ] },
                "down": { "texture": "#0", "uv": [ 11.75, 8.0125, 11.3, 7.5625 ] }
            }
        },
        {
            "name": "Element",
            "from": [ 11.347, 3.14685, 7.32568 ], 
            "to": [ 14.0444, 5.3946, 8.22478 ], 
            "faces": {
                "north": { "texture": "#0", "uv": [ 6.0, 10.5, 8.6875, 12.6875 ] },
                "east": { "texture": "#0", "uv": [ 7.75, 2.5625, 8.625, 4.75 ] },
                "south": { "texture": "#0", "uv": [ 6.0, 10.5, 8.6875, 12.6875 ] },
                "west": { "texture": "#0", "uv": [ 7.3125, 2.5625, 8.1875, 4.75 ] },
                "up": { "texture": "#0", "uv": [ 6.9375, 7.3125, 9.625, 8.1875 ] },
                "down": { "texture": "#0", "uv": [ 9.0, 8.1875, 6.3125, 7.3125 ] }
            }
        },
        {
            "name": "Element",
            "from": [ 11.5, 0.1375, 7.375 ], 
            "to": [ 14.2, 4.1875, 8.175 ], 
            "rotation": { "origin": [ 11.5, 4.1875, 7.375 ], "axis": "z", "angle": -22.5 },
            "faces": {
                "north": { "texture": "#0", "uv": [ 6.0, 12.0, 8.6875, 16.0 ] },
                "east": { "texture": "#0", "uv": [ 7.75, 3.5625, 8.625, 7.5625 ] },
                "south": { "texture": "#0", "uv": [ 6.0, 12.0, 8.6875, 16.0 ] },
                "west": { "texture": "#0", "uv": [ 7.3125, 3.5625, 8.1875, 7.5625 ] },
                "up": { "texture": "#0", "uv": [ 7.1875, 7.3125, 9.875, 8.1875 ] },
                "down": { "texture": "#0", "uv": [ 8.75, 8.1875, 6.0625, 7.3125 ] }
            }
        },
        {
            "name": "Element",
            "from": [ 7.625, -4.1973, 7.375 ], 
            "to": [ 11.671, -1.5, 8.175 ], 
            "rotation": { "origin": [ 7.625, -1.5, 7.375 ], "axis": "z", "angle": 45.0 },
            "faces": {
                "north": { "texture": "#0", "uv": [ 8.0, 13.0, 12.0, 15.6875 ] },
                "east": { "texture": "#0", "uv": [ 7.75, 9.1875, 8.625, 11.875 ] },
                "south": { "texture": "#0", "uv": [ 8.0, 13.0, 12.0, 15.6875 ] },
                "west": { "texture": "#0", "uv": [ 7.3125, 9.1875, 8.1875, 11.875 ] },
                "up": { "texture": "#0", "uv": [ 3.5, 7.3125, 7.5, 8.1875 ] },
                "down": { "texture": "#0", "uv": [ 12.4375, 8.1875, 8.4375, 7.3125 ] }
            }
        },
        {
            "name": "Element",
            "from": [ 0.5, 5.2, 6.9 ], 
            "to": [ 9.125, 7.5, 8.6 ], 
            "faces": {
                "north": { "texture": "#1", "uv": [ 0.0, 8.6875, 5.5, 10.6875 ] },
                "east": { "texture": "#1", "uv": [ 7.5, 8.6875, 9.0, 10.6875 ] },
                "south": { "texture": "#1", "uv": [ 10.5, 8.6875, 16.0, 10.6875 ] },
                "west": { "texture": "#1", "uv": [ 7.0, 8.6875, 8.5, 10.6875 ] },
                "up": { "texture": "#1", "uv": [ 10.5, 7.0, 16.0, 8.5 ] },
                "down": { "texture": "#1", "uv": [ 5.5, 8.5, 0.0, 7.0 ] }
            }
        },
        {
            "name": "Element",
            "from": [ 1.0625, 7.8125, 7.125 ], 
            "to": [ 7.0625, 8.8125, 8.475 ], 
            "faces": {
                "north": { "texture": "#1", "uv": [ 0.0, 7.1875, 4.9375, 8.1875 ] },
                "east": { "texture": "#1", "uv": [ 7.525, 7.1875, 8.875, 8.1875 ] },
                "south": { "texture": "#1", "uv": [ 11.0625, 7.1875, 16.0, 8.1875 ] },
                "west": { "texture": "#1", "uv": [ 7.125, 7.1875, 8.475, 8.1875 ] },
                "up": { "texture": "#1", "uv": [ 11.0625, 7.125, 16.0, 8.475 ] },
                "down": { "texture": "#1", "uv": [ 4.9375, 8.475, 0.0, 7.125 ] }
            }
        },
        {
            "name": "Element",
            "from": [ 0.5, 7.0, 7.125 ], 
            "to": [ 2.0, 8.0, 8.475 ], 
            "faces": {
                "north": { "texture": "#1", "uv": [ 4.0, 8.0, 5.5, 9.0 ] },
                "east": { "texture": "#1", "uv": [ 7.525, 8.0, 8.875, 9.0 ] },
                "south": { "texture": "#1", "uv": [ 10.5, 8.0, 12.0, 9.0 ] },
                "west": { "texture": "#1", "uv": [ 7.125, 8.0, 8.475, 9.0 ] },
                "up": { "texture": "#1", "uv": [ 10.5, 7.125, 12.0, 8.475 ] },
                "down": { "texture": "#1", "uv": [ 5.5, 8.475, 4.0, 7.125 ] }
            }
        },
        {
            "name": "Element",
            "from": [ 3.375, 7.4, 7.125 ], 
            "to": [ 5.175, 7.8500000000000005, 8.475 ], 
            "faces": {
                "north": { "texture": "#1", "uv": [ 0.825, 8.0625, 2.625, 8.5125 ] },
                "east": { "texture": "#1", "uv": [ 7.525, 8.0625, 8.875, 8.5125 ] },
                "south": { "texture": "#1", "uv": [ 13.375, 8.0625, 15.175, 8.5125 ] },
                "west": { "texture": "#1", "uv": [ 7.125, 8.0625, 8.475, 8.5125 ] },
                "up": { "texture": "#1", "uv": [ 13.375, 7.125, 15.175, 8.475 ] },
                "down": { "texture": "#1", "uv": [ 2.625, 8.475, 0.825, 7.125 ] }
            }
        },
        {
            "name": "Element",
            "from": [ 6.1875, 7.425, 7.125 ], 
            "to": [ 7.0875, 7.875, 8.475 ], 
            "faces": {
                "north": { "texture": "#1", "uv": [ 0.0, 8.125, 0.0, 8.575 ] },
                "east": { "texture": "#1", "uv": [ 7.525, 8.125, 8.875, 8.575 ] },
                "south": { "texture": "#1", "uv": [ 16.0, 8.125, 16.0, 8.575 ] },
                "west": { "texture": "#1", "uv": [ 7.125, 8.125, 8.475, 8.575 ] },
                "up": { "texture": "#1", "uv": [ 16.0, 7.125, 16.0, 8.475 ] },
                "down": { "texture": "#1", "uv": [ 0.0, 8.475, 0.0, 7.125 ] }
            }
        },
        {
            "name": "Element",
            "from": [ -13.0, 6.2875, 7.4375 ], 
            "to": [ 0.5, 7.1875, 8.3375 ], 
            "faces": {
                "north": { "texture": "#0", "uv": [ 2.5, 3.5, 16.0, 4.375 ] },
                "east": { "texture": "#0", "uv": [ 7.0, 3.5, 7.875, 4.375 ] },
                "south": { "texture": "#0", "uv": [ 2.5, 3.5, 16.0, 4.375 ] },
                "west": { "texture": "#0", "uv": [ 7.0, 3.5, 7.875, 4.375 ] },
                "up": { "texture": "#0", "uv": [ 0.5, 2.5, 14.0, 3.375 ] },
                "down": { "texture": "#0", "uv": [ 0.5, 2.5, 14.0, 3.375 ] }
            }
        },
        {
            "name": "Element",
            "from": [ -3.49375, 7.65, 7.38125 ], 
            "to": [ 1.00625, 8.55, 8.28125 ], 
            "faces": {
                "north": { "texture": "#0", "uv": [ 1.99375, 7.45, 6.49375, 8.35 ] },
                "east": { "texture": "#0", "uv": [ 7.71875, 7.45, 8.61875, 8.35 ] },
                "south": { "texture": "#0", "uv": [ 9.50625, 7.45, 14.0063, 8.35 ] },
                "west": { "texture": "#0", "uv": [ 7.38125, 7.45, 8.28125, 8.35 ] },
                "up": { "texture": "#0", "uv": [ 9.50625, 7.38125, 14.0063, 8.28125 ] },
                "down": { "texture": "#0", "uv": [ 6.49375, 8.28125, 1.99375, 7.38125 ] }
            }
        },
        {
            "name": "Element",
            "from": [ 0.55625, 5.85, 7.38125 ], 
            "to": [ 1.00625, 7.65, 8.28125 ], 
            "faces": {
                "north": { "texture": "#0", "uv": [ 4.99375, 8.35, 5.44375, 10.15 ] },
                "east": { "texture": "#0", "uv": [ 7.71875, 8.35, 8.61875, 10.15 ] },
                "south": { "texture": "#0", "uv": [ 10.5563, 8.35, 11.0063, 10.15 ] },
                "west": { "texture": "#0", "uv": [ 7.38125, 8.35, 8.28125, 10.15 ] },
                "up": { "texture": "#0", "uv": [ 10.5563, 7.38125, 11.0063, 8.28125 ] },
                "down": { "texture": "#0", "uv": [ 5.44375, 8.28125, 4.99375, 7.38125 ] }
            }
        },
        {
            "name": "Element",
            "from": [ -3.55, 6.3, 7.38125 ], 
            "to": [ -2.65, 8.55, 8.28125 ], 
            "rotation": { "origin": [ -3.55, 8.55, 7.38125 ], "axis": "z", "angle": -45.0 },
            "faces": {
                "north": { "texture": "#0", "uv": [ 5.65, 7.45, 6.55, 9.7 ] },
                "east": { "texture": "#0", "uv": [ 7.71875, 7.45, 8.61875, 9.7 ] },
                "south": { "texture": "#0", "uv": [ 9.45, 7.45, 10.35, 9.7 ] },
                "west": { "texture": "#0", "uv": [ 7.38125, 7.45, 8.28125, 9.7 ] },
                "up": { "texture": "#0", "uv": [ 9.45, 7.38125, 10.35, 8.28125 ] },
                "down": { "texture": "#0", "uv": [ 6.55, 8.28125, 5.65, 7.38125 ] }
            }
        },
        {
            "name": "Element",
            "from": [ -5.40625, 6.075, 7.2 ], 
            "to": [ -3.60625, 7.375, 8.5 ], 
            "faces": {
                "north": { "texture": "#0", "uv": [ 6.5, 3.0, 8.25, 4.3125 ] },
                "east": { "texture": "#0", "uv": [ 6.5, 2.0, 7.8125, 3.3125 ] },
                "south": { "texture": "#0", "uv": [ 6.5, 3.0, 8.25, 4.3125 ] },
                "west": { "texture": "#0", "uv": [ 6.5, 2.0, 7.8125, 3.3125 ] },
                "up": { "texture": "#0", "uv": [ 7.0, 2.5, 8.75, 3.8125 ] },
                "down": { "texture": "#0", "uv": [ 7.0, 2.5, 8.75, 3.8125 ] }
            }
        },
        {
            "name": "Element",
            "from": [ -10.75, 7.2, 7.550000000000001 ], 
            "to": [ -10.35, 8.55, 8.15 ], 
            "faces": {
                "north": { "texture": "#0", "uv": [ 13.3, 7.45, 13.75, 8.8 ] },
                "east": { "texture": "#0", "uv": [ 8.0, 7.45, 8.45, 8.8 ] },
                "south": { "texture": "#0", "uv": [ 2.25, 7.45, 2.7, 8.8 ] },
                "west": { "texture": "#0", "uv": [ 7.55, 7.45, 8.0, 8.8 ] },
                "up": { "texture": "#0", "uv": [ 2.25, 7.55, 2.7, 8.0 ] },
                "down": { "texture": "#0", "uv": [ 13.75, 8.0, 13.3, 7.55 ] }
            }
        },
        {
            "name": "Element",
            "from": [ -10.3562, 6.69375, 7.550000000000001 ], 
            "to": [ -9.90625, 8.94375, 8.15 ], 
            "rotation": { "origin": [ -10.3562, 8.94375, 7.55 ], "axis": "z", "angle": 22.5 },
            "faces": {
                "north": { "texture": "#0", "uv": [ 12.9063, 7.05625, 13.3562, 9.30625 ] },
                "east": { "texture": "#0", "uv": [ 8.0, 7.05625, 8.45, 9.30625 ] },
                "south": { "texture": "#0", "uv": [ 2.64375, 7.05625, 3.09375, 9.30625 ] },
                "west": { "texture": "#0", "uv": [ 7.55, 7.05625, 8.0, 9.30625 ] },
                "up": { "texture": "#0", "uv": [ 2.64375, 7.55, 3.09375, 8.0 ] },
                "down": { "texture": "#0", "uv": [ 13.3562, 8.0, 12.9063, 7.55 ] }
            }
        },
        {
            "name": "Element",
            "from": [ -10.75, 8.4, 7.550000000000001 ], 
            "to": [ -9.85, 9.200000000000001, 8.15 ], 
            "faces": {
                "north": { "texture": "#0", "uv": [ 12.85, 7.0, 13.75, 7.9 ] },
                "east": { "texture": "#0", "uv": [ 8.0, 7.0, 8.45, 7.9 ] },
                "south": { "texture": "#0", "uv": [ 2.25, 7.0, 3.15, 7.9 ] },
                "west": { "texture": "#0", "uv": [ 7.55, 7.0, 8.0, 7.9 ] },
                "up": { "texture": "#0", "uv": [ 2.25, 7.55, 3.15, 8.0 ] },
                "down": { "texture": "#0", "uv": [ 13.75, 8.0, 12.85, 7.55 ] }
            }
        },
        {
            "name": "Element",
            "from": [ -10.75, 9.0, 7.550000000000001 ], 
            "to": [ -9.85, 9.45, 8.15 ], 
            "faces": {
                "north": { "texture": "#0", "uv": [ 12.85, 6.55, 13.75, 7.0 ] },
                "east": { "texture": "#0", "uv": [ 8.0, 6.55, 8.45, 7.0 ] },
                "south": { "texture": "#0", "uv": [ 2.25, 6.55, 3.15, 7.0 ] },
                "west": { "texture": "#0", "uv": [ 7.55, 6.55, 8.0, 7.0 ] },
                "up": { "texture": "#0", "uv": [ 2.25, 7.55, 3.15, 8.0 ] },
                "down": { "texture": "#0", "uv": [ 13.75, 8.0, 12.85, 7.55 ] }
            }
        },
        {
            "name": "Element",
            "from": [ 20.2, 5.75674, 7.1 ], 
            "to": [ 22.7, 7.55674, 8.4 ], 
            "rotation": { "origin": [ 20.3002, 7.55494, 7.12587 ], "axis": "z", "angle": -22.5 },
            "faces": {
                "north": { "texture": "#0", "uv": [ 9.0, 2.5, 11.5, 4.25 ] },
                "east": { "texture": "#0", "uv": [ 2.5, 8.5, 3.8125, 10.25 ] },
                "south": { "texture": "#0", "uv": [ 9.0, 2.5, 11.5, 4.25 ] },
                "west": { "texture": "#0", "uv": [ 2.5, 8.5, 3.8125, 10.25 ] },
                "up": { "texture": "#0", "uv": [ 2.0, 6.5, 4.5, 7.8125 ] },
                "down": { "texture": "#0", "uv": [ 2.0, 6.5, 4.5, 7.8125 ] }
            }
        },
        {
            "name": "Element",
            "from": [ 29.84, 1.1, 6.92 ], 
            "to": [ 30.38, 7.1, 8.54 ], 
            "faces": {
                "north": { "texture": "#1", "uv": [ 2.62, 2.5600000000000005, 3.16, 8.5 ] },
                "east": { "texture": "#1", "uv": [ 7.46, 8.56, 9.08, 14.5 ] },
                "south": { "texture": "#1", "uv": [ 12.84, 2.5600000000000005, 13.38, 8.5 ] },
                "west": { "texture": "#1", "uv": [ 6.92, 8.56, 8.54, 14.5 ] },
                "up": { "texture": "#1", "uv": [ 14.84, 6.92, 15.38, 8.54 ] },
                "down": { "texture": "#1", "uv": [ 1.16, 8.54, 0.62, 6.92 ] }
            }
        },
        {
            "name": "Element",
            "from": [ 25.52, 6.94, 6.92 ], 
            "to": [ 30.38, 7.48, 8.54 ], 
            "faces": {
                "north": { "texture": "#1", "uv": [ 2.62, 3.0199999999999996, 7.48, 3.5600000000000005 ] },
                "east": { "texture": "#1", "uv": [ 7.46, 8.02, 9.08, 8.56 ] },
                "south": { "texture": "#1", "uv": [ 8.52, 3.0199999999999996, 13.38, 3.5600000000000005 ] },
                "west": { "texture": "#1", "uv": [ 6.92, 8.02, 8.54, 8.56 ] },
                "up": { "texture": "#1", "uv": [ 10.52, 6.92, 15.38, 8.54 ] },
                "down": { "texture": "#1", "uv": [ 5.48, 8.54, 0.62, 6.92 ] }
            }
        },
        {
            "name": "Element",
            "from": [ 23.3, 6.3325, 6.92 ], 
            "to": [ 25.7, 6.8725, 8.54 ], 
            "rotation": { "origin": [ 24.1025, 6.8725, 6.92 ], "axis": "z", "angle": 22.5 },
            "faces": {
                "north": { "texture": "#1", "uv": [ 7.2775, 3.6274999999999995, 8.8975, 4.1675 ] },
                "east": { "texture": "#1", "uv": [ 7.46, 8.6275, 9.08, 9.1675 ] },
                "south": { "texture": "#1", "uv": [ 7.102499999999999, 3.6274999999999995, 8.7225, 4.1675 ] },
                "west": { "texture": "#1", "uv": [ 6.92, 8.6275, 8.54, 9.1675 ] },
                "up": { "texture": "#1", "uv": [ 9.1025, 6.92, 10.7225, 8.54 ] },
                "down": { "texture": "#1", "uv": [ 6.8975, 8.54, 5.2775, 6.92 ] }
            }
        },
        {
            "name": "Element",
            "from": [ 7.0, 8.8, 7.375 ], 
            "to": [ 8.8, 9.25, 8.275 ], 
            "faces": {
                "north": { "texture": "#0", "uv": [ 11.1625, 6.55, 12.9625, 7.0 ] },
                "east": { "texture": "#0", "uv": [ 7.71875, 6.55, 8.61875, 7.0 ] },
                "south": { "texture": "#0", "uv": [ 3.0375, 6.55, 4.8375, 7.0 ] },
                "west": { "texture": "#0", "uv": [ 7.38125, 6.55, 8.28125, 7.0 ] },
                "up": { "texture": "#0", "uv": [ 3.0375, 7.38125, 4.8375, 8.28125 ] },
                "down": { "texture": "#0", "uv": [ 12.9625, 8.28125, 11.1625, 7.38125 ] }
            }
        },
        {
            "name": "Element",
            "from": [ -9.8, 5.65, 7.6 ], 
            "to": [ 1.6999999999999993, 6.15, 8.1 ], 
            "faces": {
                "north": { "texture": "#0", "uv": [ 8.35, 10.0375, 12.85, 10.35 ] },
                "east": { "texture": "#0", "uv": [ 8.0, 10.0375, 8.45, 10.35 ] },
                "south": { "texture": "#0", "uv": [ 3.15, 10.0375, 7.65, 10.35 ] },
                "west": { "texture": "#0", "uv": [ 7.55, 10.0375, 8.0, 10.35 ] },
                "up": { "texture": "#0", "uv": [ 3.15, 7.55, 7.65, 8.0 ] },
                "down": { "texture": "#0", "uv": [ 12.85, 8.0, 8.35, 7.55 ] }
            }
        },
        {
            "name": "Element",
            "from": [ 11.0, 8.5, 7.3125 ], 
            "to": [ 14.5, 9.0, 8.3125 ], 
            "faces": {
                "north": { "texture": "#0", "uv": [ 6.5, 7.0, 10.0, 7.5 ] },
                "east": { "texture": "#0", "uv": [ 7.6875, 7.0, 8.6875, 7.5 ] },
                "south": { "texture": "#0", "uv": [ 6.0, 7.0, 9.5, 7.5 ] },
                "west": { "texture": "#0", "uv": [ 7.3125, 7.0, 8.3125, 7.5 ] },
                "up": { "texture": "#0", "uv": [ 6.0, 7.3125, 9.5, 8.3125 ] },
                "down": { "texture": "#0", "uv": [ 10.0, 8.3125, 6.5, 7.3125 ] }
            }
        },
        {
            "name": "Element",
            "from": [ 11.0, 7.5, 8.125 ], 
            "to": [ 14.5, 8.5, 8.3125 ], 
            "faces": {
                "north": { "texture": "#0", "uv": [ 6.5, 7.5, 10.0, 8.5 ] },
                "east": { "texture": "#0", "uv": [ 7.6875, 7.5, 7.875, 8.5 ] },
                "south": { "texture": "#0", "uv": [ 6.0, 7.5, 9.5, 8.5 ] },
                "west": { "texture": "#0", "uv": [ 8.125, 7.5, 8.3125, 8.5 ] },
                "up": { "texture": "#0", "uv": [ 6.0, 8.125, 9.5, 8.3125 ] },
                "down": { "texture": "#0", "uv": [ 10.0, 8.3125, 6.5, 8.125 ] }
            }
        },
        {
            "name": "Element",
            "from": [ 10.875, 7.5, 7.3125 ], 
            "to": [ 14.375, 8.5, 7.8125 ], 
            "faces": {
                "north": { "texture": "#0", "uv": [ 6.625, 7.5, 10.125, 8.5 ] },
                "east": { "texture": "#0", "uv": [ 8.1875, 7.5, 8.6875, 8.5 ] },
                "south": { "texture": "#0", "uv": [ 5.875, 7.5, 9.375, 8.5 ] },
                "west": { "texture": "#0", "uv": [ 7.3125, 7.5, 7.8125, 8.5 ] },
                "up": { "texture": "#0", "uv": [ 5.875, 7.3125, 9.375, 7.8125 ] },
                "down": { "texture": "#0", "uv": [ 10.125, 7.8125, 6.625, 7.3125 ] }
            }
        },
        {
            "name": "Element",
            "from": [ 11.0625, 7.0, 6.25 ], 
            "to": [ 11.4625, 7.5, 7.25 ], 
            "faces": {
                "north": { "texture": "#0", "uv": [ 9.4375, 8.125, 9.9375, 8.625 ] },
                "east": { "texture": "#0", "uv": [ 8.75, 8.125, 9.75, 8.625 ] },
                "south": { "texture": "#0", "uv": [ 6.0625, 8.125, 6.5625, 8.625 ] },
                "west": { "texture": "#0", "uv": [ 6.25, 8.125, 7.25, 8.625 ] },
                "up": { "texture": "#0", "uv": [ 6.0625, 6.25, 6.5625, 7.25 ] },
                "down": { "texture": "#0", "uv": [ 9.9375, 7.25, 9.4375, 6.25 ] }
            }
        },
        {
            "name": "Cube",
            "from": [ 20.840000000000003, 10.0, 6.92 ], 
            "to": [ 30.840000000000003, 10.940000000000001, 8.54 ], 
            "rotation": { "origin": [ 8.0, 8.0, 8.0 ], "axis": "z", "angle": -22.5 },
            "faces": {
                "north": { "texture": "#1", "uv": [ 2.4000000000000004, 8.7, 14.8, 7.8 ] },
                "east": { "texture": "#1", "uv": [ 7.46, 8.56, 9.08, 14.5 ] },
                "south": { "texture": "#1", "uv": [ 1.4000000000000004, 8.7, 13.8, 7.8 ] },
                "west": { "texture": "#1", "uv": [ 6.92, 8.56, 8.54, 14.5 ] },
                "up": { "texture": "#1", "uv": [ 14.84, 6.92, 15.38, 8.54 ] },
                "down": { "texture": "#1", "uv": [ 1.16, 8.54, 0.62, 6.92 ] }
            }
        },
        {
            "name": "Cube",
            "from": [ 22.4, 4.2, 7.0 ], 
            "to": [ 24.7, 5.0, 8.4 ], 
            "faces": {
                "north": { "texture": "#1", "uv": [ 9.5, 7.7, 12.7, 8.6 ] },
                "east": { "texture": "#1", "uv": [ 7.46, 8.02, 9.08, 8.56 ] },
                "south": { "texture": "#1", "uv": [ 3.5, 7.699999999999999, 6.7, 8.56 ] },
                "west": { "texture": "#1", "uv": [ 6.92, 8.02, 8.54, 8.56 ] },
                "up": { "texture": "#1", "uv": [ 10.52, 6.92, 15.38, 8.54 ] },
                "down": { "texture": "#1", "uv": [ 5.48, 8.54, 0.62, 6.92 ] }
            }
        },
        {
            "name": "Cube",
            "from": [ 24.700000000000003, 3.4000000000000004, 7.0 ], 
            "to": [ 29.900000000000002, 7.1000000000000005, 8.4 ], 
            "faces": {
                "north": { "texture": "#1", "uv": [ 1.7000000000000002, 5.0, 9.4, 9.5 ] },
                "east": { "texture": "#1", "uv": [ 7.46, 8.02, 9.08, 8.56 ] },
                "south": { "texture": "#1", "uv": [ 6.699999999999999, 5.0, 14.399999999999999, 9.5 ] },
                "west": { "texture": "#1", "uv": [ 6.92, 10.02, 8.54, 10.56 ] },
                "up": { "texture": "#1", "uv": [ 10.52, 6.92, 15.38, 8.54 ] },
                "down": { "texture": "#1", "uv": [ 5.48, 8.54, 0.62, 6.92 ] }
            }
        },
        {
            "name": "Cube",
            "from": [ 26.799999999999997, 2.9400000000000013, 7.0 ], 
            "to": [ 27.999999999999996, 3.4800000000000013, 8.4 ], 
            "faces": {
                "north": { "texture": "#1", "uv": [ 5.0, 9.0, 6.699999999999999, 10.0 ] },
                "east": { "texture": "#1", "uv": [ 7.46, 8.02, 9.08, 8.56 ] },
                "south": { "texture": "#1", "uv": [ 9.0, 9.0, 10.7, 10.0 ] },
                "west": { "texture": "#1", "uv": [ 6.92, 8.02, 8.54, 8.56 ] },
                "up": { "texture": "#1", "uv": [ 10.52, 6.92, 15.38, 8.54 ] },
                "down": { "texture": "#1", "uv": [ 5.48, 8.54, 0.62, 6.92 ] }
            }
        },
        {
            "name": "Cube",
            "from": [ 27.9, 1.9400000000000013, 7.0 ], 
            "to": [ 29.9, 3.4800000000000013, 8.4 ], 
            "faces": {
                "north": { "texture": "#1", "uv": [ 1.6999999999999993, 9.0, 5.4, 11.5 ] },
                "east": { "texture": "#1", "uv": [ 7.46, 8.02, 9.08, 8.56 ] },
                "south": { "texture": "#1", "uv": [ 10.7, 9.0, 14.4, 11.5 ] },
                "west": { "texture": "#1", "uv": [ 6.92, 8.02, 8.54, 8.56 ] },
                "up": { "texture": "#1", "uv": [ 10.52, 6.92, 15.38, 8.54 ] },
                "down": { "texture": "#1", "uv": [ 5.48, 8.54, 0.62, 6.92 ] }
            }
        },
        {
            "name": "Cube",
            "from": [ 20.6, 4.940000000000001, 6.9 ], 
            "to": [ 24.700000000000003, 6.6400000000000015, 8.5 ], 
            "faces": {
                "north": { "texture": "#1", "uv": [ 9.0, 5.7, 14.7, 7.6 ] },
                "east": { "texture": "#1", "uv": [ 7.46, 8.02, 9.08, 8.56 ] },
                "south": { "texture": "#1", "uv": [ 1.0, 5.7, 6.7, 7.5600000000000005 ] },
                "west": { "texture": "#1", "uv": [ 6.92, 8.02, 6.539999999999999, 7.5600000000000005 ] },
                "up": { "texture": "#1", "uv": [ 10.52, 6.92, 15.38, 8.54 ] },
                "down": { "texture": "#1", "uv": [ 5.48, 8.54, 0.62, 6.92 ] }
            }
        },
        {
            "name": "Cube",
            "from": [ -10.75, 7.7, 7.550000000000001 ], 
            "to": [ -9.85, 8.1, 8.15 ], 
            "faces": {
                "north": { "texture": "#0", "uv": [ 12.85, 7.0, 13.75, 7.9 ] },
                "east": { "texture": "#0", "uv": [ 8.0, 7.0, 8.45, 7.9 ] },
                "south": { "texture": "#0", "uv": [ 2.25, 7.0, 3.15, 7.9 ] },
                "west": { "texture": "#0", "uv": [ 7.55, 7.0, 8.0, 7.9 ] },
                "up": { "texture": "#0", "uv": [ 2.25, 7.55, 3.15, 8.0 ] },
                "down": { "texture": "#0", "uv": [ 13.75, 8.0, 12.85, 7.55 ] }
            }
        },
        {
            "name": "Cube",
            "from": [ -11.0, 6.075, 7.2 ], 
            "to": [ -9.0, 7.375, 8.5 ], 
            "faces": {
                "north": { "texture": "#0", "uv": [ 6.5, 3.0, 8.25, 4.3125 ] },
                "east": { "texture": "#0", "uv": [ 6.5, 2.0, 7.8125, 3.3125 ] },
                "south": { "texture": "#0", "uv": [ 6.5, 3.0, 8.25, 4.3125 ] },
                "west": { "texture": "#0", "uv": [ 6.5, 2.0, 7.8125, 3.3125 ] },
                "up": { "texture": "#0", "uv": [ 7.0, 2.5, 8.75, 3.8125 ] },
                "down": { "texture": "#0", "uv": [ 7.0, 2.5, 8.75, 3.8125 ] }
            }
        },
        {
            "name": "Cube",
            "from": [ -10.6, 5.4, 7.6 ], 
            "to": [ -9.4, 6.4, 8.1 ], 
            "faces": {
                "north": { "texture": "#0", "uv": [ 8.35, 10.0375, 12.85, 10.35 ] },
                "east": { "texture": "#0", "uv": [ 8.0, 10.0375, 8.45, 10.35 ] },
                "south": { "texture": "#0", "uv": [ 3.15, 10.0375, 7.65, 10.35 ] },
                "west": { "texture": "#0", "uv": [ 7.55, 10.0375, 8.0, 10.35 ] },
                "up": { "texture": "#0", "uv": [ 3.15, 7.55, 7.65, 8.0 ] },
                "down": { "texture": "#0", "uv": [ 12.85, 8.0, 8.35, 7.55 ] }
            }
        },
        {
            "name": "Cube",
            "from": [ -5.2, 5.4, 7.6 ], 
            "to": [ -4.8, 6.1000000000000005, 8.1 ], 
            "faces": {
                "north": { "texture": "#0", "uv": [ 8.35, 10.0375, 12.85, 10.35 ] },
                "east": { "texture": "#0", "uv": [ 8.0, 10.0375, 8.45, 10.35 ] },
                "south": { "texture": "#0", "uv": [ 3.15, 10.0375, 7.65, 10.35 ] },
                "west": { "texture": "#0", "uv": [ 7.55, 10.0375, 8.0, 10.35 ] },
                "up": { "texture": "#0", "uv": [ 3.15, 7.55, 7.65, 8.0 ] },
                "down": { "texture": "#0", "uv": [ 12.85, 8.0, 8.35, 7.55 ] }
            }
        },
        {
            "name": "Cube",
            "from": [ 17.1, 4.5, 7.5 ], 
            "to": [ 17.5, 5.3, 7.95 ], 
            "rotation": { "origin": [ 16.35, 5.85, 7.55 ], "axis": "z", "angle": -45.0 },
            "faces": {
                "north": { "texture": "#0", "uv": [ 9.2, 10.15, 9.65, 11.5 ] },
                "east": { "texture": "#0", "uv": [ 8.0, 10.15, 8.45, 11.5 ] },
                "south": { "texture": "#0", "uv": [ 6.35, 10.15, 6.8, 11.5 ] },
                "west": { "texture": "#0", "uv": [ 7.55, 10.15, 8.0, 11.5 ] },
                "up": { "texture": "#0", "uv": [ 6.35, 7.55, 6.8, 8.0 ] },
                "down": { "texture": "#0", "uv": [ 9.65, 8.0, 9.2, 7.55 ] }
            }
        },
        {
            "name": "Cube",
            "from": [ 11.0625, 7.0, 6.9 ], 
            "to": [ 14.4625, 7.5, 7.0 ], 
            "faces": {
                "north": { "texture": "#0", "uv": [ 9.4375, 8.125, 9.9375, 8.625 ] },
                "east": { "texture": "#0", "uv": [ 8.75, 8.125, 9.75, 8.625 ] },
                "south": { "texture": "#0", "uv": [ 6.0625, 8.125, 6.5625, 8.625 ] },
                "west": { "texture": "#0", "uv": [ 6.25, 8.125, 7.25, 8.625 ] },
                "up": { "texture": "#0", "uv": [ 6.0625, 6.25, 6.5625, 7.25 ] },
                "down": { "texture": "#0", "uv": [ 9.9375, 7.25, 9.4375, 6.25 ] }
            }
        }
    ],
"display": {
    "thirdperson_righthand": {
        "rotation": [ 0, -90, 0 ],
        "translation": [ -0.19, 2.65, -5.29 ],
        "scale": [ 0.7, 0.7, 0.7 ]
    },
    "thirdperson_lefthand": {
        "rotation": [ 0, 90, 0 ],
        "translation": [ 0.38, 2.65, -4.72 ],
        "scale": [ 0.7, 0.7, 0.7 ]
    },
    "head": {
        "rotation": [ 0, -90, 0 ],
        "translation": [ 0, 11.15, -13.61 ],
        "scale": [ 1, 1, 1 ]
    },
    "ground": {
        "rotation": [ 0, 0, 0 ],
        "translation": [ 0, 8.31, 0 ],
        "scale": [ 1, 1, 1 ]
    },
    "fixed": {
        "rotation": [ 0, 180, -45 ],
        "translation": [ 0, 1, 0 ],
        "scale": [ 1, 1, 1 ]
    },
    "firstperson_righthand": {
        "rotation": [ 0, -105, 0 ],
        "translation": [ 0.57, 4.16, -5.67 ],
        "scale": [ 1, 1, 1 ]
    },
    "firstperson_lefthand": {
        "rotation": [ 0, 71, 0 ],
        "translation": [ 0.56, 4.16, -5.67 ],
        "scale": [ 1, 1, 1 ]
    },
    "gui": {
        "rotation": [ 0, 0, -40 ],
        "translation": [ 0.19, 1.7, 0.57 ],
        "scale": [ 0.5, 0.5, 0.5 ]
    }
}
}