{
    "parent": "item/handheld",
	"textures": {
        "layer0": "items/diamond_hoe"
    },
        "overrides": [
                { "predicate": {"damaged": 0, "damage": 0.0006}, "model": "gun/ak47/ak47-1"},
                { "predicate": {"damaged": 0, "damage": 0.0012}, "model": "gun/ak47/ak47-2"},
                { "predicate": {"damaged": 0, "damage": 0.0019}, "model": "gun/ak47/ak47-3"},
                { "predicate": {"damaged": 0, "damage": 0.0025}, "model": "gun/ak47/ak47-4"},
                { "predicate": {"damaged": 0, "damage": 0.0032}, "model": "gun/ak47/ak47-5"},
                { "predicate": {"damaged": 0, "damage": 0.0038}, "model": "gun/ak47/ak47-6"},
                { "predicate": {"damaged": 0, "damage": 0.0044}, "model": "gun/ak47/ak47-7"},
                { "predicate": {"damaged": 0, "damage": 0.0051}, "model": "gun/ak47/ak47-8"},
                { "predicate": { "damage": 0.0057}, "model": "gun/ak47/ak47-9"},
                { "predicate": { "damage": 0.0064}, "model": "gun/ak47/ak47-10"},
                { "predicate": { "damage": 0.0070}, "model": "gun/awp/awp-1"},
                { "predicate": { "damage": 0.0076}, "model": "gun/awp/awp-2"},
                { "predicate": { "damage": 0.0083}, "model": "gun/awp/awp-3"},
                { "predicate": { "damage": 0.0089}, "model": "gun/awp/awp-4"},
                { "predicate": { "damage": 0.0096}, "model": "gun/awp/awp-5"},
                { "predicate": { "damage": 0.0102}, "model": "gun/awp/awp-6"},
                { "predicate": { "damage": 0.0108}, "model": "gun/awp/awp-7"},
                { "predicate": { "damage": 0.0115}, "model": "gun/awp/awp-8"},
                { "predicate": { "damage": 0.0121}, "model": "gun/awp/awp-9"},
                { "predicate": { "damage": 0.0128}, "model": "gun/awp/awp-10"},
                { "predicate": { "damage": 0.0134}, "model": "gun/mp7/mp7"},
                { "predicate": { "damage": 0.0140}, "model": "gun/mp7/mp7sky"},
                { "predicate": { "damage": 0.0147}, "model": "gun/mp7/mp7gdragon"},
                { "predicate": { "damage": 0.0153}, "model": "gun/mp7/mp7light"},
                { "predicate": { "damage": 0.0160}, "model": "gun/mp7/mp7sun"},
                { "predicate": { "damage": 0.0166}, "model": "gun/mp7/mp7moon"},
                { "predicate": { "damage": 0.0172}, "model": "gun/mp7/mp7rb"},
                { "predicate": { "damage": 0.0179}, "model": "gun/mp7/mp7cglass"},
                { "predicate": { "damage": 0.0185}, "model": "gun/mp7/mp7greenf"},
                { "predicate": { "damage": 0.0192}, "model": "gun/mp7/mp7newyear"},
                { "predicate": { "damage": 0.0198}, "model": "gun/hs/heavy_sniper-1"},
                { "predicate": { "damage": 0.0204}, "model": "gun/hs/heavy_sniper-2"},
                { "predicate": { "damage": 0.0211}, "model": "gun/hs/heavy_sniper-3"},
                { "predicate": { "damage": 0.0217}, "model": "gun/hs/heavy_sniper-4"},
                { "predicate": { "damage": 0.0224}, "model": "gun/hs/heavy_sniper-5"},
                { "predicate": { "damage": 0.0230}, "model": "gun/hs/heavy_sniper-6"},
                { "predicate": { "damage": 0.0237}, "model": "gun/hs/heavy_sniper-7"},
                { "predicate": { "damage": 0.0243}, "model": "gun/hs/heavy_sniper-8"},
                { "predicate": { "damage": 0.0249}, "model": "gun/hs/heavy_sniper-9"},
                { "predicate": { "damage": 0.0256}, "model": "gun/hs/heavy_sniper-10"},
                { "predicate": { "damage": 0.0262}, "model": "knife/knife/knife-1"},
                { "predicate": { "damage": 0.0269}, "model": "knife/knife/knife-2"},
                { "predicate": { "damage": 0.0275}, "model": "knife/knife/knife-3"},
                { "predicate": { "damage": 0.0281}, "model": "knife/knife/knife-4"},
                { "predicate": { "damage": 0.0288}, "model": "knife/knife/knife-5"},
                { "predicate": { "damage": 0.0294}, "model": "knife/knife/knife-6"},
                { "predicate": { "damage": 0.0301}, "model": "knife/knife/knife-7"},
                { "predicate": { "damage": 0.0307}, "model": "knife/knife/knife-8"},
                { "predicate": { "damage": 0.0313}, "model": "knife/knife/knife-9"},
                { "predicate": { "damage": 0.0320}, "model": "knife/knife/knife-10"},
                { "predicate": { "damage": 0.0326}, "model": "ls/ls-1"},
                { "predicate": { "damage": 0.0333}, "model": "ls/ls-2"},
                { "predicate": { "damage": 0.0339}, "model": "ls/ls-3"},
                { "predicate": { "damage": 0.0345}, "model": "ls/ls-4"},
                { "predicate": { "damage": 0.0352}, "model": "ls/ls-5"},
                { "predicate": { "damage": 0.0358}, "model": "ls/ls-6"},
                { "predicate": { "damage": 0.0365}, "model": "ls/ls-7"},
                { "predicate": { "damage": 0.0371}, "model": "ls/ls-8"},
                { "predicate": { "damage": 0.0377}, "model": "ls/ls-9"},
                { "predicate": { "damage": 0.0384}, "model": "ls/ls-10"},
                { "predicate": { "damage": 0.0390}, "model": "gun/cpdw/cpdw-1"},
                { "predicate": { "damage": 0.0397}, "model": "gun/cpdw/cpdw-2"},
                { "predicate": { "damage": 0.0403}, "model": "gun/cpdw/cpdw-3"},
                { "predicate": { "damage": 0.0409}, "model": "gun/cpdw/cpdw-4"},
                { "predicate": { "damage": 0.0416}, "model": "gun/cpdw/cpdw-5"},
                { "predicate": { "damage": 0.0422}, "model": "gun/cpdw/cpdw-6"},
                { "predicate": { "damage": 0.0429}, "model": "gun/cpdw/cpdw-7"},
                { "predicate": { "damage": 0.0435}, "model": "gun/cpdw/cpdw-8"},
                { "predicate": { "damage": 0.0441}, "model": "gun/cpdw/cpdw-9"},
                { "predicate": { "damage": 0.0448}, "model": "gun/cpdw/cpdw-10"},
                { "predicate": { "damage": 0.0454}, "model": "gun/m9/m9-1"},
                { "predicate": { "damage": 0.0461}, "model": "gun/m9/m9-2"},
                { "predicate": { "damage": 0.0467}, "model": "gun/m9/m9-3"},
                { "predicate": { "damage": 0.0473}, "model": "gun/m9/m9-4"},
                { "predicate": { "damage": 0.0480}, "model": "gun/m9/m9-5"},
                { "predicate": { "damage": 0.0486}, "model": "gun/m9/m9-6"},
                { "predicate": { "damage": 0.0493}, "model": "gun/m9/m9-7"},
                { "predicate": { "damage": 0.0499}, "model": "gun/m9/m9-8"},
                { "predicate": { "damage": 0.0505}, "model": "gun/m9/m9-9"},
                { "predicate": { "damage": 0.0512}, "model": "gun/m9/m9-10"},
                { "predicate": { "damage": 0.0518}, "model": "knife/gsword/gsword-1"},
                { "predicate": { "damage": 0.0525}, "model": "knife/gsword/gsword-2"},
                { "predicate": { "damage": 0.0531}, "model": "knife/gsword/gsword-3"},
                { "predicate": { "damage": 0.0537}, "model": "knife/gsword/gsword-4"},
                { "predicate": { "damage": 0.0544}, "model": "knife/gsword/gsword-5"},
                { "predicate": { "damage": 0.0550}, "model": "knife/gsword/gsword-6"},
                { "predicate": { "damage": 0.0557}, "model": "knife/gsword/gsword-7"},
                { "predicate": { "damage": 0.0563}, "model": "knife/gsword/gsword-8"},
                { "predicate": { "damage": 0.0569}, "model": "knife/gsword/gsword-9"},
                { "predicate": { "damage": 0.0576}, "model": "knife/gsword/gsword-10"},
                { "predicate": { "damage": 0.0582}, "model": "sp/miku"},
                { "predicate": { "damage": 0.0589}, "model": "sp/graves"},
                { "predicate": { "damage": 0.0595}, "model": "sp/excalibur"},
                { "predicate": { "damage": 0.0601}, "model": "sp/excalibur2"},
                { "predicate": { "damage": 0.0608}, "model": "sp/newyearw"},
                { "predicate": { "damage": 0.0614}, "model": "sp/newyear2"},
                { "predicate": { "damage": 0.0621}, "model": "sp/ny_ak47"},
                { "predicate": { "damage": 0.0627}, "model": "sp/ny_awp"},
                { "predicate": { "damage": 0.0633}, "model": "sp/ny_m9"},
                { "predicate": { "damage": 0.0640}, "model": "sp/dualm9"},
                { "predicate": { "damage": 0.0646}, "model": "gun/97s/97s-1"},
                { "predicate": { "damage": 0.0653}, "model": "gun/97s/97s-2"},
                { "predicate": { "damage": 0.0659}, "model": "gun/97s/97s-3"},
                { "predicate": { "damage": 0.0665}, "model": "gun/97s/97s-4"},
                { "predicate": { "damage": 0.0672}, "model": "gun/97s/97s-5"},
                { "predicate": { "damage": 0.0678}, "model": "gun/97s/97s-6"},
                { "predicate": { "damage": 0.0685}, "model": "gun/97s/97s-7"},
                { "predicate": { "damage": 0.0691}, "model": "gun/97s/97s-8"},
                { "predicate": { "damage": 0.0697}, "model": "gun/97s/97s-9"},
                { "predicate": { "damage": 0.0704}, "model": "gun/97s/97s-10"},
                { "predicate": { "damage": 0.0710}, "model": "dd/m9"},
                { "predicate": { "damage": 0.0717}, "model": "dd/m82a1"},
                { "predicate": { "damage": 0.0723}, "model": "dd/m93r"},
                { "predicate": { "damage": 0.0729}, "model": "dd/m249"},
                { "predicate": { "damage": 0.0736}, "model": "dd/mp7"},
                { "predicate": { "damage": 0.0742}, "model": "dd/nova"},
                { "predicate": { "damage": 0.0749}, "model": "dd/p90"},
                { "predicate": { "damage": 0.0755}, "model": "dd/scar20"},
                { "predicate": { "damage": 0.0761}, "model": "dd/sg553"},
                { "predicate": { "damage": 0.0768}, "model": "dd/ssg08"},
                { "predicate": { "damage": 0.0774}, "model": "dd/thompson"},
                { "predicate": { "damage": 0.0781}, "model": "dd/ump45"},
                { "predicate": { "damage": 0.0787}, "model": "dd/usps"},
                { "predicate": { "damage": 0.0793}, "model": "dd/wa2000"},
                { "predicate": { "damage": 0.0800}, "model": "dd/zb26"},
                { "predicate": { "damage": 0.0806}, "model": "dd/l115a3w1"},
                { "predicate": { "damage": 0.0813}, "model": "dd/l115a3w2"},
                { "predicate": { "damage": 0.0819}, "model": "dd/l115a3wood1"},
                { "predicate": { "damage": 0.0825}, "model": "dd/m4a4black1"},
                { "predicate": { "damage": 0.0832}, "model": "dd/m4a4black2"},
                { "predicate": { "damage": 0.0838}, "model": "knife/bk1"},
                { "predicate": { "damage": 0.0845}, "model": "knife/saok"},
                { "predicate": { "damage": 0.0851}, "model": "skin/ak47b1"},
                { "predicate": { "damage": 0.0857}, "model": "skin/ak47b1rl"},
                { "predicate": { "damage": 0.0864}, "model": "skin/ak47bl1"},
                { "predicate": { "damage": 0.08706786171574904}, "model": "bp/ak47"},
                { "predicate": { "damage": 0.08770806658130602}, "model": "bp/p2000"},
                { "predicate": { "damage": 0.088348271446863}, "model": "skin/ak47bl2rl"},
                { "predicate": { "damage": 0.08898847631241998}, "model": "skin/ak47g1"},
                { "predicate": { "damage": 0.08962868117797695}, "model": "skin/ak47g1rl"},
                { "predicate": { "damage": 0.09026888604353393}, "model": "skin/ak47g2"},
                { "predicate": { "damage": 0.09090909090909091}, "model": "skin/ak47g2rl"},
                { "predicate": { "damage": 0.09154929577464789}, "model": "skin/ak47p1"},
                { "predicate": { "damage": 0.09218950064020487}, "model": "skin/ak47p1rl"},
                { "predicate": { "damage": 0.09282970550576183}, "model": "skin/ak47p2"},
                { "predicate": { "damage": 0.09346991037131881}, "model": "skin/ak47p2rl"},
                { "predicate": { "damage": 0.09411011523687579}, "model": "skin/ak47p3"},
                { "predicate": { "damage": 0.09475032010243277}, "model": "skin/ak47p3rl"},
                { "predicate": { "damage": 0.09539052496798975}, "model": "skin/ak47p4"},
                { "predicate": { "damage": 0.09603072983354673}, "model": "skin/ak47p4rl"},
                { "predicate": { "damage": 0.0966709346991037}, "model": "skin/ak47r1"},
                { "predicate": { "damage": 0.09731113956466068}, "model": "skin/ak47r1rl"},
                { "predicate": { "damage": 0.09795134443021766}, "model": "knife/sword1"},
                { "predicate": { "damage": 0.09859154929577464}, "model": "knife/sword2"},
                { "predicate": { "damage": 0.09923175416133162}, "model": "knife/sword3"},
                { "predicate": { "damage": 0.0998719590268886}, "model": "knife/sword4"},
                { "predicate": { "damage": 0.10051216389244558}, "model": "knife/sword5"},
                { "predicate": { "damage": 0.10115236875800256}, "model": "knife/wcs"},
                { "predicate": { "damage": 0.10179257362355953}, "model": "knife/ca1"},
                { "predicate": { "damage": 0.10243277848911651}, "model": "knife/ca2"},
                { "predicate": { "damage": 0.10307298335467349}, "model": "knife/ca3"},
                { "predicate": { "damage": 0.10371318822023047}, "model": "knife/brbt"},
                { "predicate": { "damage": 0.10435339308578745}, "model": "skin/57bl1"},
                { "predicate": { "damage": 0.10499359795134443}, "model": "skin/57bl1rl"},
                { "predicate": { "damage": 0.1056338028169014}, "model": "skin/57r1"},
                { "predicate": { "damage": 0.10627400768245839}, "model": "skin/57r1rl"},
                { "predicate": { "damage": 0.10691421254801536}, "model": "skin/57r2"},
                { "predicate": { "damage": 0.10755441741357234}, "model": "skin/57r2rl"},
                { "predicate": { "damage": 0.10819462227912932}, "model": "skin/57r3"},
                { "predicate": { "damage": 0.1088348271446863}, "model": "skin/57r3rl"},
                { "predicate": { "damage": 0.10947503201024328}, "model": "skin/57r4"},
                { "predicate": { "damage": 0.11011523687580026}, "model": "skin/57r4rl"},
                { "predicate": { "damage": 0.11075544174135724}, "model": "skin/57s1"},
                { "predicate": { "damage": 0.11139564660691421}, "model": "skin/57s1rl"},
                { "predicate": { "damage": 0.11203585147247119}, "model": "skin/57w1"},
                { "predicate": { "damage": 0.11267605633802816}, "model": "skin/57w1rl"},
                { "predicate": { "damage": 0.11331626120358514}, "model": "skin/57w2"},
                { "predicate": { "damage": 0.11395646606914211}, "model": "skin/57w2rl"},
                { "predicate": { "damage": 0.1145966709346991}, "model": "skin/aa12b1"},
                { "predicate": { "damage": 0.11523687580025607}, "model": "skin/aa12b1rl"},
                { "predicate": { "damage": 0.11587708066581305}, "model": "skin/aa12g1"},
                { "predicate": { "damage": 0.11651728553137003}, "model": "skin/aa12g1rl"},
                { "predicate": { "damage": 0.11715749039692701}, "model": "skin/aa12g2"},
                { "predicate": { "damage": 0.11779769526248399}, "model": "skin/aa12g2rl"},
                { "predicate": { "damage": 0.11843790012804097}, "model": "skin/aa12g3"},
                { "predicate": { "damage": 0.11907810499359794}, "model": "skin/aa12g3rl"},
                { "predicate": { "damage": 0.11971830985915492}, "model": "skin/aa12g4"},
                { "predicate": { "damage": 0.1203585147247119}, "model": "skin/aa12g4rl"},
                { "predicate": { "damage": 0.12099871959026888}, "model": "skin/aa12gl1"},
                { "predicate": { "damage": 0.12163892445582586}, "model": "skin/aa12gl1rl"},
                { "predicate": { "damage": 0.12227912932138284}, "model": "skin/aa12p1"},
                { "predicate": { "damage": 0.12291933418693982}, "model": "skin/aa12p1rl"},
                { "predicate": { "damage": 0.1235595390524968}, "model": "skin/aa12r1"},
                { "predicate": { "damage": 0.12419974391805377}, "model": "skin/aa12r1rl"},
                { "predicate": { "damage": 0.12483994878361075}, "model": "skin/aa12s1"},
                { "predicate": { "damage": 0.12548015364916773}, "model": "skin/aa12s1rl"},
                { "predicate": { "damage": 0.1261203585147247}, "model": "skin/augr1"},
                { "predicate": { "damage": 0.1267605633802817}, "model": "skin/augr1rl"},
                { "predicate": { "damage": 0.12740076824583865}, "model": "skin/augr2"},
                { "predicate": { "damage": 0.12804097311139565}, "model": "skin/augr2rl"},
                { "predicate": { "damage": 0.1286811779769526}, "model": "skin/augr3"},
                { "predicate": { "damage": 0.1293213828425096}, "model": "skin/augr3rl"},
                { "predicate": { "damage": 0.12996158770806657}, "model": "skin/augr4"},
                { "predicate": { "damage": 0.13060179257362356}, "model": "skin/augr4rl"},
                { "predicate": { "damage": 0.13124199743918052}, "model": "skin/augr5"},
                { "predicate": { "damage": 0.13188220230473752}, "model": "skin/augr5rl"},
                { "predicate": { "damage": 0.13252240717029448}, "model": "skin/augrb1"},
                { "predicate": { "damage": 0.13316261203585147}, "model": "skin/augrb1rl"},
                { "predicate": { "damage": 0.13380281690140844}, "model": "skin/augrb2"},
                { "predicate": { "damage": 0.13444302176696543}, "model": "skin/augrb2rl"},
                { "predicate": { "damage": 0.1350832266325224}, "model": "skin/ak47r2"},
                { "predicate": { "damage": 0.1357234314980794}, "model": "skin/ak47r2rl"},
                { "predicate": { "damage": 0.13636363636363635}, "model": "m/6"},
                { "predicate": { "damage": 0.13700384122919335}, "model": "hats/1"},
                { "predicate": { "damage": 0.1376440460947503}, "model": "hats/2"},
                { "predicate": { "damage": 0.1382842509603073}, "model": "hats/3"},
                { "predicate": { "damage": 0.13892445582586427}, "model": "hats/4"},
                { "predicate": { "damage": 0.13956466069142126}, "model": "hats/5"},
                { "predicate": { "damage": 0.14020486555697823}, "model": "hats/6"},
                { "predicate": { "damage": 0.14084507042253522}, "model": "hats/7"},
                { "predicate": { "damage": 0.14148527528809218}, "model": "hats/8"},
                { "predicate": { "damage": 0.14212548015364918}, "model": "hats/9"},
                { "predicate": { "damage": 0.14276568501920614}, "model": "hats/10"},
                { "predicate": { "damage": 0.1434058898847631}, "model": "hats/11"},
                { "predicate": { "damage": 0.1440460947503201}, "model": "hats/12"},
                { "predicate": { "damage": 0.14468629961587706}, "model": "hats/13"},
                { "predicate": { "damage": 0.14532650448143405}, "model": "guns/vp90"},
                { "predicate": { "damage": 0.14596670934699102}, "model": "guns/vp90rl"},
                { "predicate": { "damage": 0.146606914212548}, "model": "m/1"},
                { "predicate": { "damage": 0.14724711907810498}, "model": "m/2"},
                { "predicate": { "damage": 0.14788732394366197}, "model": "m/3"},
                { "predicate": { "damage": 0.14852752880921893}, "model": "m/4"},
                { "predicate": { "damage": 0.14916773367477593}, "model": "m/5"},
                { "predicate": { "damage": 0.1498079385403329}, "model": "guns/bow"},
                { "predicate": { "damage": 0.15044814340588988}, "model": "knife/tokyo"},
                { "predicate": { "damage": 0.15108834827144685}, "model": "guns/sj"},
                { "predicate": { "damage": 0.15172855313700384}, "model": "guns/gs"},
                { "predicate": { "damage": 0.1523687580025608}, "model": "guns/awphb"},
                { "predicate": { "damage": 0.1530089628681178}, "model": "guns/awphbrl"},
                { "predicate": { "damage": 0.15364916773367476}, "model": "knife/gk"},
                { "predicate": { "damage": 0.15428937259923176}, "model": "guns/bmineral1"},
                { "predicate": { "damage": 0.15492957746478872}, "model": "guns/bmineral2"},
                { "predicate": { "damage": 0.1555697823303457}, "model": "guns/bmineral3"},
                { "predicate": { "damage": 0.15620998719590268}, "model": "guns/bmineral4"},
                { "predicate": { "damage": 0.15685019206145967}, "model": "guns/bmineral5"},
                { "predicate": { "damage": 0.15749039692701663}, "model": "guns/hkt"},
                { "predicate": { "damage": 0.15813060179257363}, "model": "guns/hktrl"},
                { "predicate": { "damage": 0.1587708066581306}, "model": "guns/g18mode1"},
                { "predicate": { "damage": 0.15941101152368758}, "model": "guns/g18mode1rl"},
                { "predicate": { "damage": 0.16005121638924455}, "model": "guns/g18mode2"},
                { "predicate": { "damage": 0.16069142125480154}, "model": "guns/g18mode2rl"},
                { "predicate": { "damage": 0.1613316261203585}, "model": "guns/g18mode3"},
                { "predicate": { "damage": 0.1619718309859155}, "model": "guns/g18mode3rl"},
                { "predicate": { "damage": 0.16261203585147246}, "model": "knife/brbt2"},
                { "predicate": { "damage": 0.16325224071702946}, "model": "knife/sword6"},
                { "predicate": { "damage": 0.16389244558258642}, "model": "guns/glock34"},
                { "predicate": { "damage": 0.16453265044814339}, "model": "guns/glock34rl"},
                { "predicate": { "damage": 0.16517285531370038}, "model": "guns/glock34tti"},
                { "predicate": { "damage": 0.16581306017925734}, "model": "guns/glock34ttirl"},
                { "predicate": { "damage": 0.16645326504481434}, "model": "knife/saok2"},
                { "predicate": { "damage": 0.1670934699103713}, "model": "skin/ak47an1"},
                { "predicate": { "damage": 0.1677336747759283}, "model": "skin/ak47an1rl"},
                { "predicate": { "damage": 0.16837387964148526}, "model": "skin/m4a4an1"},
                { "predicate": { "damage": 0.16901408450704225}, "model": "skin/m4a4an1rl"},
                { "predicate": { "damage": 0.16965428937259922}, "model": "skin/cz75b1"},
                { "predicate": { "damage": 0.1702944942381562}, "model": "skin/cz75b1rl"},
                { "predicate": { "damage": 0.17093469910371317}, "model": "skin/cz75bl1"},
                { "predicate": { "damage": 0.17157490396927016}, "model": "skin/cz75bl1rl"},
                { "predicate": { "damage": 0.17221510883482713}, "model": "skin/cz75bl2"},
                { "predicate": { "damage": 0.17285531370038412}, "model": "skin/cz75bl2rl"},
                { "predicate": { "damage": 0.1734955185659411}, "model": "skin/cz75bl3"},
                { "predicate": { "damage": 0.17413572343149808}, "model": "skin/cz75bl3rl"},
                { "predicate": { "damage": 0.17477592829705504}, "model": "skin/cz75g1"},
                { "predicate": { "damage": 0.17541613316261204}, "model": "skin/cz75g1rl"},
                { "predicate": { "damage": 0.176056338028169}, "model": "skin/cz75g2"},
                { "predicate": { "damage": 0.176696542893726}, "model": "skin/cz75g2rl"},
                { "predicate": { "damage": 0.17733674775928296}, "model": "skin/cz75p3"},
                { "predicate": { "damage": 0.17797695262483995}, "model": "skin/cz75p3rl"},
                { "predicate": { "damage": 0.17861715749039692}, "model": "guns/m4a1shb"},
                { "predicate": { "damage": 0.1792573623559539}, "model": "guns/m4a1shbrl"},
                { "predicate": { "damage": 0.17989756722151087}, "model": "guns/dehb"},
                { "predicate": { "damage": 0.18053777208706787}, "model": "guns/dehbrl"},
                { "predicate": { "damage": 0.18117797695262483}, "model": "guns/zesu"},
                { "predicate": { "damage": 0.18181818181818182}, "model": "item/diamond_hoe283"},
                { "predicate": { "damage": 0.1824583866837388}, "model": "item/diamond_hoe284"},
                { "predicate": { "damage": 0.18309859154929578}, "model": "item/diamond_hoe285"},
                { "predicate": { "damage": 0.18373879641485275}, "model": "item/diamond_hoe286"},
                { "predicate": { "damage": 0.18437900128040974}, "model": "item/diamond_hoe287"},
                { "predicate": { "damage": 0.1850192061459667}, "model": "item/diamond_hoe288"},
                { "predicate": { "damage": 0.18565941101152367}, "model": "item/diamond_hoe289"},
                { "predicate": { "damage": 0.18629961587708066}, "model": "item/diamond_hoe290"},
                { "predicate": { "damage": 0.18693982074263762}, "model": "item/diamond_hoe291"},
                { "predicate": { "damage": 0.18758002560819462}, "model": "item/diamond_hoe292"},
                { "predicate": { "damage": 0.18822023047375158}, "model": "item/diamond_hoe293"},
                { "predicate": { "damage": 0.18886043533930857}, "model": "item/diamond_hoe294"},
                { "predicate": { "damage": 0.18950064020486554}, "model": "item/diamond_hoe295"},
                { "predicate": { "damage": 0.19014084507042253}, "model": "item/diamond_hoe296"},
                { "predicate": { "damage": 0.1907810499359795}, "model": "item/diamond_hoe297"},
                { "predicate": { "damage": 0.1914212548015365}, "model": "item/diamond_hoe298"},
                { "predicate": { "damage": 0.19206145966709345}, "model": "item/diamond_hoe299"},
                { "predicate": { "damage": 0.19270166453265045}, "model": "hammer/wooden"},
                { "predicate": { "damage": 0.1933418693982074}, "model": "hammer/stone"},
                { "predicate": { "damage": 0.1939820742637644}, "model": "hammer/gold"},
                { "predicate": { "damage": 0.19462227912932137}, "model": "hammer/pt"},
                { "predicate": { "damage": 0.19526248399487836}, "model": "hammer/rb"},
                { "predicate": { "damage": 0.19590268886043533}, "model": "item/diamond_hoe305"},
                { "predicate": { "damage": 0.19654289372599232}, "model": "item/diamond_hoe306"},
                { "predicate": { "damage": 0.19718309859154928}, "model": "item/diamond_hoe307"},
                { "predicate": { "damage": 0.19782330345710628}, "model": "item/diamond_hoe308"},
                { "predicate": { "damage": 0.19846350832266324}, "model": "item/diamond_hoe309"},
                { "predicate": { "damage": 0.19910371318822023}, "model": "item/diamond_hoe310"},
                { "predicate": { "damage": 0.1997439180537772}, "model": "item/diamond_hoe311"},
                { "predicate": { "damage": 0.2003841229193342}, "model": "item/diamond_hoe312"},
                { "predicate": { "damage": 0.20102432778489115}, "model": "item/diamond_hoe313"},
                { "predicate": { "damage": 0.20166453265044815}, "model": "item/diamond_hoe314"},
                { "predicate": { "damage": 0.2023047375160051}, "model": "item/diamond_hoe315"},
                { "predicate": { "damage": 0.2029449423815621}, "model": "item/diamond_hoe316"},
                { "predicate": { "damage": 0.20358514724711907}, "model": "item/diamond_hoe317"},
                { "predicate": { "damage": 0.20422535211267606}, "model": "item/diamond_hoe318"},
                { "predicate": { "damage": 0.20486555697823303}, "model": "item/diamond_hoe319"},
                { "predicate": { "damage": 0.20550576184379}, "model": "item/diamond_hoe320"},
                { "predicate": { "damage": 0.20614596670934698}, "model": "item/diamond_hoe321"},
                { "predicate": { "damage": 0.20678617157490395}, "model": "item/diamond_hoe322"},
                { "predicate": { "damage": 0.20742637644046094}, "model": "item/diamond_hoe323"},
                { "predicate": { "damage": 0.2080665813060179}, "model": "item/diamond_hoe324"},
                { "predicate": { "damage": 0.2087067861715749}, "model": "item/diamond_hoe325"},
                { "predicate": { "damage": 0.20934699103713186}, "model": "item/diamond_hoe326"},
                { "predicate": { "damage": 0.20998719590268886}, "model": "item/diamond_hoe327"},
                { "predicate": { "damage": 0.21062740076824582}, "model": "item/diamond_hoe328"},
                { "predicate": { "damage": 0.2112676056338028}, "model": "item/diamond_hoe329"},
                { "predicate": { "damage": 0.21190781049935978}, "model": "item/diamond_hoe330"},
                { "predicate": { "damage": 0.21254801536491677}, "model": "item/diamond_hoe331"},
                { "predicate": { "damage": 0.21318822023047374}, "model": "item/diamond_hoe332"},
                { "predicate": { "damage": 0.21382842509603073}, "model": "item/diamond_hoe333"},
                { "predicate": { "damage": 0.2144686299615877}, "model": "item/diamond_hoe334"},
                { "predicate": { "damage": 0.21510883482714468}, "model": "item/diamond_hoe335"},
                { "predicate": { "damage": 0.21574903969270165}, "model": "item/diamond_hoe336"},
                { "predicate": { "damage": 0.21638924455825864}, "model": "item/diamond_hoe337"},
                { "predicate": { "damage": 0.2170294494238156}, "model": "item/diamond_hoe338"},
                { "predicate": { "damage": 0.2176696542893726}, "model": "item/diamond_hoe339"},
                { "predicate": { "damage": 0.21830985915492956}, "model": "item/diamond_hoe340"},
                { "predicate": { "damage": 0.21895006402048656}, "model": "item/diamond_hoe341"},
                { "predicate": { "damage": 0.21959026888604352}, "model": "item/diamond_hoe342"},
                { "predicate": { "damage": 0.22023047375160051}, "model": "item/diamond_hoe343"},
                { "predicate": { "damage": 0.22087067861715748}, "model": "item/diamond_hoe344"},
                { "predicate": { "damage": 0.22151088348271447}, "model": "item/diamond_hoe345"},
                { "predicate": { "damage": 0.22215108834827144}, "model": "item/diamond_hoe346"},
                { "predicate": { "damage": 0.22279129321382843}, "model": "item/diamond_hoe347"},
                { "predicate": { "damage": 0.2234314980793854}, "model": "item/diamond_hoe348"},
                { "predicate": { "damage": 0.22407170294494239}, "model": "hats/sunglasses"},
                { "predicate": { "damage": 0.22471190781049935}, "model": "item/diamond_hoe350"},
                { "predicate": { "damage": 0.22535211267605632}, "model": "item/diamond_hoe351"},
                { "predicate": { "damage": 0.2259923175416133}, "model": "item/diamond_hoe352"},
                { "predicate": { "damage": 0.22663252240717027}, "model": "item/diamond_hoe353"},
                { "predicate": { "damage": 0.22727272727272727}, "model": "item/diamond_hoe354"},
                { "predicate": { "damage": 0.22791293213828423}, "model": "item/diamond_hoe355"},
                { "predicate": { "damage": 0.22855313700384122}, "model": "item/diamond_hoe356"},
                { "predicate": { "damage": 0.2291933418693982}, "model": "item/diamond_hoe357"},
                { "predicate": { "damage": 0.22983354673495518}, "model": "item/diamond_hoe358"},
                { "predicate": { "damage": 0.23047375160051214}, "model": "item/diamond_hoe359"},
                { "predicate": { "damage": 0.23111395646606914}, "model": "item/diamond_hoe360"},
                { "predicate": { "damage": 0.2317541613316261}, "model": "item/diamond_hoe361"},
                { "predicate": { "damage": 0.2323943661971831}, "model": "item/diamond_hoe362"},
                { "predicate": { "damage": 0.23303457106274006}, "model": "item/diamond_hoe363"},
                { "predicate": { "damage": 0.23367477592829705}, "model": "item/diamond_hoe364"},
                { "predicate": { "damage": 0.23431498079385402}, "model": "item/diamond_hoe365"},
                { "predicate": { "damage": 0.234955185659411}, "model": "item/diamond_hoe366"},
                { "predicate": { "damage": 0.23559539052496797}, "model": "item/diamond_hoe367"},
                { "predicate": { "damage": 0.23623559539052497}, "model": "item/diamond_hoe368"},
                { "predicate": { "damage": 0.23687580025608193}, "model": "item/diamond_hoe369"},
                { "predicate": { "damage": 0.23751600512163892}, "model": "item/diamond_hoe370"},
                { "predicate": { "damage": 0.2381562099871959}, "model": "item/diamond_hoe371"},
                { "predicate": { "damage": 0.23879641485275288}, "model": "item/diamond_hoe372"},
                { "predicate": { "damage": 0.23943661971830985}, "model": "item/diamond_hoe373"},
                { "predicate": { "damage": 0.24007682458386684}, "model": "item/diamond_hoe374"},
                { "predicate": { "damage": 0.2407170294494238}, "model": "item/diamond_hoe375"},
                { "predicate": { "damage": 0.2413572343149808}, "model": "item/diamond_hoe376"},
                { "predicate": { "damage": 0.24199743918053776}, "model": "item/diamond_hoe377"},
                { "predicate": { "damage": 0.24263764404609475}, "model": "item/diamond_hoe378"},
                { "predicate": { "damage": 0.24327784891165172}, "model": "item/diamond_hoe379"},
                { "predicate": { "damage": 0.2439180537772087}, "model": "item/diamond_hoe380"},
                { "predicate": { "damage": 0.24455825864276567}, "model": "item/diamond_hoe381"},
                { "predicate": { "damage": 0.24519846350832267}, "model": "item/diamond_hoe382"},
                { "predicate": { "damage": 0.24583866837387963}, "model": "item/diamond_hoe383"},
                { "predicate": { "damage": 0.2464788732394366}, "model": "item/diamond_hoe384"},
                { "predicate": { "damage": 0.2471190781049936}, "model": "item/diamond_hoe385"},
                { "predicate": { "damage": 0.24775928297055055}, "model": "item/diamond_hoe386"},
                { "predicate": { "damage": 0.24839948783610755}, "model": "item/diamond_hoe387"},
                { "predicate": { "damage": 0.2490396927016645}, "model": "item/diamond_hoe388"},
                { "predicate": { "damage": 0.2496798975672215}, "model": "item/diamond_hoe389"},
                { "predicate": { "damage": 0.25032010243277847}, "model": "item/diamond_hoe390"},
                { "predicate": { "damage": 0.25096030729833546}, "model": "item/diamond_hoe391"},
                { "predicate": { "damage": 0.25160051216389245}, "model": "item/diamond_hoe392"},
                { "predicate": { "damage": 0.2522407170294494}, "model": "item/diamond_hoe393"},
                { "predicate": { "damage": 0.2528809218950064}, "model": "item/diamond_hoe394"},
                { "predicate": { "damage": 0.2535211267605634}, "model": "item/diamond_hoe395"},
                { "predicate": { "damage": 0.25416133162612037}, "model": "item/diamond_hoe396"},
                { "predicate": { "damage": 0.2548015364916773}, "model": "item/diamond_hoe397"},
                { "predicate": { "damage": 0.2554417413572343}, "model": "item/diamond_hoe398"},
                { "predicate": { "damage": 0.2560819462227913}, "model": "item/diamond_hoe399"},
                { "predicate": { "damage": 0.2567221510883483}, "model": "item/diamond_hoe400"},
                { "predicate": { "damage": 0.2573623559539052}, "model": "item/diamond_hoe401"},
                { "predicate": { "damage": 0.2580025608194622}, "model": "item/diamond_hoe402"},
                { "predicate": { "damage": 0.2586427656850192}, "model": "item/diamond_hoe403"},
                { "predicate": { "damage": 0.2592829705505762}, "model": "item/diamond_hoe404"},
                { "predicate": { "damage": 0.25992317541613313}, "model": "item/diamond_hoe405"},
                { "predicate": { "damage": 0.2605633802816901}, "model": "item/diamond_hoe406"},
                { "predicate": { "damage": 0.2612035851472471}, "model": "item/diamond_hoe407"},
                { "predicate": { "damage": 0.2618437900128041}, "model": "item/diamond_hoe408"},
                { "predicate": { "damage": 0.26248399487836105}, "model": "item/diamond_hoe409"},
                { "predicate": { "damage": 0.26312419974391804}, "model": "item/diamond_hoe410"},
                { "predicate": { "damage": 0.26376440460947503}, "model": "item/diamond_hoe411"},
                { "predicate": { "damage": 0.264404609475032}, "model": "item/diamond_hoe412"},
                { "predicate": { "damage": 0.26504481434058896}, "model": "item/diamond_hoe413"},
                { "predicate": { "damage": 0.26568501920614596}, "model": "item/diamond_hoe414"},
                { "predicate": { "damage": 0.26632522407170295}, "model": "item/diamond_hoe415"},
                { "predicate": { "damage": 0.2669654289372599}, "model": "item/diamond_hoe416"},
                { "predicate": { "damage": 0.2676056338028169}, "model": "item/diamond_hoe417"},
                { "predicate": { "damage": 0.26824583866837387}, "model": "item/diamond_hoe418"},
                { "predicate": { "damage": 0.26888604353393086}, "model": "item/diamond_hoe419"},
                { "predicate": { "damage": 0.2695262483994878}, "model": "item/diamond_hoe420"},
                { "predicate": { "damage": 0.2701664532650448}, "model": "item/diamond_hoe421"},
                { "predicate": { "damage": 0.2708066581306018}, "model": "item/diamond_hoe422"},
                { "predicate": { "damage": 0.2714468629961588}, "model": "item/diamond_hoe423"},
                { "predicate": { "damage": 0.2720870678617157}, "model": "item/diamond_hoe424"},
                { "predicate": { "damage": 0.2727272727272727}, "model": "item/diamond_hoe425"},
                { "predicate": { "damage": 0.2733674775928297}, "model": "item/diamond_hoe426"},
                { "predicate": { "damage": 0.2740076824583867}, "model": "item/diamond_hoe427"},
                { "predicate": { "damage": 0.27464788732394363}, "model": "item/diamond_hoe428"},
                { "predicate": { "damage": 0.2752880921895006}, "model": "item/diamond_hoe429"},
                { "predicate": { "damage": 0.2759282970550576}, "model": "item/diamond_hoe430"},
                { "predicate": { "damage": 0.2765685019206146}, "model": "item/diamond_hoe431"},
                { "predicate": { "damage": 0.27720870678617154}, "model": "item/diamond_hoe432"},
                { "predicate": { "damage": 0.27784891165172854}, "model": "item/diamond_hoe433"},
                { "predicate": { "damage": 0.27848911651728553}, "model": "item/diamond_hoe434"},
                { "predicate": { "damage": 0.2791293213828425}, "model": "item/diamond_hoe435"},
                { "predicate": { "damage": 0.27976952624839946}, "model": "item/diamond_hoe436"},
                { "predicate": { "damage": 0.28040973111395645}, "model": "item/diamond_hoe437"},
                { "predicate": { "damage": 0.28104993597951344}, "model": "item/diamond_hoe438"},
                { "predicate": { "damage": 0.28169014084507044}, "model": "item/diamond_hoe439"},
                { "predicate": { "damage": 0.2823303457106274}, "model": "item/diamond_hoe440"},
                { "predicate": { "damage": 0.28297055057618437}, "model": "item/diamond_hoe441"},
                { "predicate": { "damage": 0.28361075544174136}, "model": "item/diamond_hoe442"},
                { "predicate": { "damage": 0.28425096030729835}, "model": "item/diamond_hoe443"},
                { "predicate": { "damage": 0.2848911651728553}, "model": "item/diamond_hoe444"},
                { "predicate": { "damage": 0.2855313700384123}, "model": "item/diamond_hoe445"},
                { "predicate": { "damage": 0.2861715749039693}, "model": "item/diamond_hoe446"},
                { "predicate": { "damage": 0.2868117797695262}, "model": "item/diamond_hoe447"},
                { "predicate": { "damage": 0.2874519846350832}, "model": "item/diamond_hoe448"},
                { "predicate": { "damage": 0.2880921895006402}, "model": "item/diamond_hoe449"},
                { "predicate": { "damage": 0.2887323943661972}, "model": "item/diamond_hoe450"},
                { "predicate": { "damage": 0.2893725992317541}, "model": "item/diamond_hoe451"},
                { "predicate": { "damage": 0.2900128040973111}, "model": "item/diamond_hoe452"},
                { "predicate": { "damage": 0.2906530089628681}, "model": "item/diamond_hoe453"},
                { "predicate": { "damage": 0.2912932138284251}, "model": "item/diamond_hoe454"},
                { "predicate": { "damage": 0.29193341869398204}, "model": "item/diamond_hoe455"},
                { "predicate": { "damage": 0.29257362355953903}, "model": "item/diamond_hoe456"},
                { "predicate": { "damage": 0.293213828425096}, "model": "item/diamond_hoe457"},
                { "predicate": { "damage": 0.293854033290653}, "model": "item/diamond_hoe458"},
                { "predicate": { "damage": 0.29449423815620995}, "model": "item/diamond_hoe459"},
                { "predicate": { "damage": 0.29513444302176695}, "model": "item/diamond_hoe460"},
                { "predicate": { "damage": 0.29577464788732394}, "model": "item/diamond_hoe461"},
                { "predicate": { "damage": 0.29641485275288093}, "model": "item/diamond_hoe462"},
                { "predicate": { "damage": 0.29705505761843787}, "model": "item/diamond_hoe463"},
                { "predicate": { "damage": 0.29769526248399486}, "model": "item/diamond_hoe464"},
                { "predicate": { "damage": 0.29833546734955185}, "model": "item/diamond_hoe465"},
                { "predicate": { "damage": 0.29897567221510885}, "model": "item/diamond_hoe466"},
                { "predicate": { "damage": 0.2996158770806658}, "model": "item/diamond_hoe467"},
                { "predicate": { "damage": 0.3002560819462228}, "model": "item/diamond_hoe468"},
                { "predicate": { "damage": 0.30089628681177977}, "model": "item/diamond_hoe469"},
                { "predicate": { "damage": 0.30153649167733676}, "model": "item/diamond_hoe470"},
                { "predicate": { "damage": 0.3021766965428937}, "model": "item/diamond_hoe471"},
                { "predicate": { "damage": 0.3028169014084507}, "model": "item/diamond_hoe472"},
                { "predicate": { "damage": 0.3034571062740077}, "model": "item/diamond_hoe473"},
                { "predicate": { "damage": 0.3040973111395647}, "model": "item/diamond_hoe474"},
                { "predicate": { "damage": 0.3047375160051216}, "model": "item/diamond_hoe475"},
                { "predicate": { "damage": 0.3053777208706786}, "model": "item/diamond_hoe476"},
                { "predicate": { "damage": 0.3060179257362356}, "model": "item/diamond_hoe477"},
                { "predicate": { "damage": 0.3066581306017926}, "model": "item/diamond_hoe478"},
                { "predicate": { "damage": 0.3072983354673495}, "model": "item/diamond_hoe479"},
                { "predicate": { "damage": 0.3079385403329065}, "model": "item/diamond_hoe480"},
                { "predicate": { "damage": 0.3085787451984635}, "model": "item/diamond_hoe481"},
                { "predicate": { "damage": 0.30921895006402045}, "model": "item/diamond_hoe482"},
                { "predicate": { "damage": 0.30985915492957744}, "model": "item/diamond_hoe483"},
                { "predicate": { "damage": 0.31049935979513443}, "model": "item/diamond_hoe484"},
                { "predicate": { "damage": 0.3111395646606914}, "model": "item/diamond_hoe485"},
                { "predicate": { "damage": 0.31177976952624836}, "model": "item/diamond_hoe486"},
                { "predicate": { "damage": 0.31241997439180536}, "model": "item/diamond_hoe487"},
                { "predicate": { "damage": 0.31306017925736235}, "model": "item/diamond_hoe488"},
                { "predicate": { "damage": 0.31370038412291934}, "model": "item/diamond_hoe489"},
                { "predicate": { "damage": 0.3143405889884763}, "model": "item/diamond_hoe490"},
                { "predicate": { "damage": 0.31498079385403327}, "model": "item/diamond_hoe491"},
                { "predicate": { "damage": 0.31562099871959026}, "model": "item/diamond_hoe492"},
                { "predicate": { "damage": 0.31626120358514725}, "model": "item/diamond_hoe493"},
                { "predicate": { "damage": 0.3169014084507042}, "model": "item/diamond_hoe494"},
                { "predicate": { "damage": 0.3175416133162612}, "model": "item/diamond_hoe495"},
                { "predicate": { "damage": 0.3181818181818182}, "model": "item/diamond_hoe496"},
                { "predicate": { "damage": 0.31882202304737517}, "model": "item/diamond_hoe497"},
                { "predicate": { "damage": 0.3194622279129321}, "model": "item/diamond_hoe498"},
                { "predicate": { "damage": 0.3201024327784891}, "model": "item/diamond_hoe499"},
                { "predicate": { "damage": 0.3207426376440461}, "model": "item/diamond_hoe500"},
                { "predicate": { "damage": 0.3213828425096031}, "model": "item/diamond_hoe501"},
                { "predicate": { "damage": 0.32202304737516}, "model": "item/diamond_hoe502"},
                { "predicate": { "damage": 0.322663252240717}, "model": "item/diamond_hoe503"},
                { "predicate": { "damage": 0.323303457106274}, "model": "item/diamond_hoe504"},
                { "predicate": { "damage": 0.323943661971831}, "model": "item/diamond_hoe505"},
                { "predicate": { "damage": 0.32458386683738794}, "model": "item/diamond_hoe506"},
                { "predicate": { "damage": 0.32522407170294493}, "model": "item/diamond_hoe507"},
                { "predicate": { "damage": 0.3258642765685019}, "model": "item/diamond_hoe508"},
                { "predicate": { "damage": 0.3265044814340589}, "model": "item/diamond_hoe509"},
                { "predicate": { "damage": 0.32714468629961585}, "model": "item/diamond_hoe510"},
                { "predicate": { "damage": 0.32778489116517284}, "model": "item/diamond_hoe511"},
                { "predicate": { "damage": 0.32842509603072984}, "model": "item/diamond_hoe512"},
                { "predicate": { "damage": 0.32906530089628677}, "model": "item/diamond_hoe513"},
                { "predicate": { "damage": 0.32970550576184376}, "model": "item/diamond_hoe514"},
                { "predicate": { "damage": 0.33034571062740076}, "model": "item/diamond_hoe515"},
                { "predicate": { "damage": 0.33098591549295775}, "model": "item/diamond_hoe516"},
                { "predicate": { "damage": 0.3316261203585147}, "model": "item/diamond_hoe517"},
                { "predicate": { "damage": 0.3322663252240717}, "model": "item/diamond_hoe518"},
                { "predicate": { "damage": 0.33290653008962867}, "model": "item/diamond_hoe519"},
                { "predicate": { "damage": 0.33354673495518566}, "model": "item/diamond_hoe520"},
                { "predicate": { "damage": 0.3341869398207426}, "model": "item/diamond_hoe521"},
                { "predicate": { "damage": 0.3348271446862996}, "model": "item/diamond_hoe522"},
                { "predicate": { "damage": 0.3354673495518566}, "model": "item/diamond_hoe523"},
                { "predicate": { "damage": 0.3361075544174136}, "model": "item/diamond_hoe524"},
                { "predicate": { "damage": 0.3367477592829705}, "model": "item/diamond_hoe525"},
                { "predicate": { "damage": 0.3373879641485275}, "model": "item/diamond_hoe526"},
                { "predicate": { "damage": 0.3380281690140845}, "model": "item/diamond_hoe527"},
                { "predicate": { "damage": 0.3386683738796415}, "model": "item/diamond_hoe528"},
                { "predicate": { "damage": 0.33930857874519843}, "model": "item/diamond_hoe529"},
                { "predicate": { "damage": 0.3399487836107554}, "model": "item/diamond_hoe530"},
                { "predicate": { "damage": 0.3405889884763124}, "model": "item/diamond_hoe531"},
                { "predicate": { "damage": 0.3412291933418694}, "model": "item/diamond_hoe532"},
                { "predicate": { "damage": 0.34186939820742634}, "model": "item/diamond_hoe533"},
                { "predicate": { "damage": 0.34250960307298334}, "model": "item/diamond_hoe534"},
                { "predicate": { "damage": 0.34314980793854033}, "model": "item/diamond_hoe535"},
                { "predicate": { "damage": 0.3437900128040973}, "model": "item/diamond_hoe536"},
                { "predicate": { "damage": 0.34443021766965426}, "model": "item/diamond_hoe537"},
                { "predicate": { "damage": 0.34507042253521125}, "model": "item/diamond_hoe538"},
                { "predicate": { "damage": 0.34571062740076824}, "model": "item/diamond_hoe539"},
                { "predicate": { "damage": 0.34635083226632524}, "model": "item/diamond_hoe540"},
                { "predicate": { "damage": 0.3469910371318822}, "model": "item/diamond_hoe541"},
                { "predicate": { "damage": 0.34763124199743917}, "model": "item/diamond_hoe542"},
                { "predicate": { "damage": 0.34827144686299616}, "model": "item/diamond_hoe543"},
                { "predicate": { "damage": 0.3489116517285531}, "model": "item/diamond_hoe544"},
                { "predicate": { "damage": 0.3495518565941101}, "model": "item/diamond_hoe545"},
                { "predicate": { "damage": 0.3501920614596671}, "model": "item/diamond_hoe546"},
                { "predicate": { "damage": 0.3508322663252241}, "model": "item/diamond_hoe547"},
                { "predicate": { "damage": 0.351472471190781}, "model": "item/diamond_hoe548"},
                { "predicate": { "damage": 0.352112676056338}, "model": "item/diamond_hoe549"},
                { "predicate": { "damage": 0.352752880921895}, "model": "item/diamond_hoe550"},
                { "predicate": { "damage": 0.353393085787452}, "model": "item/diamond_hoe551"},
                { "predicate": { "damage": 0.3540332906530089}, "model": "item/diamond_hoe552"},
                { "predicate": { "damage": 0.3546734955185659}, "model": "item/diamond_hoe553"},
                { "predicate": { "damage": 0.3553137003841229}, "model": "item/diamond_hoe554"},
                { "predicate": { "damage": 0.3559539052496799}, "model": "item/diamond_hoe555"},
                { "predicate": { "damage": 0.35659411011523684}, "model": "item/diamond_hoe556"},
                { "predicate": { "damage": 0.35723431498079383}, "model": "item/diamond_hoe557"},
                { "predicate": { "damage": 0.3578745198463508}, "model": "item/diamond_hoe558"},
                { "predicate": { "damage": 0.3585147247119078}, "model": "item/diamond_hoe559"},
                { "predicate": { "damage": 0.35915492957746475}, "model": "item/diamond_hoe560"},
                { "predicate": { "damage": 0.35979513444302175}, "model": "item/diamond_hoe561"},
                { "predicate": { "damage": 0.36043533930857874}, "model": "item/diamond_hoe562"},
                { "predicate": { "damage": 0.36107554417413573}, "model": "item/diamond_hoe563"},
                { "predicate": { "damage": 0.36171574903969267}, "model": "item/diamond_hoe564"},
                { "predicate": { "damage": 0.36235595390524966}, "model": "item/diamond_hoe565"},
                { "predicate": { "damage": 0.36299615877080665}, "model": "item/diamond_hoe566"},
                { "predicate": { "damage": 0.36363636363636365}, "model": "item/diamond_hoe567"},
                { "predicate": { "damage": 0.3642765685019206}, "model": "item/diamond_hoe568"},
                { "predicate": { "damage": 0.3649167733674776}, "model": "item/diamond_hoe569"},
                { "predicate": { "damage": 0.36555697823303457}, "model": "item/diamond_hoe570"},
                { "predicate": { "damage": 0.36619718309859156}, "model": "item/diamond_hoe571"},
                { "predicate": { "damage": 0.3668373879641485}, "model": "item/diamond_hoe572"},
                { "predicate": { "damage": 0.3674775928297055}, "model": "item/diamond_hoe573"},
                { "predicate": { "damage": 0.3681177976952625}, "model": "item/diamond_hoe574"},
                { "predicate": { "damage": 0.3687580025608195}, "model": "item/diamond_hoe575"},
                { "predicate": { "damage": 0.3693982074263764}, "model": "item/diamond_hoe576"},
                { "predicate": { "damage": 0.3700384122919334}, "model": "item/diamond_hoe577"},
                { "predicate": { "damage": 0.3706786171574904}, "model": "item/diamond_hoe578"},
                { "predicate": { "damage": 0.37131882202304733}, "model": "item/diamond_hoe579"},
                { "predicate": { "damage": 0.3719590268886043}, "model": "item/diamond_hoe580"},
                { "predicate": { "damage": 0.3725992317541613}, "model": "item/diamond_hoe581"},
                { "predicate": { "damage": 0.3732394366197183}, "model": "item/diamond_hoe582"},
                { "predicate": { "damage": 0.37387964148527525}, "model": "item/diamond_hoe583"},
                { "predicate": { "damage": 0.37451984635083224}, "model": "item/diamond_hoe584"},
                { "predicate": { "damage": 0.37516005121638923}, "model": "item/diamond_hoe585"},
                { "predicate": { "damage": 0.3758002560819462}, "model": "item/diamond_hoe586"},
                { "predicate": { "damage": 0.37644046094750316}, "model": "item/diamond_hoe587"},
                { "predicate": { "damage": 0.37708066581306016}, "model": "item/diamond_hoe588"},
                { "predicate": { "damage": 0.37772087067861715}, "model": "item/diamond_hoe589"},
                { "predicate": { "damage": 0.37836107554417414}, "model": "item/diamond_hoe590"},
                { "predicate": { "damage": 0.3790012804097311}, "model": "item/diamond_hoe591"},
                { "predicate": { "damage": 0.37964148527528807}, "model": "item/diamond_hoe592"},
                { "predicate": { "damage": 0.38028169014084506}, "model": "item/diamond_hoe593"},
                { "predicate": { "damage": 0.38092189500640206}, "model": "item/diamond_hoe594"},
                { "predicate": { "damage": 0.381562099871959}, "model": "item/diamond_hoe595"},
                { "predicate": { "damage": 0.382202304737516}, "model": "item/diamond_hoe596"},
                { "predicate": { "damage": 0.382842509603073}, "model": "item/diamond_hoe597"},
                { "predicate": { "damage": 0.38348271446862997}, "model": "item/diamond_hoe598"},
                { "predicate": { "damage": 0.3841229193341869}, "model": "item/diamond_hoe599"},
                { "predicate": { "damage": 0.3847631241997439}, "model": "item/diamond_hoe600"},
                { "predicate": { "damage": 0.3854033290653009}, "model": "item/diamond_hoe601"},
                { "predicate": { "damage": 0.3860435339308579}, "model": "item/diamond_hoe602"},
                { "predicate": { "damage": 0.3866837387964148}, "model": "item/diamond_hoe603"},
                { "predicate": { "damage": 0.3873239436619718}, "model": "item/diamond_hoe604"},
                { "predicate": { "damage": 0.3879641485275288}, "model": "item/diamond_hoe605"},
                { "predicate": { "damage": 0.3886043533930858}, "model": "item/diamond_hoe606"},
                { "predicate": { "damage": 0.38924455825864274}, "model": "item/diamond_hoe607"},
                { "predicate": { "damage": 0.38988476312419973}, "model": "item/diamond_hoe608"},
                { "predicate": { "damage": 0.3905249679897567}, "model": "item/diamond_hoe609"},
                { "predicate": { "damage": 0.39116517285531366}, "model": "item/diamond_hoe610"},
                { "predicate": { "damage": 0.39180537772087065}, "model": "item/diamond_hoe611"},
                { "predicate": { "damage": 0.39244558258642764}, "model": "item/diamond_hoe612"},
                { "predicate": { "damage": 0.39308578745198464}, "model": "item/diamond_hoe613"},
                { "predicate": { "damage": 0.3937259923175416}, "model": "item/diamond_hoe614"},
                { "predicate": { "damage": 0.39436619718309857}, "model": "item/diamond_hoe615"},
                { "predicate": { "damage": 0.39500640204865556}, "model": "item/diamond_hoe616"},
                { "predicate": { "damage": 0.39564660691421255}, "model": "item/diamond_hoe617"},
                { "predicate": { "damage": 0.3962868117797695}, "model": "item/diamond_hoe618"},
                { "predicate": { "damage": 0.3969270166453265}, "model": "item/diamond_hoe619"},
                { "predicate": { "damage": 0.3975672215108835}, "model": "item/diamond_hoe620"},
                { "predicate": { "damage": 0.39820742637644047}, "model": "item/diamond_hoe621"},
                { "predicate": { "damage": 0.3988476312419974}, "model": "item/diamond_hoe622"},
                { "predicate": { "damage": 0.3994878361075544}, "model": "item/diamond_hoe623"},
                { "predicate": { "damage": 0.4001280409731114}, "model": "item/diamond_hoe624"},
                { "predicate": { "damage": 0.4007682458386684}, "model": "item/diamond_hoe625"},
                { "predicate": { "damage": 0.4014084507042253}, "model": "item/diamond_hoe626"},
                { "predicate": { "damage": 0.4020486555697823}, "model": "item/diamond_hoe627"},
                { "predicate": { "damage": 0.4026888604353393}, "model": "item/diamond_hoe628"},
                { "predicate": { "damage": 0.4033290653008963}, "model": "item/diamond_hoe629"},
                { "predicate": { "damage": 0.40396927016645323}, "model": "item/diamond_hoe630"},
                { "predicate": { "damage": 0.4046094750320102}, "model": "item/diamond_hoe631"},
                { "predicate": { "damage": 0.4052496798975672}, "model": "item/diamond_hoe632"},
                { "predicate": { "damage": 0.4058898847631242}, "model": "item/diamond_hoe633"},
                { "predicate": { "damage": 0.40653008962868115}, "model": "item/diamond_hoe634"},
                { "predicate": { "damage": 0.40717029449423814}, "model": "item/diamond_hoe635"},
                { "predicate": { "damage": 0.40781049935979513}, "model": "item/diamond_hoe636"},
                { "predicate": { "damage": 0.4084507042253521}, "model": "item/diamond_hoe637"},
                { "predicate": { "damage": 0.40909090909090906}, "model": "item/diamond_hoe638"},
                { "predicate": { "damage": 0.40973111395646605}, "model": "item/diamond_hoe639"},
                { "predicate": { "damage": 0.41037131882202305}, "model": "item/diamond_hoe640"},
                { "predicate": { "damage": 0.41101152368758}, "model": "item/diamond_hoe641"},
                { "predicate": { "damage": 0.411651728553137}, "model": "item/diamond_hoe642"},
                { "predicate": { "damage": 0.41229193341869397}, "model": "item/diamond_hoe643"},
                { "predicate": { "damage": 0.41293213828425096}, "model": "item/diamond_hoe644"},
                { "predicate": { "damage": 0.4135723431498079}, "model": "item/diamond_hoe645"},
                { "predicate": { "damage": 0.4142125480153649}, "model": "item/diamond_hoe646"},
                { "predicate": { "damage": 0.4148527528809219}, "model": "item/diamond_hoe647"},
                { "predicate": { "damage": 0.4154929577464789}, "model": "item/diamond_hoe648"},
                { "predicate": { "damage": 0.4161331626120358}, "model": "item/diamond_hoe649"},
                { "predicate": { "damage": 0.4167733674775928}, "model": "item/diamond_hoe650"},
                { "predicate": { "damage": 0.4174135723431498}, "model": "item/diamond_hoe651"},
                { "predicate": { "damage": 0.4180537772087068}, "model": "item/diamond_hoe652"},
                { "predicate": { "damage": 0.4186939820742637}, "model": "item/diamond_hoe653"},
                { "predicate": { "damage": 0.4193341869398207}, "model": "item/diamond_hoe654"},
                { "predicate": { "damage": 0.4199743918053777}, "model": "item/diamond_hoe655"},
                { "predicate": { "damage": 0.4206145966709347}, "model": "item/diamond_hoe656"},
                { "predicate": { "damage": 0.42125480153649164}, "model": "item/diamond_hoe657"},
                { "predicate": { "damage": 0.42189500640204863}, "model": "item/diamond_hoe658"},
                { "predicate": { "damage": 0.4225352112676056}, "model": "item/diamond_hoe659"},
                { "predicate": { "damage": 0.4231754161331626}, "model": "item/diamond_hoe660"},
                { "predicate": { "damage": 0.42381562099871956}, "model": "item/diamond_hoe661"},
                { "predicate": { "damage": 0.42445582586427655}, "model": "item/diamond_hoe662"},
                { "predicate": { "damage": 0.42509603072983354}, "model": "item/diamond_hoe663"},
                { "predicate": { "damage": 0.42573623559539053}, "model": "item/diamond_hoe664"},
                { "predicate": { "damage": 0.42637644046094747}, "model": "item/diamond_hoe665"},
                { "predicate": { "damage": 0.42701664532650446}, "model": "item/diamond_hoe666"},
                { "predicate": { "damage": 0.42765685019206146}, "model": "item/diamond_hoe667"},
                { "predicate": { "damage": 0.42829705505761845}, "model": "item/diamond_hoe668"},
                { "predicate": { "damage": 0.4289372599231754}, "model": "item/diamond_hoe669"},
                { "predicate": { "damage": 0.4295774647887324}, "model": "item/diamond_hoe670"},
                { "predicate": { "damage": 0.43021766965428937}, "model": "item/diamond_hoe671"},
                { "predicate": { "damage": 0.4308578745198463}, "model": "item/diamond_hoe672"},
                { "predicate": { "damage": 0.4314980793854033}, "model": "item/diamond_hoe673"},
                { "predicate": { "damage": 0.4321382842509603}, "model": "item/diamond_hoe674"},
                { "predicate": { "damage": 0.4327784891165173}, "model": "item/diamond_hoe675"},
                { "predicate": { "damage": 0.4334186939820742}, "model": "item/diamond_hoe676"},
                { "predicate": { "damage": 0.4340588988476312}, "model": "item/diamond_hoe677"},
                { "predicate": { "damage": 0.4346991037131882}, "model": "item/diamond_hoe678"},
                { "predicate": { "damage": 0.4353393085787452}, "model": "item/diamond_hoe679"},
                { "predicate": { "damage": 0.43597951344430214}, "model": "item/diamond_hoe680"},
                { "predicate": { "damage": 0.43661971830985913}, "model": "item/diamond_hoe681"},
                { "predicate": { "damage": 0.4372599231754161}, "model": "item/diamond_hoe682"},
                { "predicate": { "damage": 0.4379001280409731}, "model": "item/diamond_hoe683"},
                { "predicate": { "damage": 0.43854033290653005}, "model": "item/diamond_hoe684"},
                { "predicate": { "damage": 0.43918053777208704}, "model": "item/diamond_hoe685"},
                { "predicate": { "damage": 0.43982074263764404}, "model": "item/diamond_hoe686"},
                { "predicate": { "damage": 0.44046094750320103}, "model": "item/diamond_hoe687"},
                { "predicate": { "damage": 0.44110115236875796}, "model": "item/diamond_hoe688"},
                { "predicate": { "damage": 0.44174135723431496}, "model": "item/diamond_hoe689"},
                { "predicate": { "damage": 0.44238156209987195}, "model": "item/diamond_hoe690"},
                { "predicate": { "damage": 0.44302176696542894}, "model": "item/diamond_hoe691"},
                { "predicate": { "damage": 0.4436619718309859}, "model": "item/diamond_hoe692"},
                { "predicate": { "damage": 0.44430217669654287}, "model": "item/diamond_hoe693"},
                { "predicate": { "damage": 0.44494238156209986}, "model": "item/diamond_hoe694"},
                { "predicate": { "damage": 0.44558258642765686}, "model": "item/diamond_hoe695"},
                { "predicate": { "damage": 0.4462227912932138}, "model": "item/diamond_hoe696"}

        ]
}