{
"__comment": "Designed by Corporalblober with BDcraft Cubik PRO 0.95 Beta - http://bdcraft.net",
"textures": {
    "particle": "custom/1-metal",
    "texture": "custom/1-metal",
    "iron block": "custom/1-metal-light",
    "coal block": "custom/black",
    "door wood lower": "custom/wood-light"
},
"elements": [ 
{
    "from": [ 9, 4, 7.5 ],
    "to": [ 9.25, 9.5, 8.5 ],
    "faces": {
        "down":  { "uv": [ 7, 8.5, 6.75, 7.5 ], "texture": "#texture" },
        "up":    { "uv": [ 9, 7.5, 9.25, 8.5 ], "texture": "#texture" },
        "north": { "uv": [ 6.75, 6.5, 7, 12 ], "texture": "#texture" },
        "south": { "uv": [ 9, 6.5, 9.25, 12 ], "texture": "#texture" },
        "west":  { "uv": [ 7.5, 6.5, 8.5, 12 ], "texture": "#texture" },
        "east":  { "uv": [ 7.5, 6.5, 8.5, 12 ], "texture": "#texture" }
    }
},
{
    "from": [ 6.75, 3.5, 7 ],
    "to": [ 9.25, 4, 9 ],
    "faces": {
        "down":  { "uv": [ 9.25, 9, 6.75, 7 ], "texture": "#texture" },
        "up":    { "uv": [ 6.75, 7, 9.25, 9 ], "texture": "#texture" },
        "north": { "uv": [ 6.75, 12, 9.25, 12.5 ], "texture": "#texture" },
        "south": { "uv": [ 6.75, 12, 9.25, 12.5 ], "texture": "#texture" },
        "west":  { "uv": [ 7, 12, 9, 12.5 ], "texture": "#texture" },
        "east":  { "uv": [ 7, 12, 9, 12.5 ], "texture": "#texture" }
    }
},
{
    "from": [ 6.5, 3.5, 7.25 ],
    "to": [ 6.75, 4, 8.75 ],
    "faces": {
        "down":  { "uv": [ 9.5, 8.75, 9.25, 7.25 ], "texture": "#texture" },
        "up":    { "uv": [ 6.5, 7.25, 6.75, 8.75 ], "texture": "#texture" },
        "north": { "uv": [ 9.25, 12, 9.5, 12.5 ], "texture": "#texture" },
        "south": { "uv": [ 6.5, 12, 6.75, 12.5 ], "texture": "#texture" },
        "west":  { "uv": [ 7.25, 12, 8.75, 12.5 ], "texture": "#texture" },
        "east":  { "uv": [ 7.25, 12, 8.75, 12.5 ], "texture": "#texture" }
    }
},
{
    "from": [ 7, 4, 7.25 ],
    "to": [ 9.25, 11.25, 7.5 ],
    "faces": {
        "down":  { "uv": [ 9, 7.5, 6.75, 7.25 ], "texture": "#texture" },
        "up":    { "uv": [ 7, 7.25, 9.25, 7.5 ], "texture": "#texture" },
        "north": { "uv": [ 6.75, 4.75, 9, 12 ], "texture": "#texture" },
        "south": { "uv": [ 7, 4.75, 9.25, 12 ], "texture": "#texture" },
        "west":  { "uv": [ 7.25, 4.75, 7.5, 12 ], "texture": "#texture" },
        "east":  { "uv": [ 8.5, 4.75, 8.75, 12 ], "texture": "#texture" }
    }
},
{
    "from": [ 7, 4, 8.5 ],
    "to": [ 9.25, 11.25, 8.75 ],
    "faces": {
        "down":  { "uv": [ 9, 8.75, 6.75, 8.5 ], "texture": "#texture" },
        "up":    { "uv": [ 7, 8.5, 9.25, 8.75 ], "texture": "#texture" },
        "north": { "uv": [ 6.75, 4.75, 9, 12 ], "texture": "#texture" },
        "south": { "uv": [ 7, 4.75, 9.25, 12 ], "texture": "#texture" },
        "west":  { "uv": [ 8.5, 4.75, 8.75, 12 ], "texture": "#texture" },
        "east":  { "uv": [ 7.25, 4.75, 7.5, 12 ], "texture": "#texture" }
    }
},
{
    "from": [ 7, 9.5, 7.5 ],
    "to": [ 7.5, 9.75, 7.75 ],
    "faces": {
        "down":  { "uv": [ 9, 7.75, 8.5, 7.5 ], "texture": "#texture" },
        "up":    { "uv": [ 7, 7.5, 7.5, 7.75 ], "texture": "#texture" },
        "north": { "uv": [ 8.5, 6.25, 9, 6.5 ], "texture": "#texture" },
        "south": { "uv": [ 7, 6.25, 7.5, 6.5 ], "texture": "#texture" },
        "west":  { "uv": [ 7.5, 6.25, 7.75, 6.5 ], "texture": "#texture" },
        "east":  { "uv": [ 8.25, 6.25, 8.5, 6.5 ], "texture": "#texture" }
    }
},
{
    "from": [ 7, 9.5, 8.25 ],
    "to": [ 7.5, 9.75, 8.5 ],
    "faces": {
        "down":  { "uv": [ 9, 8.5, 8.5, 8.25 ], "texture": "#texture" },
        "up":    { "uv": [ 7, 8.25, 7.5, 8.5 ], "texture": "#texture" },
        "north": { "uv": [ 8.5, 6.25, 9, 6.5 ], "texture": "#texture" },
        "south": { "uv": [ 7, 6.25, 7.5, 6.5 ], "texture": "#texture" },
        "west":  { "uv": [ 8.25, 6.25, 8.5, 6.5 ], "texture": "#texture" },
        "east":  { "uv": [ 7.5, 6.25, 7.75, 6.5 ], "texture": "#texture" }
    }
},
{
    "from": [ 7, 4, 8.125 ],
    "to": [ 7.25, 9.5, 8.625 ],
    "faces": {
        "down":  { "uv": [ 9, 8.625, 8.75, 8.125 ], "texture": "#texture" },
        "up":    { "uv": [ 7, 8.125, 7.25, 8.625 ], "texture": "#texture" },
        "north": { "uv": [ 8.75, 6.5, 9, 12 ], "texture": "#texture" },
        "south": { "uv": [ 7, 6.5, 7.25, 12 ], "texture": "#texture" },
        "west":  { "uv": [ 8.125, 6.5, 8.625, 12 ], "texture": "#texture" },
        "east":  { "uv": [ 7.375, 6.5, 7.875, 12 ], "texture": "#texture" }
    }
},
{
    "from": [ 7, 4, 7.375 ],
    "to": [ 7.25, 9.5, 7.875 ],
    "faces": {
        "down":  { "uv": [ 9, 7.875, 8.75, 7.375 ], "texture": "#texture" },
        "up":    { "uv": [ 7, 7.375, 7.25, 7.875 ], "texture": "#texture" },
        "north": { "uv": [ 8.75, 6.5, 9, 12 ], "texture": "#texture" },
        "south": { "uv": [ 7, 6.5, 7.25, 12 ], "texture": "#texture" },
        "west":  { "uv": [ 7.375, 6.5, 7.875, 12 ], "texture": "#texture" },
        "east":  { "uv": [ 8.125, 6.5, 8.625, 12 ], "texture": "#texture" }
    }
},
{
    "from": [ 7, 4, 7.75 ],
    "to": [ 7.25, 4.75, 8.25 ],
    "faces": {
        "down":  { "uv": [ 9, 8.25, 8.75, 7.75 ], "texture": "#texture" },
        "up":    { "uv": [ 7, 7.75, 7.25, 8.25 ], "texture": "#texture" },
        "north": { "uv": [ 8.75, 11.25, 9, 12 ], "texture": "#texture" },
        "south": { "uv": [ 7, 11.25, 7.25, 12 ], "texture": "#texture" },
        "west":  { "uv": [ 7.75, 11.25, 8.25, 12 ], "texture": "#texture" },
        "east":  { "uv": [ 7.75, 11.25, 8.25, 12 ], "texture": "#texture" }
    }
},
{
    "from": [ 7.25, 4, 7.5 ],
    "to": [ 7.5, 9.5, 8.5 ],
    "faces": {
        "down":  { "uv": [ 8.75, 8.5, 8.5, 7.5 ], "texture": "#texture" },
        "up":    { "uv": [ 7.25, 7.5, 7.5, 8.5 ], "texture": "#texture" },
        "north": { "uv": [ 8.5, 6.5, 8.75, 12 ], "texture": "#texture" },
        "south": { "uv": [ 7.25, 6.5, 7.5, 12 ], "texture": "#texture" },
        "west":  { "uv": [ 7.5, 6.5, 8.5, 12 ], "texture": "#texture" },
        "east":  { "uv": [ 7.5, 6.5, 8.5, 12 ], "texture": "#texture" }
    }
},
{
    "from": [ 7.0625, 4.625, 7.9375 ],
    "to": [ 7.125, 9.125, 8.0625 ],
    "faces": {
        "down":  { "uv": [ 8.9375, 8.0625, 8.875, 7.9375 ], "texture": "#iron block" },
        "up":    { "uv": [ 7.0625, 7.9375, 7.125, 8.0625 ], "texture": "#iron block" },
        "north": { "uv": [ 8.875, 6.875, 8.9375, 11.375 ], "texture": "#iron block" },
        "south": { "uv": [ 7.0625, 6.875, 7.125, 11.375 ], "texture": "#iron block" },
        "west":  { "uv": [ 7.9375, 6.875, 8.0625, 11.375 ], "texture": "#iron block" },
        "east":  { "uv": [ 7.9375, 6.875, 8.0625, 11.375 ], "texture": "#iron block" }
    }
},
{
    "from": [ 6.9375, 8.5, 7.875 ],
    "to": [ 7.1875, 9.25, 8.125 ],
    "faces": {
        "down":  { "uv": [ 9.0625, 8.125, 8.8125, 7.875 ], "texture": "#coal block" },
        "up":    { "uv": [ 6.9375, 7.875, 7.1875, 8.125 ], "texture": "#coal block" },
        "north": { "uv": [ 8.8125, 6.75, 9.0625, 7.5 ], "texture": "#coal block" },
        "south": { "uv": [ 6.9375, 6.75, 7.1875, 7.5 ], "texture": "#coal block" },
        "west":  { "uv": [ 7.875, 6.75, 8.125, 7.5 ], "texture": "#coal block" },
        "east":  { "uv": [ 7.875, 6.75, 8.125, 7.5 ], "texture": "#coal block" }
    }
},
{
    "from": [ 7.75, 10.5, 7.625 ],
    "to": [ 9, 11.25, 8.375 ],
    "faces": {
        "down":  { "uv": [ 0, 1, 1, 2 ], "texture": "#door wood lower" },
        "up":    { "uv": [ 0, 1, 1, 2 ], "texture": "#door wood lower" },
        "north": { "uv": [ 0, 1, 1, 2 ], "texture": "#door wood lower" },
        "south": { "uv": [ 0, 1, 1, 2 ], "texture": "#door wood lower" },
        "west":  { "uv": [ 0, 1, 1, 2 ], "texture": "#door wood lower" },
        "east":  { "uv": [ 0, 1, 1, 2 ], "texture": "#door wood lower" }
    }
},
{
    "from": [ 7.25, 9.625, 7.75 ],
    "to": [ 7.75, 10.125, 8.25 ],
    "faces": {
        "down":  { "uv": [ 7.75, 5.75, 7.25, 5.25 ], "texture": "#door wood lower" },
        "up":    { "uv": [ 7.25, 5.25, 7.75, 5.75 ], "texture": "#door wood lower" },
        "north": { "uv": [ 7.25, 5.125, 7.75, 5.625 ], "texture": "#door wood lower" },
        "south": { "uv": [ 7.25, 5.125, 7.75, 5.625 ], "texture": "#door wood lower" },
        "west":  { "uv": [ 7.25, 5.125, 7.75, 5.625 ], "texture": "#door wood lower" },
        "east":  { "uv": [ 7.25, 5.125, 7.75, 5.625 ], "texture": "#door wood lower" }
    }
},
{
    "from": [ 7.875, 8.75, 7.75 ],
    "to": [ 8.625, 10.5, 8.25 ],
    "faces": {
        "down":  { "uv": [ 8.125, 8.25, 7.375, 7.75 ], "texture": "#texture" },
        "up":    { "uv": [ 7.875, 7.75, 8.625, 8.25 ], "texture": "#texture" },
        "north": { "uv": [ 7.375, 5.5, 8.125, 7.25 ], "texture": "#texture" },
        "south": { "uv": [ 7.875, 5.5, 8.625, 7.25 ], "texture": "#texture" },
        "west":  { "uv": [ 7.75, 5.5, 8.25, 7.25 ], "texture": "#texture" },
        "east":  { "uv": [ 7.75, 5.5, 8.25, 7.25 ], "texture": "#texture" }
    }
},
{
    "from": [ 7, 9.75, 7.875 ],
    "to": [ 7.25, 10, 8.125 ],
    "faces": {
        "down":  { "uv": [ 7.75, 3.625, 7.5, 3.375 ], "texture": "#door wood lower" },
        "up":    { "uv": [ 7.25, 3.375, 7.5, 3.625 ], "texture": "#door wood lower" },
        "north": { "uv": [ 7.25, 3.5, 7.5, 3.75 ], "texture": "#door wood lower" },
        "south": { "uv": [ 7.25, 3.5, 7.5, 3.75 ], "texture": "#door wood lower" },
        "west":  { "uv": [ 7.625, 3.5, 7.875, 3.75 ], "texture": "#door wood lower" },
        "east":  { "uv": [ 7.375, 3.5, 7.625, 3.75 ], "texture": "#door wood lower" }
    }
},
{
    "from": [ 7.75, 9.5, 7.625 ],
    "to": [ 9, 10.25, 8.375 ],
    "faces": {
        "down":  { "uv": [ 0, 1, 1, 2 ], "texture": "#door wood lower" },
        "up":    { "uv": [ 0, 1, 1, 2 ], "texture": "#door wood lower" },
        "north": { "uv": [ 0, 1, 1, 2 ], "texture": "#door wood lower" },
        "south": { "uv": [ 0, 1, 1, 2 ], "texture": "#door wood lower" },
        "west":  { "uv": [ 0, 1, 1, 2 ], "texture": "#door wood lower" },
        "east":  { "uv": [ 0, 1, 1, 2 ], "texture": "#door wood lower" }
    }
},
{
    "from": [ 7.25, 10.625, 7.75 ],
    "to": [ 7.75, 11.125, 8.25 ],
    "faces": {
        "down":  { "uv": [ 7.75, 5.75, 7.25, 5.25 ], "texture": "#door wood lower" },
        "up":    { "uv": [ 7.25, 5.25, 7.75, 5.75 ], "texture": "#door wood lower" },
        "north": { "uv": [ 7.25, 5.125, 7.75, 5.625 ], "texture": "#door wood lower" },
        "south": { "uv": [ 7.25, 5.125, 7.75, 5.625 ], "texture": "#door wood lower" },
        "west":  { "uv": [ 7.25, 5.125, 7.75, 5.625 ], "texture": "#door wood lower" },
        "east":  { "uv": [ 7.25, 5.125, 7.75, 5.625 ], "texture": "#door wood lower" }
    }
},
{
    "from": [ 7, 10.75, 7.875 ],
    "to": [ 7.25, 11, 8.125 ],
    "faces": {
        "down":  { "uv": [ 7.75, 3.625, 7.5, 3.375 ], "texture": "#door wood lower" },
        "up":    { "uv": [ 7.25, 3.375, 7.5, 3.625 ], "texture": "#door wood lower" },
        "north": { "uv": [ 7.25, 3.5, 7.5, 3.75 ], "texture": "#door wood lower" },
        "south": { "uv": [ 7.25, 3.5, 7.5, 3.75 ], "texture": "#door wood lower" },
        "west":  { "uv": [ 7.625, 3.5, 7.875, 3.75 ], "texture": "#door wood lower" },
        "east":  { "uv": [ 7.375, 3.5, 7.625, 3.75 ], "texture": "#door wood lower" }
    }
},
{
    "from": [ 7.25, 11.25, 8.5 ],
    "to": [ 9, 11.5, 8.75 ],
    "faces": {
        "down":  { "uv": [ 8.75, 8.75, 7, 8.5 ], "texture": "#texture" },
        "up":    { "uv": [ 7.25, 8.5, 9, 8.75 ], "texture": "#texture" },
        "north": { "uv": [ 7, 4.5, 8.75, 4.75 ], "texture": "#texture" },
        "south": { "uv": [ 7.25, 4.5, 9, 4.75 ], "texture": "#texture" },
        "west":  { "uv": [ 8.5, 4.5, 8.75, 4.75 ], "texture": "#texture" },
        "east":  { "uv": [ 7.25, 4.5, 7.5, 4.75 ], "texture": "#texture" }
    }
},
{
    "from": [ 7.25, 11.25, 7.25 ],
    "to": [ 9, 11.5, 7.5 ],
    "faces": {
        "down":  { "uv": [ 8.75, 7.5, 7, 7.25 ], "texture": "#texture" },
        "up":    { "uv": [ 7.25, 7.25, 9, 7.5 ], "texture": "#texture" },
        "north": { "uv": [ 7, 4.5, 8.75, 4.75 ], "texture": "#texture" },
        "south": { "uv": [ 7.25, 4.5, 9, 4.75 ], "texture": "#texture" },
        "west":  { "uv": [ 7.25, 4.5, 7.5, 4.75 ], "texture": "#texture" },
        "east":  { "uv": [ 8.5, 4.5, 8.75, 4.75 ], "texture": "#texture" }
    }
}
],
"display": {
    "thirdperson_righthand": {
        "rotation": [ 0, -90, -11 ],
        "translation": [ 0, 0.38, 0.19 ],
        "scale": [ 0.85, 0.85, 0.85 ]
    },
    "thirdperson_lefthand": {
        "rotation": [ 0, -90, -11 ],
        "translation": [ 0, 0.38, 0.19 ],
        "scale": [ 0.85, 0.85, 0.85 ]
    },
    "ground": {
        "rotation": [ 90, 0, 0 ],
        "translation": [ 0, 0, 0 ],
        "scale": [ 1, 1, 1 ]
    },
    "fixed": {
        "rotation": [ 0, 180, 45 ],
        "translation": [ 0.94, 0, -1.13 ],
        "scale": [ 1.5, 1.5, 1.5 ]
    },
    "firstperson_righthand": {
        "rotation": [ 4, -90, 0 ],
        "translation": [ 0, 1.51, 0 ],
        "scale": [ 0.9, 0.9, 0.9 ]
    },
    "firstperson_lefthand": {
        "rotation": [ 4, 90, 0 ],
        "translation": [ -1.13, 1.51, 0 ],
        "scale": [ 0.9, 0.9, 0.9 ]
    },
    "gui": {
        "rotation": [ 0, 0, 45 ],
        "translation": [ 0, 0, 0 ],
        "scale": [ 1, 1, 1 ]
    }
}
}