{
"__comment": "Designed by Corporalblober with BDcraft Cubik PRO 0.95 Beta - http://bdcraft.net",
"textures": {
    "0": "custom/1-metal"
},
"elements": [ 
{
    "from": [ 5, 7.75, 7.25 ],
    "to": [ 5.5, 11, 8.75 ],
    "faces": {
        "up":    { "uv": [ 5, 7.25, 5.5, 8.75 ], "texture": "#0" },
        "north": { "uv": [ 10.5, 5, 11, 8.25 ], "texture": "#0" },
        "south": { "uv": [ 5, 5, 5.5, 8.25 ], "texture": "#0" },
        "west":  { "uv": [ 7.25, 5, 8.75, 8.25 ], "texture": "#0" },
        "east":  { "uv": [ 7.25, 5, 8.75, 8.25 ], "texture": "#0" }
    }
},
{
    "from": [ 6, 7.75, 7.25 ],
    "to": [ 6.5, 11, 7.5 ],
    "faces": {
        "up":    { "uv": [ 6, 7.25, 6.5, 7.5 ], "texture": "#0" },
        "north": { "uv": [ 9.5, 5, 10, 8.25 ], "texture": "#0" },
        "west":  { "uv": [ 7.25, 5, 7.5, 8.25 ], "texture": "#0" },
        "east":  { "uv": [ 8.5, 5, 8.75, 8.25 ], "texture": "#0" }
    }
},
{
    "from": [ 6.75, 7.75, 7.25 ],
    "to": [ 8.5, 11, 7.75 ],
    "faces": {
        "up":    { "uv": [ 6.75, 7.25, 8.5, 7.75 ], "texture": "#0" },
        "north": { "uv": [ 7.5, 5, 9.25, 8.25 ], "texture": "#0" },
        "south": { "uv": [ 6.75, 5, 8.5, 8.25 ], "texture": "#0" },
        "west":  { "uv": [ 7.25, 5, 7.75, 8.25 ], "texture": "#0" },
        "east":  { "uv": [ 8.25, 5, 8.75, 8.25 ], "texture": "#0" }
    }
},
{
    "from": [ 5.75, 7.75, 7.5 ],
    "to": [ 6.75, 11, 7.75 ],
    "faces": {
        "up":    { "uv": [ 5.75, 7.5, 6.75, 7.75 ], "texture": "#0" },
        "north": { "uv": [ 9.25, 5, 10.25, 8.25 ], "texture": "#0" },
        "south": { "uv": [ 5.75, 5, 6.75, 8.25 ], "texture": "#0" }
    }
},
{
    "from": [ 5.5, 7.75, 7.25 ],
    "to": [ 5.75, 11, 7.75 ],
    "faces": {
        "up":    { "uv": [ 5.5, 7.25, 5.75, 7.75 ], "texture": "#0" },
        "north": { "uv": [ 10.25, 5, 10.5, 8.25 ], "texture": "#0" },
        "south": { "uv": [ 5.5, 5, 5.75, 8.25 ], "texture": "#0" },
        "east":  { "uv": [ 8.25, 5, 8.75, 8.25 ], "texture": "#0" }
    }
},
{
    "from": [ 5.5, 7.75, 8.25 ],
    "to": [ 5.75, 11, 8.75 ],
    "faces": {
        "up":    { "uv": [ 5.5, 8.25, 5.75, 8.75 ], "texture": "#0" },
        "north": { "uv": [ 10.25, 5, 10.5, 8.25 ], "texture": "#0" },
        "south": { "uv": [ 5.5, 5, 5.75, 8.25 ], "texture": "#0" },
        "east":  { "uv": [ 7.25, 5, 7.75, 8.25 ], "texture": "#0" }
    }
},
{
    "from": [ 5.75, 7.75, 8.25 ],
    "to": [ 6.75, 11, 8.5 ],
    "faces": {
        "up":    { "uv": [ 5.75, 8.25, 6.75, 8.5 ], "texture": "#0" },
        "north": { "uv": [ 9.25, 5, 10.25, 8.25 ], "texture": "#0" },
        "south": { "uv": [ 5.75, 5, 6.75, 8.25 ], "texture": "#0" }
    }
},
{
    "from": [ 6, 7.75, 8.5 ],
    "to": [ 6.5, 11, 8.75 ],
    "faces": {
        "up":    { "uv": [ 6, 8.5, 6.5, 8.75 ], "texture": "#0" },
        "south": { "uv": [ 6, 5, 6.5, 8.25 ], "texture": "#0" },
        "west":  { "uv": [ 8.5, 5, 8.75, 8.25 ], "texture": "#0" },
        "east":  { "uv": [ 7.25, 5, 7.5, 8.25 ], "texture": "#0" }
    }
},
{
    "from": [ 6.75, 7.75, 8.25 ],
    "to": [ 8.5, 11, 8.75 ],
    "faces": {
        "up":    { "uv": [ 6.75, 8.25, 8.5, 8.75 ], "texture": "#0" },
        "north": { "uv": [ 6.75, 5, 8.5, 8.25 ], "texture": "#0" },
        "south": { "uv": [ 6.75, 5, 8.5, 8.25 ], "texture": "#0" },
        "west":  { "uv": [ 8.25, 5, 8.75, 8.25 ], "texture": "#0" },
        "east":  { "uv": [ 8.25, 5, 8.75, 8.25 ], "texture": "#0" }
    }
},
{
    "from": [ 8, 7.75, 7.75 ],
    "to": [ 8.5, 11, 8.25 ],
    "faces": {
        "up":    { "uv": [ 8, 7.75, 8.5, 8.25 ], "texture": "#0" },
        "west":  { "uv": [ 7.75, 5, 8.25, 8.25 ], "texture": "#0" },
        "east":  { "uv": [ 7.75, 5, 8.25, 8.25 ], "texture": "#0" }
    }
},
{
    "from": [ 5.25, 7.75, 7.75 ],
    "to": [ 8.25, 8, 8.25 ],
    "faces": {
        "down":  { "uv": [ 10.75, 8.25, 7.75, 7.75 ], "texture": "#0" },
        "up":    { "uv": [ 5.25, 7.75, 8.25, 8.25 ], "texture": "#0" },
        "north": { "uv": [ 7.75, 8, 10.75, 8.25 ], "texture": "#0" },
        "south": { "uv": [ 5.25, 8, 8.25, 8.25 ], "texture": "#0" },
        "west":  { "uv": [ 7.75, 8, 8.25, 8.25 ], "texture": "#0" },
        "east":  { "uv": [ 7.75, 8, 8.25, 8.25 ], "texture": "#0" }
    }
},
{
    "from": [ 5, 7.5, 7.25 ],
    "to": [ 8.5, 7.75, 8.75 ],
    "faces": {
        "down":  { "uv": [ 11, 8.75, 7.5, 7.25 ], "texture": "#0" },
        "up":    { "uv": [ 5, 7.25, 8.5, 8.75 ], "texture": "#0" },
        "north": { "uv": [ 7.5, 8.25, 11, 8.5 ], "texture": "#0" },
        "south": { "uv": [ 5, 8.25, 8.5, 8.5 ], "texture": "#0" },
        "west":  { "uv": [ 7.25, 8.25, 8.75, 8.5 ], "texture": "#0" },
        "east":  { "uv": [ 7.25, 8.25, 8.75, 8.5 ], "texture": "#0" }
    }
}
],
"display": {
    "thirdperson_righthand": {
        "rotation": [ -180, 90, -180 ],
        "translation": [ 0, -0.57, -1.12 ],
        "scale": [ 0.7, 0.7, 0.7 ]
    },
    "thirdperson_lefthand": {
        "rotation": [ -180, -90, -180 ],
        "translation": [ 0, -0.57, -1.12 ],
        "scale": [ 0.7, 0.7, 0.7 ]
    },
    "ground": {
        "rotation": [ 90, 0, 0 ],
        "translation": [ 0, 0, 0 ],
        "scale": [ 1, 1, 1 ]
    },
    "fixed": {
        "rotation": [ 0, 0, 0 ],
        "translation": [ 0.8, 0.2, -0.6 ],
        "scale": [ 1.5, 1.5, 1.5 ]
    },
    "firstperson_righthand": {
        "rotation": [ 4, 90, 0 ],
        "translation": [ -1.51, 1.89, 1.13 ],
        "scale": [ 0.9, 0.9, 0.9 ]
    },
    "firstperson_lefthand": {
        "rotation": [ 4, -90, 0 ],
        "translation": [ -3.21, 1.89, 1.12 ],
        "scale": [ 0.9, 0.9, 0.9 ]
    },
    "gui": {
        "rotation": [ 14, 156, 0 ],
        "translation": [ -0.94, 0, 0 ],
        "scale": [ 1, 1, 1 ]
    }
}
}