{
    "parent": "item/handheld",
    "textures": {
        "layer0": "items/stone_hoe"
    },
        "overrides": [
				{ "predicate": {"damaged": 0, "damage": 0.007575757575757576}, "model": "box/1_1"},
				{ "predicate": {"damaged": 0, "damage": 0.015151515151515152}, "model": "box/1_2"},
				{ "predicate": {"damaged": 0, "damage": 0.022727272727272728}, "model": "box/24_1"},
				{ "predicate": {"damaged": 0, "damage": 0.030303030303030304}, "model": "box/24_2"},
				{ "predicate": {"damaged": 0, "damage": 0.03787878787878788}, "model": "box/stone_hoe4"},
				{ "predicate": {"damaged": 0, "damage": 0.045454545454545456}, "model": "box/stone_hoe5"},
				{ "predicate": {"damaged": 0, "damage": 0.05303030303030303}, "model": "box/stone_hoe6"},
				{ "predicate": {"damaged": 0, "damage": 0.06060606060606061}, "model": "item/stone_hoe7"},
				{ "predicate": {"damaged": 0, "damage": 0.06818181818181818}, "model": "item/stone_hoe8"},
				{ "predicate": {"damaged": 0, "damage": 0.07575757575757576}, "model": "item/stone_hoe9"},
				{ "predicate": {"damaged": 0, "damage": 0.08333333333333334}, "model": "item/stone_hoe10"},
				{ "predicate": {"damaged": 0, "damage": 0.09090909090909091}, "model": "item/stone_hoe11"},
				{ "predicate": {"damaged": 0, "damage": 0.09848484848484848}, "model": "item/stone_hoe12"},
				{ "predicate": {"damaged": 0, "damage": 0.10606060606060606}, "model": "item/stone_hoe13"},
				{ "predicate": {"damaged": 0, "damage": 0.11363636363636365}, "model": "item/stone_hoe14"},
				{ "predicate": {"damaged": 0, "damage": 0.12121212121212122}, "model": "item/stone_hoe15"},
				{ "predicate": {"damaged": 0, "damage": 0.12878787878787878}, "model": "item/stone_hoe16"},
				{ "predicate": {"damaged": 0, "damage": 0.13636363636363635}, "model": "item/stone_hoe17"},
				{ "predicate": {"damaged": 0, "damage": 0.14393939393939395}, "model": "item/stone_hoe18"},
				{ "predicate": {"damaged": 0, "damage": 0.15151515151515152}, "model": "item/stone_hoe19"},
				{ "predicate": {"damaged": 0, "damage": 0.1590909090909091}, "model": "item/stone_hoe20"},
				{ "predicate": {"damaged": 0, "damage": 0.16666666666666669}, "model": "item/stone_hoe21"},
				{ "predicate": {"damaged": 0, "damage": 0.17424242424242425}, "model": "item/stone_hoe22"},
				{ "predicate": {"damaged": 0, "damage": 0.18181818181818182}, "model": "item/stone_hoe23"},
				{ "predicate": {"damaged": 0, "damage": 0.1893939393939394}, "model": "item/stone_hoe24"},
				{ "predicate": {"damaged": 0, "damage": 0.19696969696969696}, "model": "item/stone_hoe25"},
				{ "predicate": {"damaged": 0, "damage": 0.20454545454545456}, "model": "item/stone_hoe26"},
				{ "predicate": {"damaged": 0, "damage": 0.21212121212121213}, "model": "item/stone_hoe27"},
				{ "predicate": {"damaged": 0, "damage": 0.2196969696969697}, "model": "item/stone_hoe28"},
				{ "predicate": {"damaged": 0, "damage": 0.2272727272727273}, "model": "item/stone_hoe29"},
				{ "predicate": {"damaged": 0, "damage": 0.23484848484848486}, "model": "item/stone_hoe30"},
				{ "predicate": {"damaged": 0, "damage": 0.24242424242424243}, "model": "item/stone_hoe31"},
				{ "predicate": {"damaged": 0, "damage": 0.25}, "model": "item/stone_hoe32"},
				{ "predicate": {"damaged": 0, "damage": 0.25757575757575757}, "model": "item/stone_hoe33"},
				{ "predicate": {"damaged": 0, "damage": 0.26515151515151514}, "model": "item/stone_hoe34"},
				{ "predicate": {"damaged": 0, "damage": 0.2727272727272727}, "model": "item/stone_hoe35"},
				{ "predicate": {"damaged": 0, "damage": 0.28030303030303033}, "model": "item/stone_hoe36"},
				{ "predicate": {"damaged": 0, "damage": 0.2878787878787879}, "model": "item/stone_hoe37"},
				{ "predicate": {"damaged": 0, "damage": 0.29545454545454547}, "model": "item/stone_hoe38"},
				{ "predicate": {"damaged": 0, "damage": 0.30303030303030304}, "model": "item/stone_hoe39"},
				{ "predicate": {"damaged": 0, "damage": 0.3106060606060606}, "model": "item/stone_hoe40"},
				{ "predicate": {"damaged": 0, "damage": 0.3181818181818182}, "model": "item/stone_hoe41"},
				{ "predicate": {"damaged": 0, "damage": 0.32575757575757575}, "model": "item/stone_hoe42"},
				{ "predicate": {"damaged": 0, "damage": 0.33333333333333337}, "model": "item/stone_hoe43"},
				{ "predicate": {"damaged": 0, "damage": 0.34090909090909094}, "model": "item/stone_hoe44"},
				{ "predicate": {"damaged": 0, "damage": 0.3484848484848485}, "model": "item/stone_hoe45"},
				{ "predicate": {"damaged": 0, "damage": 0.3560606060606061}, "model": "item/stone_hoe46"},
				{ "predicate": {"damaged": 0, "damage": 0.36363636363636365}, "model": "item/stone_hoe47"},
				{ "predicate": {"damaged": 0, "damage": 0.3712121212121212}, "model": "item/stone_hoe48"},
				{ "predicate": {"damaged": 0, "damage": 0.3787878787878788}, "model": "item/stone_hoe49"},
				{ "predicate": {"damaged": 0, "damage": 0.38636363636363635}, "model": "item/stone_hoe50"},
				{ "predicate": {"damaged": 0, "damage": 0.3939393939393939}, "model": "item/stone_hoe51"},
				{ "predicate": {"damaged": 0, "damage": 0.40151515151515155}, "model": "item/stone_hoe52"},
				{ "predicate": {"damaged": 0, "damage": 0.4090909090909091}, "model": "item/stone_hoe53"},
				{ "predicate": {"damaged": 0, "damage": 0.4166666666666667}, "model": "item/stone_hoe54"},
				{ "predicate": {"damaged": 0, "damage": 0.42424242424242425}, "model": "item/stone_hoe55"},
				{ "predicate": {"damaged": 0, "damage": 0.4318181818181818}, "model": "item/stone_hoe56"},
				{ "predicate": {"damaged": 0, "damage": 0.4393939393939394}, "model": "item/stone_hoe57"},
				{ "predicate": {"damaged": 0, "damage": 0.44696969696969696}, "model": "item/stone_hoe58"},
				{ "predicate": {"damaged": 0, "damage": 0.4545454545454546}, "model": "item/stone_hoe59"},
				{ "predicate": {"damaged": 0, "damage": 0.46212121212121215}, "model": "item/stone_hoe60"},
				{ "predicate": {"damaged": 0, "damage": 0.4696969696969697}, "model": "item/stone_hoe61"},
				{ "predicate": {"damaged": 0, "damage": 0.4772727272727273}, "model": "item/stone_hoe62"},
				{ "predicate": {"damaged": 0, "damage": 0.48484848484848486}, "model": "item/stone_hoe63"},
				{ "predicate": {"damaged": 0, "damage": 0.49242424242424243}, "model": "item/stone_hoe64"},
				{ "predicate": {"damaged": 0, "damage": 0.5}, "model": "item/stone_hoe65"},
				{ "predicate": {"damaged": 0, "damage": 0.5075757575757576}, "model": "item/stone_hoe66"},
				{ "predicate": {"damaged": 0, "damage": 0.5151515151515151}, "model": "item/stone_hoe67"},
				{ "predicate": {"damaged": 0, "damage": 0.5227272727272727}, "model": "item/stone_hoe68"},
				{ "predicate": {"damaged": 0, "damage": 0.5303030303030303}, "model": "item/stone_hoe69"},
				{ "predicate": {"damaged": 0, "damage": 0.5378787878787878}, "model": "item/stone_hoe70"},
				{ "predicate": {"damaged": 0, "damage": 0.5454545454545454}, "model": "item/stone_hoe71"},
				{ "predicate": {"damaged": 0, "damage": 0.5530303030303031}, "model": "item/stone_hoe72"},
				{ "predicate": {"damaged": 0, "damage": 0.5606060606060607}, "model": "item/stone_hoe73"},
				{ "predicate": {"damaged": 0, "damage": 0.5681818181818182}, "model": "item/stone_hoe74"},
				{ "predicate": {"damaged": 0, "damage": 0.5757575757575758}, "model": "item/stone_hoe75"},
				{ "predicate": {"damaged": 0, "damage": 0.5833333333333334}, "model": "item/stone_hoe76"},
				{ "predicate": {"damaged": 0, "damage": 0.5909090909090909}, "model": "item/stone_hoe77"},
				{ "predicate": {"damaged": 0, "damage": 0.5984848484848485}, "model": "item/stone_hoe78"},
				{ "predicate": {"damaged": 0, "damage": 0.6060606060606061}, "model": "item/stone_hoe79"},
				{ "predicate": {"damaged": 0, "damage": 0.6136363636363636}, "model": "item/stone_hoe80"},
				{ "predicate": {"damaged": 0, "damage": 0.6212121212121212}, "model": "item/stone_hoe81"},
				{ "predicate": {"damaged": 0, "damage": 0.6287878787878788}, "model": "item/stone_hoe82"},
				{ "predicate": {"damaged": 0, "damage": 0.6363636363636364}, "model": "item/stone_hoe83"},
				{ "predicate": {"damaged": 0, "damage": 0.6439393939393939}, "model": "item/stone_hoe84"},
				{ "predicate": {"damaged": 0, "damage": 0.6515151515151515}, "model": "item/stone_hoe85"},
				{ "predicate": {"damaged": 0, "damage": 0.6590909090909091}, "model": "item/stone_hoe86"},
				{ "predicate": {"damaged": 0, "damage": 0.6666666666666667}, "model": "item/stone_hoe87"},
				{ "predicate": {"damaged": 0, "damage": 0.6742424242424243}, "model": "item/stone_hoe88"},
				{ "predicate": {"damaged": 0, "damage": 0.6818181818181819}, "model": "item/stone_hoe89"},
				{ "predicate": {"damaged": 0, "damage": 0.6893939393939394}, "model": "item/stone_hoe90"},
				{ "predicate": {"damaged": 0, "damage": 0.696969696969697}, "model": "item/stone_hoe91"},
				{ "predicate": {"damaged": 0, "damage": 0.7045454545454546}, "model": "item/stone_hoe92"},
				{ "predicate": {"damaged": 0, "damage": 0.7121212121212122}, "model": "item/stone_hoe93"},
				{ "predicate": {"damaged": 0, "damage": 0.7196969696969697}, "model": "item/stone_hoe94"},
				{ "predicate": {"damaged": 0, "damage": 0.7272727272727273}, "model": "item/stone_hoe95"},
				{ "predicate": {"damaged": 0, "damage": 0.7348484848484849}, "model": "item/stone_hoe96"},
				{ "predicate": {"damaged": 0, "damage": 0.7424242424242424}, "model": "item/stone_hoe97"},
				{ "predicate": {"damaged": 0, "damage": 0.75}, "model": "item/stone_hoe98"},
				{ "predicate": {"damaged": 0, "damage": 0.7575757575757576}, "model": "item/stone_hoe99"},
				{ "predicate": {"damaged": 0, "damage": 0.7651515151515151}, "model": "item/stone_hoe100"},
				{ "predicate": {"damaged": 0, "damage": 0.7727272727272727}, "model": "item/stone_hoe101"},
				{ "predicate": {"damaged": 0, "damage": 0.7803030303030303}, "model": "item/stone_hoe102"},
				{ "predicate": {"damaged": 0, "damage": 0.7878787878787878}, "model": "item/stone_hoe103"},
				{ "predicate": {"damaged": 0, "damage": 0.7954545454545455}, "model": "item/stone_hoe104"},
				{ "predicate": {"damaged": 0, "damage": 0.8030303030303031}, "model": "item/stone_hoe105"},
				{ "predicate": {"damaged": 0, "damage": 0.8106060606060607}, "model": "item/stone_hoe106"},
				{ "predicate": {"damaged": 0, "damage": 0.8181818181818182}, "model": "item/stone_hoe107"},
				{ "predicate": {"damaged": 0, "damage": 0.8257575757575758}, "model": "item/stone_hoe108"},
				{ "predicate": {"damaged": 0, "damage": 0.8333333333333334}, "model": "item/stone_hoe109"},
				{ "predicate": {"damaged": 0, "damage": 0.8409090909090909}, "model": "item/stone_hoe110"},
				{ "predicate": {"damaged": 0, "damage": 0.8484848484848485}, "model": "item/stone_hoe111"},
				{ "predicate": {"damaged": 0, "damage": 0.8560606060606061}, "model": "item/stone_hoe112"},
				{ "predicate": {"damaged": 0, "damage": 0.8636363636363636}, "model": "item/stone_hoe113"},
				{ "predicate": {"damaged": 0, "damage": 0.8712121212121212}, "model": "item/stone_hoe114"},
				{ "predicate": {"damaged": 0, "damage": 0.8787878787878788}, "model": "item/stone_hoe115"},
				{ "predicate": {"damaged": 0, "damage": 0.8863636363636364}, "model": "item/stone_hoe116"},
				{ "predicate": {"damaged": 0, "damage": 0.8939393939393939}, "model": "item/stone_hoe117"},
				{ "predicate": {"damaged": 0, "damage": 0.9015151515151515}, "model": "item/stone_hoe118"},
				{ "predicate": {"damaged": 0, "damage": 0.9090909090909092}, "model": "item/stone_hoe119"},
				{ "predicate": {"damaged": 0, "damage": 0.9166666666666667}, "model": "item/stone_hoe120"},
				{ "predicate": {"damaged": 0, "damage": 0.9242424242424243}, "model": "item/stone_hoe121"},
				{ "predicate": {"damaged": 0, "damage": 0.9318181818181819}, "model": "item/stone_hoe122"},
				{ "predicate": {"damaged": 0, "damage": 0.9393939393939394}, "model": "item/stone_hoe123"},
				{ "predicate": {"damaged": 0, "damage": 0.946969696969697}, "model": "item/stone_hoe124"},
				{ "predicate": {"damaged": 0, "damage": 0.9545454545454546}, "model": "item/stone_hoe125"},
				{ "predicate": {"damaged": 0, "damage": 0.9621212121212122}, "model": "item/stone_hoe126"},
				{ "predicate": {"damaged": 0, "damage": 0.9696969696969697}, "model": "item/stone_hoe127"},
				{ "predicate": {"damaged": 0, "damage": 0.9772727272727273}, "model": "item/stone_hoe128"},
				{ "predicate": {"damaged": 0, "damage": 0.9848484848484849}, "model": "item/stone_hoe129"},
				{ "predicate": {"damaged": 0, "damage": 0.9924242424242424}, "model": "item/stone_hoe130"}
        ]
}