{
	"parent": "item/handheld",
	"textures": {
		"layer0": "items/gold_sword"
	},
	"overrides": [
		{ "predicate": {"damaged": 0, "damage": 0}, "model": "item/golden_sword"},
		{ "predicate": {"damaged": 0, "damage": 0.030303030303030304}, "model": "item/custom/golden0"},
		{ "predicate": {"damaged": 0, "damage": 0.06060606060606061}, "model": "item/custom/diamond0"},
		{ "predicate": {"damaged": 0, "damage": 0.09090909090909091}, "model": "item/custom/golden02"},
		{ "predicate": {"damaged": 0, "damage": 0.12121212121212122}, "model": "item/custom/golden03"},
		{ "predicate": {"damaged": 0, "damage": 0.15151515151515152}, "model": "item/custom/golden04"},
		{ "predicate": {"damaged": 0, "damage": 0.18181818181818182}, "model": "item/custom/golden05"},
		{ "predicate": {"damaged": 0, "damage": 0.21212121212121213}, "model": "item/custom/golden06"},
		{ "predicate": {"damaged": 0, "damage": 0.24242424242424243}, "model": "item/custom/golden07"},
		{ "predicate": {"damaged": 0, "damage": 0.2727272727272727}, "model": "item/custom/golden08"},
		{ "predicate": {"damaged": 0, "damage": 0.30303030303030304}, "model": "item/custom/golden09"},
		{ "predicate": {"damaged": 0, "damage": 0.33333333333333337}, "model": "item/custom/golden010"},
		{ "predicate": {"damaged": 0, "damage": 0.36363636363636365}, "model": "item/custom/golden011"},
		{ "predicate": {"damaged": 0, "damage": 0.3939393939393939}, "model": "item/custom/golden012"},
		{ "predicate": {"damaged": 0, "damage": 0.42424242424242425}, "model": "item/custom/golden013"},
		{ "predicate": {"damaged": 0, "damage": 0.4545454545454546}, "model": "item/custom/golden014"},
		{ "predicate": {"damaged": 0, "damage": 0.48484848484848486}, "model": "item/custom/golden015"},
		{ "predicate": {"damaged": 0, "damage": 0.5151515151515151}, "model": "item/custom/golden016"},
		{ "predicate": {"damaged": 0, "damage": 0.5454545454545454}, "model": "item/custom/golden017"},
		{ "predicate": {"damaged": 0, "damage": 0.5757575757575758}, "model": "item/custom/golden018"},
		{ "predicate": {"damaged": 0, "damage": 0.6060606060606061}, "model": "item/custom/golden019"},
		{ "predicate": {"damaged": 0, "damage": 0.6363636363636364}, "model": "item/custom/golden020"},
		{ "predicate": {"damaged": 0, "damage": 0.6666666666666667}, "model": "item/custom/golden021"},
		{ "predicate": {"damaged": 0, "damage": 0.696969696969697}, "model": "item/custom/golden022"},
		{ "predicate": {"damaged": 0, "damage": 0.7272727272727273}, "model": "item/custom/golden023"},
		{ "predicate": {"damaged": 0, "damage": 0.7575757575757576}, "model": "item/custom/golden024"},
		{ "predicate": {"damaged": 0, "damage": 0.7878787878787878}, "model": "item/custom/golden025"},
		{ "predicate": {"damaged": 0, "damage": 0.8181818181818182}, "model": "item/custom/golden026"},
		{ "predicate": {"damaged": 0, "damage": 0.8484848484848485}, "model": "item/custom/golden027"},
		{ "predicate": {"damaged": 0, "damage": 0.8787878787878788}, "model": "item/custom/golden028"},
		{ "predicate": {"damaged": 0, "damage": 0.9090909090909092}, "model": "item/custom/golden029"},
		{ "predicate": {"damaged": 0, "damage": 0.9393939393939394}, "model": "item/custom/golden030"},
		{ "predicate": {"damaged": 0, "damage": 0.9696969696969697}, "model": "item/custom/golden031"},
		{ "predicate": {"damaged": 1, "damage": 0}, "model": "item/golden_sword"}
	]
}