{
    "__comment": "Model generated using MrCrayfish's Model Creator (http://mrcrayfish.com/modelcreator/)",
    "textures": {
    "0": "custom/newyear2"
    },
    "elements": [
        {
            "name": "Cube",
            "from": [ 0.0, 0.0, 8.0 ], 
            "to": [ 16.0, 16.0, 8.1 ], 
            "rotation": { "origin": [ 8.0, 8.0, 8.0 ], "axis": "z", "angle": 45.0 },
            "faces": {
                "north": { "texture": "#0", "uv": [ 0.0, 0.0, 16.0, 16.0 ] },
                "east": { "texture": "#0", "uv": [ 0.0, 0.0, 0.1, 16.0 ] },
                "south": { "texture": "#0", "uv": [ 16.0, 0.0, 0.0, 16.0 ] },
                "west": { "texture": "#0", "uv": [ 0.0, 0.0, 0.1, 16.0 ] },
                "up": { "texture": "#0", "uv": [ 0.0, 0.0, 16.0, 0.1 ] },
                "down": { "texture": "#0", "uv": [ 0.0, 0.0, 16.0, 0.1 ] }
            }
        }
    ],
"display": {
    "thirdperson_righthand": {
        "rotation": [ -180, 0, -180 ],
        "translation": [ 0, 3, 0 ],
        "scale": [ 1, 1, 1 ]
    },
    "thirdperson_lefthand": {
        "rotation": [ -180, 0, -180 ],
        "translation": [ 0, 3, 0 ],
        "scale": [ 1, 1, 1 ]
    },
    "ground": {
        "rotation": [ 0, 0, 0 ],
        "translation": [ 0, 0, 0 ],
        "scale": [ 1, 1, 1 ]
    },
    "fixed": {
        "rotation": [ 0, 0, 180 ],
        "translation": [ 0, 0, 0 ],
        "scale": [ 1, 1, 1 ]
    },
    "firstperson_righthand": {
        "rotation": [ -30, 0, 0 ],
        "translation": [ 0, 0, 0 ],
        "scale": [ 1, 1, 1 ]
    },
    "firstperson_lefthand": {
        "rotation": [ 90, 0, 0 ],
        "translation": [ 0, 0, 0 ],
        "scale": [ 1, 1, 1 ]
    },
    "gui": {
        "rotation": [ 0, 0, 180 ],
        "translation": [ 0, 0, 0 ],
        "scale": [ 0.8, 0.8, 0.8 ]
    }
}
}