{
"__comment": "Designed by Corporalblober with BDcraft Cubik PRO 0.95 Beta - http://bdcraft.net",
"textures": {
    "0": "custom/light",
    "1": "custom/light",
    "2": "custom/light",
    "3": "custom/light"
},
"elements": [ 
{
    "from": [ 0, 9, 6.75 ],
    "to": [ 7.75, 9.25, 9.25 ],
    "faces": {
        "up":    { "uv": [ 1, 6.75, 8.75, 9.25 ], "texture": "#3" },
        "north": { "uv": [ 1, 6.75, 8.75, 7 ], "texture": "#3" },
        "south": { "uv": [ 1, 6.75, 8.75, 7 ], "texture": "#3" },
        "west":  { "uv": [ 6.75, 6.75, 9.25, 7 ], "texture": "#3", "cullface": "west" },
        "east":  { "uv": [ 6.75, 6.75, 9.25, 7 ], "texture": "#3" }
    }
},
{
    "from": [ 0, 7.75, 6.75 ],
    "to": [ 6.25, 9, 9.25 ],
    "faces": {
        "down":  { "uv": [ 16, 9.25, 9.75, 6.75 ], "texture": "#0" },
        "north": { "uv": [ 9.75, 7, 16, 8.25 ], "texture": "#0" },
        "south": { "uv": [ 0, 7, 6.25, 8.25 ], "texture": "#0" },
        "west":  { "uv": [ 6.75, 7, 9.25, 8.25 ], "texture": "#0", "cullface": "west" },
        "east":  { "uv": [ 6.75, 7, 9.25, 8.25 ], "texture": "#0" }
    }
},
{
    "from": [ 0, 9.25, 6.75 ],
    "to": [ 7.75, 10, 9.25 ],
    "faces": {
        "up":    { "uv": [ 1, 7, 8.75, 9 ], "texture": "#3" },
        "north": { "uv": [ 1, 6.25, 8.75, 6.75 ], "texture": "#3" },
        "south": { "uv": [ 1, 6.25, 8.75, 6.75 ], "texture": "#3" },
        "west":  { "uv": [ 7, 6.25, 9, 6.75 ], "texture": "#3", "cullface": "west" }
    }
},
{
    "from": [ 0, 10, 7 ],
    "to": [ 7.75, 10.25, 9 ],
    "faces": {
        "up":    { "uv": [ 1, 7.25, 8.5, 8.75 ], "texture": "#3" },
        "north": { "uv": [ 1, 5.75, 8.5, 6.25 ], "texture": "#3" },
        "south": { "uv": [ 1, 5.75, 8.5, 6.25 ], "texture": "#3" },
        "west":  { "uv": [ 7.25, 5.75, 8.75, 6.25 ], "texture": "#3" }
    }
},
{
    "from": [ 0, 7.5, 7.25 ],
    "to": [ 6, 7.75, 8.75 ],
    "faces": {
        "down":  { "uv": [ 16, 8.75, 10, 7.25 ], "texture": "#0" },
        "north": { "uv": [ 10, 8.25, 16, 8.5 ], "texture": "#0" },
        "south": { "uv": [ 0, 8.25, 6, 8.5 ], "texture": "#0" },
        "west":  { "uv": [ 7.25, 8.25, 8.75, 8.5 ], "texture": "#0" }
    }
},
{
    "from": [ 6, 7.25, 7 ],
    "to": [ 7.75, 7.75, 9 ],
    "faces": {
        "down":  { "uv": [ 10, 9, 8.25, 7 ], "texture": "#0" },
        "north": { "uv": [ 8.25, 8.25, 10, 8.75 ], "texture": "#0" },
        "south": { "uv": [ 6, 8.25, 7.75, 8.75 ], "texture": "#0" },
        "west":  { "uv": [ 7, 8.25, 9, 8.75 ], "texture": "#0" },
        "east":  { "uv": [ 7, 8.25, 9, 8.75 ], "texture": "#0" }
    }
},
{
    "from": [ 0, 7.25, 7.5 ],
    "to": [ 5.25, 7.5, 8.5 ],
    "faces": {
        "down":  { "uv": [ 16, 8.5, 10.75, 7.5 ], "texture": "#0" },
        "north": { "uv": [ 10.75, 8.5, 16, 8.75 ], "texture": "#0" },
        "south": { "uv": [ 0, 8.5, 5.25, 8.75 ], "texture": "#0" },
        "west":  { "uv": [ 7.5, 8.5, 8.5, 8.75 ], "texture": "#0" }
    }
},
{
    "from": [ 5.25, 7.25, 7.25 ],
    "to": [ 6, 7.5, 8.75 ],
    "faces": {
        "down":  { "uv": [ 10.75, 8.75, 10, 7.25 ], "texture": "#0" },
        "north": { "uv": [ 10, 8.5, 10.75, 8.75 ], "texture": "#0" },
        "south": { "uv": [ 5.25, 8.5, 6, 8.75 ], "texture": "#0" },
        "west":  { "uv": [ 7.25, 8.5, 8.75, 8.75 ], "texture": "#0" }
    }
},
{
    "from": [ 6.25, 8.5, 7 ],
    "to": [ 7.75, 9, 9.25 ],
    "faces": {
        "down":  { "uv": [ 4.75, 7, 15, 9.25 ], "texture": "#3", "cullface": "east" },
        "up":    { "uv": [ 4.75, 7, 15, 9.25 ], "texture": "#3", "cullface": "east" },
        "north": { "uv": [ 4.75, 6.75, 15, 8.5 ], "texture": "#3", "cullface": "east" },
        "south": { "uv": [ 4.75, 6.75, 15, 8.5 ], "texture": "#3", "cullface": "east" },
        "west":  { "uv": [ 7, 6.75, 9.25, 8.5 ], "texture": "#3", "cullface": "east" },
        "east":  { "uv": [ 7, 6.75, 9.25, 8.5 ], "texture": "#3", "cullface": "east" }
    }
},
{
    "from": [ 7.75, 9.25, 6.75 ],
    "to": [ 18, 10, 9.25 ],
    "faces": {
        "up":    { "uv": [ 4.75, 7, 15, 9 ], "texture": "#3", "cullface": "east" },
        "north": { "uv": [ 4.75, 6.25, 15, 6.75 ], "texture": "#3", "cullface": "east" },
        "south": { "uv": [ 4.75, 6.25, 15, 6.75 ], "texture": "#3", "cullface": "east" }
    }
},
{
    "from": [ 7.75, 10, 7 ],
    "to": [ 18, 10.25, 9 ],
    "faces": {
        "up":    { "uv": [ 4.75, 7.25, 15, 8.75 ], "texture": "#3", "cullface": "east" },
        "north": { "uv": [ 4.75, 5.75, 15, 6.25 ], "texture": "#3", "cullface": "east" },
        "south": { "uv": [ 4.75, 5.75, 15, 6.25 ], "texture": "#3", "cullface": "east" }
    }
},
{
    "from": [ 7.75, 6.5, 7.25 ],
    "to": [ 10, 7.5, 8.75 ],
    "faces": {
        "down":  { "uv": [ 8.25, 8.75, 6, 7.25 ], "texture": "#3" },
        "north": { "uv": [ 6, 8.5, 8.25, 9.5 ], "texture": "#3" },
        "south": { "uv": [ 7.75, 8.5, 10, 9.5 ], "texture": "#3" },
        "west":  { "uv": [ 7.25, 8.5, 8.75, 9.5 ], "texture": "#3" },
        "east":  { "uv": [ 7.25, 8.5, 8.75, 9.5 ], "texture": "#3" }
    }
},
{
    "from": [ 8, 5.25, 7.25 ],
    "to": [ 8.75, 5.5, 8.75 ],
    "faces": {
        "up":    { "uv": [ 8, 7.25, 8.75, 8.75 ], "texture": "#3" },
        "north": { "uv": [ 7.25, 10.5, 8, 10.75 ], "texture": "#3" },
        "south": { "uv": [ 8, 10.5, 8.75, 10.75 ], "texture": "#3" },
        "west":  { "uv": [ 7.25, 10.5, 8.75, 10.75 ], "texture": "#3" }
    }
},
{
    "from": [ 8.75, 5, 7.25 ],
    "to": [ 9.75, 6.5, 8.75 ],
    "faces": {
        "north": { "uv": [ 6.25, 9.5, 7.25, 11 ], "texture": "#3" },
        "south": { "uv": [ 8.75, 9.5, 9.75, 11 ], "texture": "#3" },
        "west":  { "uv": [ 7.25, 9.5, 8.75, 11 ], "texture": "#3" },
        "east":  { "uv": [ 7.25, 9.5, 8.75, 11 ], "texture": "#3" }
    }
},
{
    "from": [ 7.625, 5.4375, 7.125 ],
    "to": [ 10.125, 5.6875, 8.875 ],
    "rotation": { "origin": [ 7.625, 5.6875, 7.125 ], "axis": "z", "angle": -22.5 },
    "faces": {
        "down":  { "uv": [ 8.375, 8.875, 6.125, 7.125 ], "texture": "#3" },
        "up":    { "uv": [ 7.625, 7.125, 9.875, 8.875 ], "texture": "#3" },
        "north": { "uv": [ 6.125, 10.5, 8.375, 10.75 ], "texture": "#3" },
        "south": { "uv": [ 7.625, 10.5, 9.875, 10.75 ], "texture": "#3" },
        "west":  { "uv": [ 7.125, 10.5, 8.875, 10.75 ], "texture": "#3" },
        "east":  { "uv": [ 7.125, 10.5, 8.875, 10.75 ], "texture": "#3" }
    }
},
{
    "from": [ 8.125, 1, 7.375 ],
    "to": [ 9.875, 6, 8.625 ],
    "rotation": { "origin": [ 8.125, 6, 7.375 ], "axis": "z", "angle": -22.5 },
    "faces": {
        "down":  { "uv": [ 8.125, 8.625, 6.375, 7.375 ], "texture": "#2" },
        "up":    { "uv": [ 7.875, 7.375, 9.625, 8.625 ], "texture": "#2" },
        "north": { "uv": [ 6.375, 10.75, 8.125, 13 ], "texture": "#2" },
        "south": { "uv": [ 7.875, 10.75, 9.625, 13 ], "texture": "#2" },
        "west":  { "uv": [ 7.375, 10.75, 8.625, 13 ], "texture": "#2" },
        "east":  { "uv": [ 7.375, 10.75, 8.625, 13 ], "texture": "#2" }
    }
},
{
    "from": [ 11.5625, 5, 7.75 ],
    "to": [ 13.5625, 5.25, 8.25 ],
    "faces": {
        "down":  { "uv": [ 4.4375, 8.25, 2.4375, 7.75 ], "texture": "#0" },
        "up":    { "uv": [ 11.5625, 7.75, 13.5625, 8.25 ], "texture": "#0" },
        "north": { "uv": [ 2.4375, 10.75, 4.4375, 11 ], "texture": "#0" },
        "south": { "uv": [ 11.5625, 10.75, 13.5625, 11 ], "texture": "#0" },
        "west":  { "uv": [ 7.75, 10.75, 8.25, 11 ], "texture": "#0" },
        "east":  { "uv": [ 7.75, 10.75, 8.25, 11 ], "texture": "#0" }
    }
},
{
    "from": [ 14, 5.25, 7.5 ],
    "to": [ 16.25, 7.5, 8.5 ],
    "faces": {
        "down":  { "uv": [ 2, 8.5, 0, 7.5 ], "texture": "#0", "cullface": "east" },
        "north": { "uv": [ 0, 8.5, 2, 10.75 ], "texture": "#0", "cullface": "east" },
        "south": { "uv": [ 14, 8.5, 16, 10.75 ], "texture": "#0", "cullface": "east" },
        "west":  { "uv": [ 7.5, 8.5, 8.5, 10.75 ], "texture": "#0", "cullface": "east" },
        "east":  { "uv": [ 7.5, 8.5, 8.5, 10.75 ], "texture": "#0", "cullface": "east" }
    }
},
{
    "from": [ 10, 6.75, 7.5 ],
    "to": [ 14, 7.5, 8.5 ],
    "faces": {
        "down":  { "uv": [ 6, 8.5, 2, 7.5 ], "texture": "#0" },
        "north": { "uv": [ 2, 8.5, 6, 9.25 ], "texture": "#0" },
        "south": { "uv": [ 10, 8.5, 14, 9.25 ], "texture": "#0" },
        "west":  { "uv": [ 7.5, 8.5, 8.5, 9.25 ], "texture": "#0" }
    }
},
{
    "from": [ 13.4375, 5, 7.75 ],
    "to": [ 14.1875, 5.25, 8.25 ],
    "rotation": { "origin": [ 13.4375, 5.25, 7.75 ], "axis": "z", "angle": 22.5 },
    "faces": {
        "down":  { "uv": [ 2.25, 8.5, 1.5, 7.5 ], "texture": "#0" },
        "up":    { "uv": [ 13.75, 7.5, 14.5, 8.5 ], "texture": "#0" },
        "north": { "uv": [ 1.5, 11.75, 2.25, 12 ], "texture": "#0" },
        "south": { "uv": [ 13.75, 11.75, 14.5, 12 ], "texture": "#0" },
        "west":  { "uv": [ 7.5, 11.75, 8.5, 12 ], "texture": "#0" },
        "east":  { "uv": [ 7.5, 11.75, 8.5, 12 ], "texture": "#0" }
    }
},
{
    "from": [ 14.25, 1.5, 7.5 ],
    "to": [ 16.25, 5.5, 8.5 ],
    "rotation": { "origin": [ 14.25, 5.5, 7.5 ], "axis": "z", "angle": 22.5 },
    "faces": {
        "down":  { "uv": [ 0, 8.5, 0, 7.5 ], "texture": "#0", "cullface": "east" },
        "up":    { "uv": [ 16, 7.5, 16, 8.5 ], "texture": "#0", "cullface": "east" },
        "north": { "uv": [ 0, 10.5, 0, 14.5 ], "texture": "#0", "cullface": "east" },
        "south": { "uv": [ 16, 10.5, 16, 14.5 ], "texture": "#0", "cullface": "east" },
        "west":  { "uv": [ 7.5, 10.5, 8.5, 14.5 ], "texture": "#0", "cullface": "east" },
        "east":  { "uv": [ 7.5, 10.5, 8.5, 14.5 ], "texture": "#0", "cullface": "east" }
    }
},
{
    "from": [ 14.5, 1.5625, 7.25 ],
    "to": [ 16, 5.5625, 8.75 ],
    "rotation": { "origin": [ 14.5, 5.5625, 7.25 ], "axis": "z", "angle": 22.5 },
    "faces": {
        "down":  { "uv": [ 0, 8.5, 0, 7.5 ], "texture": "#0" },
        "up":    { "uv": [ 16, 7.5, 16, 8.5 ], "texture": "#0" },
        "north": { "uv": [ 0, 11.75, 0, 15.75 ], "texture": "#0" },
        "south": { "uv": [ 16, 11.75, 16, 15.75 ], "texture": "#0" },
        "west":  { "uv": [ 7.5, 11.75, 8.5, 15.75 ], "texture": "#0" },
        "east":  { "uv": [ 7.5, 11.75, 8.5, 15.75 ], "texture": "#0", "cullface": "east" }
    }
},
{
    "from": [ 15.5, 1.6875, 7.25 ],
    "to": [ 16, 1.9375, 8.75 ],
    "rotation": { "origin": [ 15.5, 1.9375, 7.25 ], "axis": "z", "angle": 22.5 },
    "faces": {
        "down":  { "uv": [ 0.5, 8.5, 0, 7.5 ], "texture": "#0" },
        "up":    { "uv": [ 15.5, 7.5, 16, 8.5 ], "texture": "#0" },
        "north": { "uv": [ 0, 3.75, 0.5, 4 ], "texture": "#0" },
        "south": { "uv": [ 15.5, 3.75, 16, 4 ], "texture": "#0" },
        "west":  { "uv": [ 7.5, 3.75, 8.5, 4 ], "texture": "#0" },
        "east":  { "uv": [ 7.5, 3.75, 8.5, 4 ], "texture": "#0", "cullface": "east" }
    }
},
{
    "from": [ 14.5, 5.5, 7.25 ],
    "to": [ 16, 7.5, 8.75 ],
    "faces": {
        "down":  { "uv": [ 1.5, 8.75, 0, 7.25 ], "texture": "#0" },
        "north": { "uv": [ 0, 8.5, 1.5, 10.5 ], "texture": "#0" },
        "south": { "uv": [ 14.5, 8.5, 16, 10.5 ], "texture": "#0" },
        "west":  { "uv": [ 7.25, 8.5, 8.75, 10.5 ], "texture": "#0" },
        "east":  { "uv": [ 7.25, 8.5, 8.75, 10.5 ], "texture": "#0", "cullface": "east" }
    }
},
{
    "from": [ 14.25, 6, 7.25 ],
    "to": [ 14.5, 7.5, 8.75 ],
    "faces": {
        "down":  { "uv": [ 1.75, 8.75, 1.5, 7.25 ], "texture": "#0" },
        "north": { "uv": [ 1.5, 8.5, 1.75, 10 ], "texture": "#0" },
        "south": { "uv": [ 14.25, 8.5, 14.5, 10 ], "texture": "#0" },
        "west":  { "uv": [ 7.25, 8.5, 8.75, 10 ], "texture": "#0" }
    }
},
{
    "from": [ 11.5, 6.75, 7 ],
    "to": [ 12.25, 7.5, 7.5 ],
    "faces": {
        "down":  { "uv": [ 4.5, 7.5, 3.75, 7 ], "texture": "#2" },
        "north": { "uv": [ 3.75, 8.5, 4.5, 9.25 ], "texture": "#2" },
        "west":  { "uv": [ 7, 8.5, 7.5, 9.25 ], "texture": "#2" },
        "east":  { "uv": [ 8.5, 8.5, 9, 9.25 ], "texture": "#2" }
    }
},
{
    "from": [ 13.25, 5.625, 7.875 ],
    "to": [ 13.5, 6.375, 8.125 ],
    "rotation": { "origin": [ 13.25, 6.375, 7.875 ], "axis": "z", "angle": -22.5 },
    "faces": {
        "down":  { "uv": [ 8.5, 8.125, 8.25, 7.875 ], "texture": "#0" },
        "up":    { "uv": [ 7.5, 7.875, 7.75, 8.125 ], "texture": "#0" },
        "north": { "uv": [ 8.25, 0, 8.5, 1.25 ], "texture": "#0" },
        "south": { "uv": [ 7.5, 0, 7.75, 1.25 ], "texture": "#0" },
        "west":  { "uv": [ 7.875, 0, 8.125, 1.25 ], "texture": "#0" },
        "east":  { "uv": [ 7.875, 0, 8.125, 1.25 ], "texture": "#0" }
    }
},
{
    "from": [ 13.25, 6.25, 7.875 ],
    "to": [ 13.5, 6.75, 8.125 ],
    "faces": {
        "down":  { "uv": [ 2.75, 8.125, 2.5, 7.875 ], "texture": "#0" },
        "north": { "uv": [ 2.5, 9.25, 2.75, 9.75 ], "texture": "#0" },
        "south": { "uv": [ 13.25, 9.25, 13.5, 9.75 ], "texture": "#0" },
        "west":  { "uv": [ 7.875, 9.25, 8.125, 9.75 ], "texture": "#0" },
        "east":  { "uv": [ 7.875, 9.25, 8.125, 9.75 ], "texture": "#0" }
    }
},
{
    "from": [ 12.75, 6, 7.875 ],
    "to": [ 13, 7, 8.125 ],
    "rotation": { "origin": [ 12.75, 7, 7.875 ], "axis": "z", "angle": 22.5 },
    "faces": {
        "down":  { "uv": [ 6.0625, 8.125, 5.8125, 7.875 ], "texture": "#0" },
        "up":    { "uv": [ 9.9375, 7.875, 10.1875, 8.125 ], "texture": "#0" },
        "north": { "uv": [ 5.8125, 1.8125, 6.0625, 2.8125 ], "texture": "#0" },
        "south": { "uv": [ 9.9375, 1.8125, 10.1875, 2.8125 ], "texture": "#0" },
        "west":  { "uv": [ 7.875, 1.8125, 8.125, 2.8125 ], "texture": "#0" },
        "east":  { "uv": [ 7.875, 1.8125, 8.125, 2.8125 ], "texture": "#0" }
    }
},
{
    "from": [ 13.0625, 6.3125, 7.875 ],
    "to": [ 13.3125, 6.8125, 8.125 ],
    "faces": {
        "down":  { "uv": [ 2.9375, 8.125, 2.6875, 7.875 ], "texture": "#0" },
        "up":    { "uv": [ 13.0625, 7.875, 13.3125, 8.125 ], "texture": "#0" },
        "north": { "uv": [ 2.6875, 9.1875, 2.9375, 9.6875 ], "texture": "#0" },
        "south": { "uv": [ 13.0625, 9.1875, 13.3125, 9.6875 ], "texture": "#0" },
        "west":  { "uv": [ 7.875, 9.1875, 8.125, 9.6875 ], "texture": "#0" },
        "east":  { "uv": [ 7.875, 9.1875, 8.125, 9.6875 ], "texture": "#0" }
    }
},
{
    "from": [ 10.75, 7.5, 6.75 ],
    "to": [ 18, 9.25, 7 ],
    "faces": {
        "down":  { "uv": [ 7.75, 6.75, 15, 7 ], "texture": "#3", "cullface": "east" },
        "up":    { "uv": [ 7.75, 6.75, 15, 7 ], "texture": "#3", "cullface": "east" },
        "north": { "uv": [ 7.75, 6.75, 15, 8.5 ], "texture": "#3", "cullface": "east" },
        "west":  { "uv": [ 6.75, 6.75, 7, 8.5 ], "texture": "#3", "cullface": "east" },
        "east":  { "uv": [ 6.75, 6.75, 7, 8.5 ], "texture": "#3", "cullface": "east" }
    }
},
{
    "from": [ 8.25, 8, 6.75 ],
    "to": [ 10.25, 8.5, 7 ],
    "faces": {
        "up":    { "uv": [ 8.25, 6.75, 10.25, 7 ], "texture": "#2" },
        "north": { "uv": [ 5.75, 7.5, 7.75, 8 ], "texture": "#2" }
    }
},
{
    "from": [ 8.5, 8.5, 6.75 ],
    "to": [ 9.5, 9, 7 ],
    "faces": {
        "north": { "uv": [ 6.5, 7, 7.5, 7.5 ], "texture": "#1" }
    }
},
{
    "from": [ 9.5, 8.5, 6.75 ],
    "to": [ 10.25, 9, 7 ],
    "faces": {
        "north": { "uv": [ 5.75, 7, 6.5, 7.5 ], "texture": "#2" }
    }
},
{
    "from": [ 8.25, 8.5, 6.75 ],
    "to": [ 8.5, 9, 7 ],
    "faces": {
        "north": { "uv": [ 7.5, 7, 7.75, 7.5 ], "texture": "#2" }
    }
},
{
    "from": [ 7.75, 9, 6.75 ],
    "to": [ 10.75, 9.25, 7 ],
    "faces": {
        "down":  { "uv": [ 8.25, 7, 5.25, 6.75 ], "texture": "#3" },
        "up":    { "uv": [ 7.75, 6.75, 10.75, 7 ], "texture": "#3" },
        "north": { "uv": [ 5.25, 6.75, 8.25, 7 ], "texture": "#3" }
    }
},
{
    "from": [ 7.75, 7.5, 6.75 ],
    "to": [ 10.75, 8, 7 ],
    "faces": {
        "down":  { "uv": [ 8.25, 7, 5.25, 6.75 ], "texture": "#3" },
        "up":    { "uv": [ 7.75, 6.75, 10.75, 7 ], "texture": "#3" },
        "north": { "uv": [ 5.25, 8, 8.25, 8.5 ], "texture": "#3" },
        "west":  { "uv": [ 6.75, 8, 7, 8.5 ], "texture": "#3" }
    }
},
{
    "from": [ 7.75, 8, 6.75 ],
    "to": [ 8.25, 9, 7 ],
    "faces": {
        "north": { "uv": [ 7.75, 7, 8.25, 8 ], "texture": "#3" },
        "west":  { "uv": [ 6.75, 7, 7, 8 ], "texture": "#3" },
        "east":  { "uv": [ 9, 7, 9.25, 8 ], "texture": "#3" }
    }
},
{
    "from": [ 10.25, 8, 6.75 ],
    "to": [ 10.75, 9, 7 ],
    "faces": {
        "north": { "uv": [ 5.25, 7, 5.75, 8 ], "texture": "#3" },
        "west":  { "uv": [ 6.75, 7, 7, 8 ], "texture": "#3" }
    }
},
{
    "from": [ 13.5, 8, 6.25 ],
    "to": [ 17.25, 8.5, 6.75 ],
    "faces": {
        "down":  { "uv": [ 2.5, 6.75, 0, 6.25 ], "texture": "#2", "cullface": "east" },
        "up":    { "uv": [ 13.5, 6.25, 16, 6.75 ], "texture": "#2", "cullface": "east" },
        "north": { "uv": [ 0, 7.5, 2.5, 8 ], "texture": "#2", "cullface": "east" },
        "west":  { "uv": [ 6.25, 7.5, 6.75, 8 ], "texture": "#2", "cullface": "east" },
        "east":  { "uv": [ 9.25, 7.5, 9.75, 8 ], "texture": "#2", "cullface": "east" }
    }
},
{
    "from": [ 15.25, 6.25, 7.5 ],
    "to": [ 17.25, 7.25, 8.5 ],
    "rotation": { "origin": [ 15.25, 7.25, 7.5 ], "axis": "z", "angle": 45 },
    "faces": {
        "down":  { "uv": [ 8.5, 8.5, 6.5, 7.5 ], "texture": "#0", "cullface": "east" },
        "up":    { "uv": [ 7.5, 7.5, 9.5, 8.5 ], "texture": "#0", "cullface": "east" },
        "north": { "uv": [ 6.5, 0, 8.5, 1 ], "texture": "#0", "cullface": "east" },
        "south": { "uv": [ 7.5, 0, 9.5, 1 ], "texture": "#0", "cullface": "east" },
        "west":  { "uv": [ 7.5, 0, 8.5, 1 ], "texture": "#0", "cullface": "east" },
        "east":  { "uv": [ 7.5, 0, 8.5, 1 ], "texture": "#0", "cullface": "east" }
    }
},
{
    "from": [ 15.25, 6.75, 7.5 ],
    "to": [ 17.5, 7.25, 8.5 ],
    "rotation": { "origin": [ 15.25, 7.25, 7.5 ], "axis": "z", "angle": 22.5 },
    "faces": {
        "down":  { "uv": [ 8.5, 8.5, 6.25, 7.5 ], "texture": "#0", "cullface": "east" },
        "up":    { "uv": [ 7.5, 7.5, 9.75, 8.5 ], "texture": "#0", "cullface": "east" },
        "north": { "uv": [ 6.25, 0, 8.5, 0.5 ], "texture": "#0", "cullface": "east" },
        "south": { "uv": [ 7.5, 0, 9.75, 0.5 ], "texture": "#0", "cullface": "east" },
        "west":  { "uv": [ 7.5, 0, 8.5, 0.5 ], "texture": "#0", "cullface": "east" },
        "east":  { "uv": [ 7.5, 0, 8.5, 0.5 ], "texture": "#0", "cullface": "east" }
    }
},
{
    "from": [ 12.625, 8, 7.125 ],
    "to": [ 13.875, 8.5, 7.875 ],
    "rotation": { "origin": [ 12.625, 8, 7.125 ], "axis": "y", "angle": 45 },
    "faces": {
        "down":  { "uv": [ 5.5, 4.25, 4.25, 3.5 ], "texture": "#2" },
        "up":    { "uv": [ 10.5, 3.5, 11.75, 4.25 ], "texture": "#2" },
        "north": { "uv": [ 4.25, 0, 5.5, 1 ], "texture": "#2" },
        "south": { "uv": [ 10.5, 0, 11.75, 1 ], "texture": "#2" },
        "west":  { "uv": [ 3.5, 0, 4.25, 1 ], "texture": "#2" },
        "east":  { "uv": [ 11.75, 0, 12.5, 1 ], "texture": "#2" }
    }
},
{
    "from": [ 16.75, 8, 6.75 ],
    "to": [ 17.5, 8.5, 7.75 ],
    "rotation": { "origin": [ 16.75, 8, 6.75 ], "axis": "y", "angle": 45 },
    "faces": {
        "down":  { "uv": [ 4.5, 4.75, 3.75, 3.5 ], "texture": "#2", "cullface": "east" },
        "up":    { "uv": [ 11.5, 3.5, 12.25, 4.75 ], "texture": "#2", "cullface": "east" },
        "north": { "uv": [ 3.75, 0, 4.5, 1 ], "texture": "#2", "cullface": "east" },
        "south": { "uv": [ 11.5, 0, 12.25, 1 ], "texture": "#2", "cullface": "east" },
        "west":  { "uv": [ 3.5, 0, 4.75, 1 ], "texture": "#2", "cullface": "east" },
        "east":  { "uv": [ 11.25, 0, 12.5, 1 ], "texture": "#2", "cullface": "east" }
    }
},
{
    "from": [ 18, 9.75, 7 ],
    "to": [ 19.5, 10.25, 9 ],
    "faces": {
        "up":    { "uv": [ 16, 7, 16, 9 ], "texture": "#0", "cullface": "east" },
        "north": { "uv": [ 0, 5.75, 0, 6.25 ], "texture": "#0", "cullface": "east" },
        "south": { "uv": [ 16, 5.75, 16, 6.25 ], "texture": "#0", "cullface": "east" },
        "west":  { "uv": [ 7, 5.75, 9, 6.25 ], "texture": "#0", "cullface": "east" },
        "east":  { "uv": [ 7, 5.75, 9, 6.25 ], "texture": "#0", "cullface": "east" }
    }
},
{
    "from": [ 18, 9.25, 6.75 ],
    "to": [ 19.25, 9.75, 9.25 ],
    "faces": {
        "down":  { "uv": [ 0, 9.25, 0, 6.75 ], "texture": "#0", "cullface": "east" },
        "up":    { "uv": [ 16, 6.75, 16, 9.25 ], "texture": "#0", "cullface": "east" },
        "north": { "uv": [ 0, 6.25, 0, 6.75 ], "texture": "#0", "cullface": "east" },
        "south": { "uv": [ 16, 6.25, 16, 6.75 ], "texture": "#0", "cullface": "east" },
        "west":  { "uv": [ 6.75, 6.25, 9.25, 6.75 ], "texture": "#0", "cullface": "east" },
        "east":  { "uv": [ 6.75, 6.25, 9.25, 6.75 ], "texture": "#0", "cullface": "east" }
    }
},
{
    "from": [ 18, 8.5, 7.25 ],
    "to": [ 19, 9.25, 8.75 ],
    "faces": {
        "down":  { "uv": [ 0, 8.75, 0, 7.25 ], "texture": "#0", "cullface": "east" },
        "north": { "uv": [ 0, 6.75, 0, 7.5 ], "texture": "#0", "cullface": "east" },
        "south": { "uv": [ 16, 6.75, 16, 7.5 ], "texture": "#0", "cullface": "east" },
        "east":  { "uv": [ 7.25, 6.75, 8.75, 7.5 ], "texture": "#0", "cullface": "east" }
    }
},
{
    "from": [ 19, 8.5, 7.25 ],
    "to": [ 19.5, 9.25, 8.75 ],
    "faces": {
        "down":  { "uv": [ 0, 8.75, 0, 7.25 ], "texture": "#0", "cullface": "east" },
        "north": { "uv": [ 0, 6.75, 0, 7.5 ], "texture": "#0", "cullface": "east" },
        "south": { "uv": [ 16, 6.75, 16, 7.5 ], "texture": "#0", "cullface": "east" },
        "east":  { "uv": [ 7.25, 6.75, 8.75, 7.5 ], "texture": "#0", "cullface": "east" }
    }
},
{
    "from": [ 18, 10.1875, 7.25 ],
    "to": [ 19.25, 10.4375, 8.75 ],
    "faces": {
        "down":  { "uv": [ 0, 8.75, 0, 7.25 ], "texture": "#0", "cullface": "east" },
        "up":    { "uv": [ 16, 7.25, 16, 8.75 ], "texture": "#0", "cullface": "east" },
        "north": { "uv": [ 0, 5.5625, 0, 5.8125 ], "texture": "#0", "cullface": "east" },
        "south": { "uv": [ 16, 5.5625, 16, 5.8125 ], "texture": "#0", "cullface": "east" },
        "west":  { "uv": [ 7.25, 5.5625, 8.75, 5.8125 ], "texture": "#0", "cullface": "east" },
        "east":  { "uv": [ 7.25, 5.5625, 8.75, 5.8125 ], "texture": "#0", "cullface": "east" }
    }
},
{
    "from": [ 19.25, 9.25, 7 ],
    "to": [ 19.75, 9.75, 9 ],
    "faces": {
        "down":  { "uv": [ 0, 9, 0, 7 ], "texture": "#0", "cullface": "east" },
        "up":    { "uv": [ 16, 7, 16, 9 ], "texture": "#0", "cullface": "east" },
        "north": { "uv": [ 0, 6.25, 0, 6.75 ], "texture": "#0", "cullface": "east" },
        "south": { "uv": [ 16, 6.25, 16, 6.75 ], "texture": "#0", "cullface": "east" },
        "east":  { "uv": [ 7, 6.25, 9, 6.75 ], "texture": "#0", "cullface": "east" }
    }
},
{
    "from": [ 18.25, 8.5, 7 ],
    "to": [ 18.75, 9, 9 ],
    "faces": {
        "down":  { "uv": [ 0, 9, 0, 7 ], "texture": "#1", "cullface": "east" },
        "up":    { "uv": [ 16, 7, 16, 9 ], "texture": "#1", "cullface": "east" },
        "north": { "uv": [ 0, 7, 0, 7.5 ], "texture": "#1", "cullface": "east" },
        "south": { "uv": [ 16, 7, 16, 7.5 ], "texture": "#1", "cullface": "east" },
        "west":  { "uv": [ 7, 7, 9, 7.5 ], "texture": "#1", "cullface": "east" },
        "east":  { "uv": [ 7, 7, 9, 7.5 ], "texture": "#1", "cullface": "east" }
    }
},
{
    "from": [ 18.75, 7.8125, 7.25 ],
    "to": [ 19.75, 9.1875, 8.75 ],
    "rotation": { "origin": [ 18.75, 9.1875, 7.25 ], "axis": "z", "angle": -45 },
    "faces": {
        "down":  { "uv": [ 0, 8.5, 0, 7.5 ], "texture": "#0", "cullface": "east" },
        "up":    { "uv": [ 16, 7.5, 16, 8.5 ], "texture": "#0", "cullface": "east" },
        "north": { "uv": [ 0, 0, 0, 2 ], "texture": "#0", "cullface": "east" },
        "south": { "uv": [ 16, 0, 16, 2 ], "texture": "#0", "cullface": "east" },
        "west":  { "uv": [ 7.5, 0, 8.5, 2 ], "texture": "#0", "cullface": "east" },
        "east":  { "uv": [ 7.5, 0, 8.5, 2 ], "texture": "#0", "cullface": "east" }
    }
},
{
    "from": [ 19.5, 9, 7.75 ],
    "to": [ 26.75, 9.5, 8.25 ],
    "faces": {
        "down":  { "uv": [ 0, 8.25, 0, 7.75 ], "texture": "#1", "cullface": "east" },
        "up":    { "uv": [ 16, 7.75, 16, 8.25 ], "texture": "#1", "cullface": "east" },
        "north": { "uv": [ 0, 6.5, 0, 7 ], "texture": "#1", "cullface": "east" },
        "south": { "uv": [ 16, 6.5, 16, 7 ], "texture": "#1", "cullface": "east" }
    }
},
{
    "from": [ 19.25, 9.5, 7.75 ],
    "to": [ 20.25, 10, 8.25 ],
    "faces": {
        "down":  { "uv": [ 0, 8.25, 0, 7.75 ], "texture": "#0", "cullface": "east" },
        "up":    { "uv": [ 16, 7.75, 16, 8.25 ], "texture": "#0", "cullface": "east" },
        "north": { "uv": [ 0, 6, 0, 6.5 ], "texture": "#0", "cullface": "east" },
        "south": { "uv": [ 16, 6, 16, 6.5 ], "texture": "#0", "cullface": "east" },
        "west":  { "uv": [ 7.75, 6, 8.25, 6.5 ], "texture": "#0", "cullface": "east" },
        "east":  { "uv": [ 7.75, 6, 8.25, 6.5 ], "texture": "#0", "cullface": "east" }
    }
},
{
    "from": [ 26.75, 8.5, 7.5 ],
    "to": [ 27.75, 10, 8.5 ],
    "faces": {
        "down":  { "uv": [ 0, 8.5, 0, 7.5 ], "texture": "#0", "cullface": "east" },
        "up":    { "uv": [ 16, 7.5, 16, 8.5 ], "texture": "#0", "cullface": "east" },
        "north": { "uv": [ 0, 6, 0, 7.5 ], "texture": "#0", "cullface": "east" },
        "south": { "uv": [ 16, 6, 16, 7.5 ], "texture": "#0", "cullface": "east" },
        "west":  { "uv": [ 7.5, 6, 8.5, 7.5 ], "texture": "#0", "cullface": "east" },
        "east":  { "uv": [ 7.5, 6, 8.5, 7.5 ], "texture": "#0", "cullface": "east" }
    }
},
{
    "from": [ 26.75, 8.75, 7.25 ],
    "to": [ 28, 9.75, 8.75 ],
    "faces": {
        "down":  { "uv": [ 0, 8.75, 0, 7.25 ], "texture": "#0", "cullface": "east" },
        "up":    { "uv": [ 16, 7.25, 16, 8.75 ], "texture": "#0", "cullface": "east" },
        "north": { "uv": [ 0, 6.25, 0, 7.25 ], "texture": "#0", "cullface": "east" },
        "south": { "uv": [ 16, 6.25, 16, 7.25 ], "texture": "#0", "cullface": "east" },
        "west":  { "uv": [ 7.25, 6.25, 8.75, 7.25 ], "texture": "#0", "cullface": "east" },
        "east":  { "uv": [ 7.25, 6.25, 8.75, 7.25 ], "texture": "#0", "cullface": "east" }
    }
},
{
    "from": [ 27.25, 7.75, 7.5 ],
    "to": [ 28, 10.5, 8.5 ],
    "faces": {
        "down":  { "uv": [ 0, 8.5, 0, 7.5 ], "texture": "#0", "cullface": "east" },
        "up":    { "uv": [ 16, 7.5, 16, 8.5 ], "texture": "#0", "cullface": "east" },
        "north": { "uv": [ 0, 5.5, 0, 8.25 ], "texture": "#0", "cullface": "east" },
        "south": { "uv": [ 16, 5.5, 16, 8.25 ], "texture": "#0", "cullface": "east" },
        "west":  { "uv": [ 7.5, 5.5, 8.5, 8.25 ], "texture": "#0", "cullface": "east" },
        "east":  { "uv": [ 7.5, 5.5, 8.5, 8.25 ], "texture": "#0", "cullface": "east" }
    }
},
{
    "from": [ 7.25, 10.25, 7.5 ],
    "to": [ 7.5, 10.5, 8.5 ],
    "faces": {
        "up":    { "uv": [ 7.25, 7.5, 7.5, 8.5 ], "texture": "#2" },
        "north": { "uv": [ 8.5, 5.5, 8.75, 5.75 ], "texture": "#2" },
        "south": { "uv": [ 7.25, 5.5, 7.5, 5.75 ], "texture": "#2" },
        "west":  { "uv": [ 7.5, 5.5, 8.5, 5.75 ], "texture": "#2" },
        "east":  { "uv": [ 7.5, 5.5, 8.5, 5.75 ], "texture": "#2" }
    }
},
{
    "from": [ 13.25, 10.25, 7.5 ],
    "to": [ 18, 10.5, 8.5 ],
    "faces": {
        "down":  { "uv": [ 2.75, 8.5, 0, 7.5 ], "texture": "#2", "cullface": "east" },
        "up":    { "uv": [ 13.25, 7.5, 16, 8.5 ], "texture": "#2", "cullface": "east" },
        "north": { "uv": [ 0, 5.5, 2.75, 5.75 ], "texture": "#2", "cullface": "east" },
        "south": { "uv": [ 13.25, 5.5, 16, 5.75 ], "texture": "#2", "cullface": "east" },
        "west":  { "uv": [ 7.5, 5.5, 8.5, 5.75 ], "texture": "#2", "cullface": "east" },
        "east":  { "uv": [ 7.5, 5.5, 8.5, 5.75 ], "texture": "#2", "cullface": "east" }
    }
},
{
    "from": [ 6.75, 10.25, 7.5 ],
    "to": [ 7, 10.5, 8.5 ],
    "faces": {
        "up":    { "uv": [ 6.75, 7.5, 7, 8.5 ], "texture": "#2" },
        "north": { "uv": [ 9, 5.5, 9.25, 5.75 ], "texture": "#2" },
        "south": { "uv": [ 6.75, 5.5, 7, 5.75 ], "texture": "#2" },
        "west":  { "uv": [ 7.5, 5.5, 8.5, 5.75 ], "texture": "#2" },
        "east":  { "uv": [ 7.5, 5.5, 8.5, 5.75 ], "texture": "#2" }
    }
},
{
    "from": [ 6.25, 10.25, 7.5 ],
    "to": [ 6.5, 10.5, 8.5 ],
    "faces": {
        "up":    { "uv": [ 6.25, 7.5, 6.5, 8.5 ], "texture": "#2" },
        "north": { "uv": [ 9.5, 5.5, 9.75, 5.75 ], "texture": "#2" },
        "south": { "uv": [ 6.25, 5.5, 6.5, 5.75 ], "texture": "#2" },
        "west":  { "uv": [ 7.5, 5.5, 8.5, 5.75 ], "texture": "#2" },
        "east":  { "uv": [ 7.5, 5.5, 8.5, 5.75 ], "texture": "#2" }
    }
},
{
    "from": [ 10.75, 10.25, 7.5 ],
    "to": [ 11, 10.5, 8.5 ],
    "faces": {
        "up":    { "uv": [ 10.75, 7.5, 11, 8.5 ], "texture": "#2" },
        "north": { "uv": [ 5, 5.5, 5.25, 5.75 ], "texture": "#2" },
        "south": { "uv": [ 10.75, 5.5, 11, 5.75 ], "texture": "#2" },
        "west":  { "uv": [ 7.5, 5.5, 8.5, 5.75 ], "texture": "#2" },
        "east":  { "uv": [ 7.5, 5.5, 8.5, 5.75 ], "texture": "#2" }
    }
},
{
    "from": [ 5.25, 10.25, 7.5 ],
    "to": [ 5.5, 10.5, 8.5 ],
    "faces": {
        "up":    { "uv": [ 5.25, 7.5, 5.5, 8.5 ], "texture": "#2" },
        "north": { "uv": [ 10.5, 5.5, 10.75, 5.75 ], "texture": "#2" },
        "south": { "uv": [ 5.25, 5.5, 5.5, 5.75 ], "texture": "#2" },
        "west":  { "uv": [ 7.5, 5.5, 8.5, 5.75 ], "texture": "#2" },
        "east":  { "uv": [ 7.5, 5.5, 8.5, 5.75 ], "texture": "#2" }
    }
},
{
    "from": [ 12.75, 10.25, 7.5 ],
    "to": [ 13, 10.5, 8.5 ],
    "faces": {
        "up":    { "uv": [ 12.75, 7.5, 13, 8.5 ], "texture": "#2" },
        "north": { "uv": [ 3, 5.5, 3.25, 5.75 ], "texture": "#2" },
        "south": { "uv": [ 12.75, 5.5, 13, 5.75 ], "texture": "#2" },
        "west":  { "uv": [ 7.5, 5.5, 8.5, 5.75 ], "texture": "#2" },
        "east":  { "uv": [ 7.5, 5.5, 8.5, 5.75 ], "texture": "#2" }
    }
},
{
    "from": [ 8.25, 10.25, 7.5 ],
    "to": [ 8.5, 10.5, 8.5 ],
    "faces": {
        "up":    { "uv": [ 8.25, 7.5, 8.5, 8.5 ], "texture": "#2" },
        "north": { "uv": [ 7.5, 5.5, 7.75, 5.75 ], "texture": "#2" },
        "south": { "uv": [ 8.25, 5.5, 8.5, 5.75 ], "texture": "#2" },
        "west":  { "uv": [ 7.5, 5.5, 8.5, 5.75 ], "texture": "#2" },
        "east":  { "uv": [ 7.5, 5.5, 8.5, 5.75 ], "texture": "#2" }
    }
},
{
    "from": [ 12.25, 10.25, 7.5 ],
    "to": [ 12.5, 10.5, 8.5 ],
    "faces": {
        "up":    { "uv": [ 12.25, 7.5, 12.5, 8.5 ], "texture": "#2" },
        "north": { "uv": [ 3.5, 5.5, 3.75, 5.75 ], "texture": "#2" },
        "south": { "uv": [ 12.25, 5.5, 12.5, 5.75 ], "texture": "#2" },
        "west":  { "uv": [ 7.5, 5.5, 8.5, 5.75 ], "texture": "#2" },
        "east":  { "uv": [ 7.5, 5.5, 8.5, 5.75 ], "texture": "#2" }
    }
},
{
    "from": [ 11.75, 10.25, 7.5 ],
    "to": [ 12, 10.5, 8.5 ],
    "faces": {
        "up":    { "uv": [ 11.75, 7.5, 12, 8.5 ], "texture": "#2" },
        "north": { "uv": [ 4, 5.5, 4.25, 5.75 ], "texture": "#2" },
        "south": { "uv": [ 11.75, 5.5, 12, 5.75 ], "texture": "#2" },
        "west":  { "uv": [ 7.5, 5.5, 8.5, 5.75 ], "texture": "#2" },
        "east":  { "uv": [ 7.5, 5.5, 8.5, 5.75 ], "texture": "#2" }
    }
},
{
    "from": [ 11.25, 10.25, 7.5 ],
    "to": [ 11.5, 10.5, 8.5 ],
    "faces": {
        "up":    { "uv": [ 11.25, 7.5, 11.5, 8.5 ], "texture": "#2" },
        "north": { "uv": [ 4.5, 5.5, 4.75, 5.75 ], "texture": "#2" },
        "south": { "uv": [ 11.25, 5.5, 11.5, 5.75 ], "texture": "#2" },
        "west":  { "uv": [ 7.5, 5.5, 8.5, 5.75 ], "texture": "#2" },
        "east":  { "uv": [ 7.5, 5.5, 8.5, 5.75 ], "texture": "#2" }
    }
},
{
    "from": [ 10.25, 10.25, 7.5 ],
    "to": [ 10.5, 10.5, 8.5 ],
    "faces": {
        "up":    { "uv": [ 10.25, 7.5, 10.5, 8.5 ], "texture": "#2" },
        "north": { "uv": [ 5.5, 5.5, 5.75, 5.75 ], "texture": "#2" },
        "south": { "uv": [ 10.25, 5.5, 10.5, 5.75 ], "texture": "#2" },
        "west":  { "uv": [ 7.5, 5.5, 8.5, 5.75 ], "texture": "#2" },
        "east":  { "uv": [ 7.5, 5.5, 8.5, 5.75 ], "texture": "#2" }
    }
},
{
    "from": [ 9.75, 10.25, 7.5 ],
    "to": [ 10, 10.5, 8.5 ],
    "faces": {
        "up":    { "uv": [ 9.75, 7.5, 10, 8.5 ], "texture": "#2" },
        "north": { "uv": [ 6, 5.5, 6.25, 5.75 ], "texture": "#2" },
        "south": { "uv": [ 9.75, 5.5, 10, 5.75 ], "texture": "#2" },
        "west":  { "uv": [ 7.5, 5.5, 8.5, 5.75 ], "texture": "#2" },
        "east":  { "uv": [ 7.5, 5.5, 8.5, 5.75 ], "texture": "#2" }
    }
},
{
    "from": [ 9.25, 10.25, 7.5 ],
    "to": [ 9.5, 10.5, 8.5 ],
    "faces": {
        "up":    { "uv": [ 9.25, 7.5, 9.5, 8.5 ], "texture": "#2" },
        "north": { "uv": [ 6.5, 5.5, 6.75, 5.75 ], "texture": "#2" },
        "south": { "uv": [ 9.25, 5.5, 9.5, 5.75 ], "texture": "#2" },
        "west":  { "uv": [ 7.5, 5.5, 8.5, 5.75 ], "texture": "#2" },
        "east":  { "uv": [ 7.5, 5.5, 8.5, 5.75 ], "texture": "#2" }
    }
},
{
    "from": [ 8.75, 10.25, 7.5 ],
    "to": [ 9, 10.5, 8.5 ],
    "faces": {
        "up":    { "uv": [ 8.75, 7.5, 9, 8.5 ], "texture": "#2" },
        "north": { "uv": [ 7, 5.5, 7.25, 5.75 ], "texture": "#2" },
        "south": { "uv": [ 8.75, 5.5, 9, 5.75 ], "texture": "#2" },
        "west":  { "uv": [ 7.5, 5.5, 8.5, 5.75 ], "texture": "#2" },
        "east":  { "uv": [ 7.5, 5.5, 8.5, 5.75 ], "texture": "#2" }
    }
},
{
    "from": [ 5.75, 10.25, 7.5 ],
    "to": [ 6, 10.5, 8.5 ],
    "faces": {
        "up":    { "uv": [ 5.75, 7.5, 6, 8.5 ], "texture": "#2" },
        "north": { "uv": [ 10, 5.5, 10.25, 5.75 ], "texture": "#2" },
        "south": { "uv": [ 5.75, 5.5, 6, 5.75 ], "texture": "#2" },
        "west":  { "uv": [ 7.5, 5.5, 8.5, 5.75 ], "texture": "#2" },
        "east":  { "uv": [ 7.5, 5.5, 8.5, 5.75 ], "texture": "#2" }
    }
},
{
    "from": [ 7.75, 10.25, 7.5 ],
    "to": [ 8, 10.5, 8.5 ],
    "faces": {
        "up":    { "uv": [ 7.75, 7.5, 8, 8.5 ], "texture": "#2" },
        "north": { "uv": [ 8, 5.5, 8.25, 5.75 ], "texture": "#2" },
        "south": { "uv": [ 7.75, 5.5, 8, 5.75 ], "texture": "#2" },
        "west":  { "uv": [ 7.5, 5.5, 8.5, 5.75 ], "texture": "#2" },
        "east":  { "uv": [ 7.5, 5.5, 8.5, 5.75 ], "texture": "#2" }
    }
},
{
    "from": [ 3.75, 10.25, 7.5 ],
    "to": [ 4, 10.5, 8.5 ],
    "faces": {
        "up":    { "uv": [ 3.75, 7.5, 4, 8.5 ], "texture": "#2" },
        "north": { "uv": [ 12, 5.5, 12.25, 5.75 ], "texture": "#2" },
        "south": { "uv": [ 3.75, 5.5, 4, 5.75 ], "texture": "#2" },
        "west":  { "uv": [ 7.5, 5.5, 8.5, 5.75 ], "texture": "#2" },
        "east":  { "uv": [ 7.5, 5.5, 8.5, 5.75 ], "texture": "#2" }
    }
},
{
    "from": [ 0, 10.25, 7.5 ],
    "to": [ 2.75, 10.5, 8.5 ],
    "faces": {
        "down":  { "uv": [ 16, 8.5, 13.25, 7.5 ], "texture": "#2" },
        "up":    { "uv": [ 0, 7.5, 2.75, 8.5 ], "texture": "#2" },
        "north": { "uv": [ 13.25, 5.5, 16, 5.75 ], "texture": "#2" },
        "south": { "uv": [ 0, 5.5, 2.75, 5.75 ], "texture": "#2" },
        "west":  { "uv": [ 7.5, 5.5, 8.5, 5.75 ], "texture": "#2" },
        "east":  { "uv": [ 7.5, 5.5, 8.5, 5.75 ], "texture": "#2" }
    }
},
{
    "from": [ 4.75, 10.25, 7.5 ],
    "to": [ 5, 10.5, 8.5 ],
    "faces": {
        "up":    { "uv": [ 4.75, 7.5, 5, 8.5 ], "texture": "#2" },
        "north": { "uv": [ 11, 5.5, 11.25, 5.75 ], "texture": "#2" },
        "south": { "uv": [ 4.75, 5.5, 5, 5.75 ], "texture": "#2" },
        "west":  { "uv": [ 7.5, 5.5, 8.5, 5.75 ], "texture": "#2" },
        "east":  { "uv": [ 7.5, 5.5, 8.5, 5.75 ], "texture": "#2" }
    }
},
{
    "from": [ 2.75, 10.25, 7.5 ],
    "to": [ 3, 10.5, 8.5 ],
    "faces": {
        "up":    { "uv": [ 2.75, 7.5, 3, 8.5 ], "texture": "#2" },
        "north": { "uv": [ 13, 5.5, 13.25, 5.75 ], "texture": "#2" },
        "south": { "uv": [ 2.75, 5.5, 3, 5.75 ], "texture": "#2" },
        "west":  { "uv": [ 7.5, 5.5, 8.5, 5.75 ], "texture": "#2" },
        "east":  { "uv": [ 7.5, 5.5, 8.5, 5.75 ], "texture": "#2" }
    }
},
{
    "from": [ 3.25, 10.25, 7.5 ],
    "to": [ 3.5, 10.5, 8.5 ],
    "faces": {
        "up":    { "uv": [ 3.25, 7.5, 3.5, 8.5 ], "texture": "#2" },
        "north": { "uv": [ 12.5, 5.5, 12.75, 5.75 ], "texture": "#2" },
        "south": { "uv": [ 3.25, 5.5, 3.5, 5.75 ], "texture": "#2" },
        "west":  { "uv": [ 7.5, 5.5, 8.5, 5.75 ], "texture": "#2" },
        "east":  { "uv": [ 7.5, 5.5, 8.5, 5.75 ], "texture": "#2" }
    }
},
{
    "from": [ 4.25, 10.25, 7.5 ],
    "to": [ 4.5, 10.5, 8.5 ],
    "faces": {
        "up":    { "uv": [ 4.25, 7.5, 4.5, 8.5 ], "texture": "#2" },
        "north": { "uv": [ 11.5, 5.5, 11.75, 5.75 ], "texture": "#2" },
        "south": { "uv": [ 4.25, 5.5, 4.5, 5.75 ], "texture": "#2" },
        "west":  { "uv": [ 7.5, 5.5, 8.5, 5.75 ], "texture": "#2" },
        "east":  { "uv": [ 7.5, 5.5, 8.5, 5.75 ], "texture": "#2" }
    }
},
{
    "from": [ 2.5, 10.25, 7.5 ],
    "to": [ 13.25, 10.375, 8.5 ],
    "faces": {
        "down":  { "uv": [ 13.5, 8.5, 2.75, 7.5 ], "texture": "#2" },
        "up":    { "uv": [ 2.5, 7.5, 13.25, 8.5 ], "texture": "#2" },
        "north": { "uv": [ 2.75, 5.625, 13.5, 5.75 ], "texture": "#2" },
        "south": { "uv": [ 2.5, 5.625, 13.25, 5.75 ], "texture": "#2" }
    }
},
{
    "from": [ 0.5, 10.5, 7.5 ],
    "to": [ 1.5, 10.75, 8.5 ],
    "faces": {
        "up":    { "uv": [ 0.5, 7.5, 1.5, 8.5 ], "texture": "#0" },
        "north": { "uv": [ 14.5, 5.25, 15.5, 5.5 ], "texture": "#0" },
        "south": { "uv": [ 0.5, 5.25, 1.5, 5.5 ], "texture": "#0" },
        "west":  { "uv": [ 7.5, 5.25, 8.5, 5.5 ], "texture": "#0" },
        "east":  { "uv": [ 7.5, 5.25, 8.5, 5.5 ], "texture": "#0" }
    }
},
{
    "from": [ 0.5, 10.75, 7.5 ],
    "to": [ 1, 11, 7.75 ],
    "faces": {
        "up":    { "uv": [ 0.5, 7.5, 1, 7.75 ], "texture": "#0" },
        "north": { "uv": [ 15, 5, 15.5, 5.25 ], "texture": "#0" },
        "south": { "uv": [ 0.5, 5, 1, 5.25 ], "texture": "#0" },
        "west":  { "uv": [ 7.5, 5, 7.75, 5.25 ], "texture": "#0" },
        "east":  { "uv": [ 8.25, 5, 8.5, 5.25 ], "texture": "#0" }
    }
},
{
    "from": [ 0.5, 10.75, 8.25 ],
    "to": [ 1, 11, 8.5 ],
    "faces": {
        "up":    { "uv": [ 0.5, 8.25, 1, 8.5 ], "texture": "#0" },
        "north": { "uv": [ 15, 5, 15.5, 5.25 ], "texture": "#0" },
        "south": { "uv": [ 0.5, 5, 1, 5.25 ], "texture": "#0" },
        "west":  { "uv": [ 8.25, 5, 8.5, 5.25 ], "texture": "#0" },
        "east":  { "uv": [ 7.5, 5, 7.75, 5.25 ], "texture": "#0" }
    }
},
{
    "from": [ 0.75, 10.75, 7.875 ],
    "to": [ 1, 11, 8.125 ],
    "faces": {
        "up":    { "uv": [ 0.75, 7.875, 1, 8.125 ], "texture": "#0" },
        "north": { "uv": [ 15, 5, 15.25, 5.25 ], "texture": "#0" },
        "south": { "uv": [ 0.75, 5, 1, 5.25 ], "texture": "#0" },
        "west":  { "uv": [ 7.875, 5, 8.125, 5.25 ], "texture": "#0" },
        "east":  { "uv": [ 7.875, 5, 8.125, 5.25 ], "texture": "#0" }
    }
},
{
    "from": [ 1.25, 7.875, 6.625 ],
    "to": [ 2, 8.875, 9.375 ],
    "faces": {
        "down":  { "uv": [ 14.75, 9.375, 14, 6.625 ], "texture": "#0" },
        "up":    { "uv": [ 1.25, 6.625, 2, 9.375 ], "texture": "#0" },
        "north": { "uv": [ 14, 7.125, 14.75, 8.125 ], "texture": "#0" },
        "south": { "uv": [ 1.25, 7.125, 2, 8.125 ], "texture": "#0" },
        "west":  { "uv": [ 6.625, 7.125, 9.375, 8.125 ], "texture": "#0" },
        "east":  { "uv": [ 6.625, 7.125, 9.375, 8.125 ], "texture": "#0" }
    }
},
{
    "from": [ 0.25, 7.875, 6.625 ],
    "to": [ 1, 8.875, 9.375 ],
    "faces": {
        "down":  { "uv": [ 15.75, 9.375, 15, 6.625 ], "texture": "#0" },
        "up":    { "uv": [ 0.25, 6.625, 1, 9.375 ], "texture": "#0" },
        "north": { "uv": [ 15, 7.125, 15.75, 8.125 ], "texture": "#0" },
        "south": { "uv": [ 0.25, 7.125, 1, 8.125 ], "texture": "#0" },
        "west":  { "uv": [ 6.625, 7.125, 9.375, 8.125 ], "texture": "#0" },
        "east":  { "uv": [ 6.625, 7.125, 9.375, 8.125 ], "texture": "#0" }
    }
},
{
    "from": [ 4.25, 7.875, 6.625 ],
    "to": [ 5, 8.875, 9.375 ],
    "faces": {
        "down":  { "uv": [ 11.75, 9.375, 11, 6.625 ], "texture": "#0" },
        "up":    { "uv": [ 4.25, 6.625, 5, 9.375 ], "texture": "#0" },
        "north": { "uv": [ 11, 7.125, 11.75, 8.125 ], "texture": "#0" },
        "south": { "uv": [ 4.25, 7.125, 5, 8.125 ], "texture": "#0" },
        "west":  { "uv": [ 6.625, 7.125, 9.375, 8.125 ], "texture": "#0" },
        "east":  { "uv": [ 6.625, 7.125, 9.375, 8.125 ], "texture": "#0" }
    }
},
{
    "from": [ 2.25, 7.875, 6.625 ],
    "to": [ 3, 8.875, 9.375 ],
    "faces": {
        "down":  { "uv": [ 13.75, 9.375, 13, 6.625 ], "texture": "#0" },
        "up":    { "uv": [ 2.25, 6.625, 3, 9.375 ], "texture": "#0" },
        "north": { "uv": [ 13, 7.125, 13.75, 8.125 ], "texture": "#0" },
        "south": { "uv": [ 2.25, 7.125, 3, 8.125 ], "texture": "#0" },
        "west":  { "uv": [ 6.625, 7.125, 9.375, 8.125 ], "texture": "#0" },
        "east":  { "uv": [ 6.625, 7.125, 9.375, 8.125 ], "texture": "#0" }
    }
},
{
    "from": [ 3.25, 7.875, 6.625 ],
    "to": [ 4, 8.875, 9.375 ],
    "faces": {
        "down":  { "uv": [ 12.75, 9.375, 12, 6.625 ], "texture": "#0" },
        "up":    { "uv": [ 3.25, 6.625, 4, 9.375 ], "texture": "#0" },
        "north": { "uv": [ 12, 7.125, 12.75, 8.125 ], "texture": "#0" },
        "south": { "uv": [ 3.25, 7.125, 4, 8.125 ], "texture": "#0" },
        "west":  { "uv": [ 6.625, 7.125, 9.375, 8.125 ], "texture": "#0" },
        "east":  { "uv": [ 6.625, 7.125, 9.375, 8.125 ], "texture": "#0" }
    }
},
{
    "from": [ 5.25, 7.875, 6.625 ],
    "to": [ 6, 8.875, 9.375 ],
    "faces": {
        "down":  { "uv": [ 10.75, 9.375, 10, 6.625 ], "texture": "#0" },
        "up":    { "uv": [ 5.25, 6.625, 6, 9.375 ], "texture": "#0" },
        "north": { "uv": [ 10, 7.125, 10.75, 8.125 ], "texture": "#0" },
        "south": { "uv": [ 5.25, 7.125, 6, 8.125 ], "texture": "#0" },
        "west":  { "uv": [ 6.625, 7.125, 9.375, 8.125 ], "texture": "#0" },
        "east":  { "uv": [ 6.625, 7.125, 9.375, 8.125 ], "texture": "#0" }
    }
},
{
    "from": [ 6.25, 7.75, 6.75 ],
    "to": [ 7.75, 8.5, 9.25 ],
    "faces": {
        "down":  { "uv": [ 9.75, 9.25, 8.25, 6.75 ], "texture": "#0" },
        "up":    { "uv": [ 6.25, 6.75, 7.75, 9.25 ], "texture": "#0" },
        "north": { "uv": [ 8.25, 7.5, 9.75, 8.25 ], "texture": "#0" },
        "south": { "uv": [ 6.25, 7.5, 7.75, 8.25 ], "texture": "#0" },
        "west":  { "uv": [ 6.75, 7.5, 9.25, 8.25 ], "texture": "#0" },
        "east":  { "uv": [ 6.75, 7.5, 9.25, 8.25 ], "texture": "#0" }
    }
},
{
    "from": [ 7.75, 7.5, 7 ],
    "to": [ 18, 9.25, 9.25 ],
    "faces": {
        "down":  { "uv": [ 4.75, 7, 15, 9.25 ], "texture": "#3", "cullface": "east" },
        "up":    { "uv": [ 4.75, 7, 15, 9.25 ], "texture": "#3", "cullface": "east" },
        "north": { "uv": [ 4.75, 6.75, 15, 8.5 ], "texture": "#3", "cullface": "east" },
        "south": { "uv": [ 4.75, 6.75, 15, 8.5 ], "texture": "#3", "cullface": "east" },
        "west":  { "uv": [ 7, 6.75, 9.25, 8.5 ], "texture": "#3", "cullface": "east" },
        "east":  { "uv": [ 7, 6.75, 9.25, 8.5 ], "texture": "#3", "cullface": "east" }
    }
},
{
    "from": [ 9.25, 4.75, 7.25 ],
    "to": [ 9.75, 5, 8.75 ],
    "faces": {
        "up":    { "uv": [ 9.25, 7.25, 9.75, 8.75 ], "texture": "#3" },
        "north": { "uv": [ 6.25, 11, 6.75, 11.25 ], "texture": "#3" },
        "south": { "uv": [ 9.25, 11, 9.75, 11.25 ], "texture": "#3" },
        "west":  { "uv": [ 7.25, 11, 8.75, 11.25 ], "texture": "#3" }
    }
},
{
    "from": [ 7.75, 5.5, 7.25 ],
    "to": [ 8.75, 6.5, 8.75 ],
    "faces": {
        "up":    { "uv": [ 7.75, 7.25, 8.75, 8.75 ], "texture": "#3" },
        "north": { "uv": [ 7.25, 9.5, 8.25, 10.5 ], "texture": "#3" },
        "south": { "uv": [ 7.75, 9.5, 8.75, 10.5 ], "texture": "#3" },
        "west":  { "uv": [ 7.25, 9.5, 8.75, 10.5 ], "texture": "#3" }
    }
},
{
    "from": [ 10.6875, 4.8125, 7.75 ],
    "to": [ 10.9375, 7.0625, 8.25 ],
    "rotation": { "origin": [ 10.6875, 7.0625, 7.75 ], "axis": "z", "angle": 22.5 },
    "faces": {
        "down":  { "uv": [ 8.5, 8.5, 8.25, 7.5 ], "texture": "#0" },
        "up":    { "uv": [ 7.5, 7.5, 7.75, 8.5 ], "texture": "#0" },
        "north": { "uv": [ 8.25, 0, 8.5, 2.25 ], "texture": "#0" },
        "south": { "uv": [ 7.5, 0, 7.75, 2.25 ], "texture": "#0" },
        "west":  { "uv": [ 7.5, 0, 8.5, 2.25 ], "texture": "#0" },
        "east":  { "uv": [ 7.5, 0, 8.5, 2.25 ], "texture": "#0" }
    }
},
{
    "from": [ 18, 7.5, 7.25 ],
    "to": [ 18.5, 8.5, 8.75 ],
    "faces": {
        "down":  { "uv": [ 0, 8.75, 0, 7.25 ], "texture": "#0" },
        "up":    { "uv": [ 16, 7.25, 16, 8.75 ], "texture": "#0" },
        "north": { "uv": [ 0, 7.5, 0, 8.5 ], "texture": "#0" },
        "south": { "uv": [ 16, 7.5, 16, 8.5 ], "texture": "#0" },
        "west":  { "uv": [ 7.25, 7.5, 8.75, 8.5 ], "texture": "#0" },
        "east":  { "uv": [ 7.25, 7.5, 8.75, 8.5 ], "texture": "#0" }
    }
},
{
    "from": [ -1.5, 8.75, 7.5 ],
    "to": [ 0, 9.25, 7.75 ],
    "faces": {
        "down":  { "uv": [ 16, 7.75, 16, 7.5 ], "texture": "#0" },
        "up":    { "uv": [ 0, 7.5, 0, 7.75 ], "texture": "#0" },
        "north": { "uv": [ 16, 6.75, 16, 7.25 ], "texture": "#0" },
        "south": { "uv": [ 0, 6.75, 0, 7.25 ], "texture": "#0" },
        "west":  { "uv": [ 7.5, 6.75, 7.75, 7.25 ], "texture": "#0" },
        "east":  { "uv": [ 8.25, 6.75, 8.5, 7.25 ], "texture": "#0" }
    }
},
{
    "from": [ -1.5, 8.75, 8.25 ],
    "to": [ 0, 9.25, 8.5 ],
    "faces": {
        "down":  { "uv": [ 16, 8.5, 16, 8.25 ], "texture": "#0" },
        "up":    { "uv": [ 0, 8.25, 0, 8.5 ], "texture": "#0" },
        "north": { "uv": [ 16, 6.75, 16, 7.25 ], "texture": "#0" },
        "south": { "uv": [ 0, 6.75, 0, 7.25 ], "texture": "#0" },
        "west":  { "uv": [ 8.25, 6.75, 8.5, 7.25 ], "texture": "#0" },
        "east":  { "uv": [ 7.5, 6.75, 7.75, 7.25 ], "texture": "#0" }
    }
},
{
    "from": [ -1.5, 9.25, 7.75 ],
    "to": [ 0, 9.5, 8.25 ],
    "faces": {
        "down":  { "uv": [ 16, 8.25, 16, 7.75 ], "texture": "#0" },
        "up":    { "uv": [ 0, 7.75, 0, 8.25 ], "texture": "#0" },
        "north": { "uv": [ 16, 6.5, 16, 6.75 ], "texture": "#0" },
        "south": { "uv": [ 0, 6.5, 0, 6.75 ], "texture": "#0" },
        "west":  { "uv": [ 7.75, 6.5, 8.25, 6.75 ], "texture": "#0" },
        "east":  { "uv": [ 7.75, 6.5, 8.25, 6.75 ], "texture": "#0" }
    }
},
{
    "from": [ -1.5, 8.5, 7.75 ],
    "to": [ 0, 8.75, 8.25 ],
    "faces": {
        "down":  { "uv": [ 16, 8.25, 16, 7.75 ], "texture": "#0" },
        "up":    { "uv": [ 0, 7.75, 0, 8.25 ], "texture": "#0" },
        "north": { "uv": [ 16, 7.25, 16, 7.5 ], "texture": "#0" },
        "south": { "uv": [ 0, 7.25, 0, 7.5 ], "texture": "#0" },
        "west":  { "uv": [ 7.75, 7.25, 8.25, 7.5 ], "texture": "#0" },
        "east":  { "uv": [ 7.75, 7.25, 8.25, 7.5 ], "texture": "#0" }
    }
}
],
"display": {
    "thirdperson_righthand": {
        "rotation": [ -180, -90, -180 ],
        "translation": [ 0, 0.76, -4.16 ],
        "scale": [ 0.7, 0.7, 0.7 ]
    },
    "thirdperson_lefthand": {
        "rotation": [ -180, 90, -180 ],
        "translation": [ 0, 0.76, -4.16 ],
        "scale": [ 0.7, 0.7, 0.7 ]
    },
    "ground": {
        "rotation": [ 0, 0, 0 ],
        "translation": [ 0, 2, 0 ],
        "scale": [ 0.8, 0.8, 0.8 ]
    },
    "fixed": {
        "rotation": [ 0, 180, -45 ],
        "translation": [ 2.6, 2.5, -1.1 ],
        "scale": [ 1, 1, 1 ]
    },
    "firstperson_righthand": {
        "rotation": [ 0, -102, 1 ],
        "translation": [ 0, 3.02, -5.48 ],
        "scale": [ 0.9, 0.9, 0.9 ]
    },
    "firstperson_lefthand": {
        "rotation": [ 0, 78, 0 ],
        "translation": [ 0, 3.02, -5.48 ],
        "scale": [ 0.9, 0.9, 0.9 ]
    },
    "gui": {
        "rotation": [ 0, 0, -45 ],
        "translation": [ -1.7, 1.51, 0 ],
        "scale": [ 0.6, 0.6, 0.6 ]
    }
}
}