{
"__comment": "Designed by Corporalblober with BDcraft Cubik PRO 0.95 Beta - http://bdcraft.net",
"textures": {
    "particle": "custom/1-metal",
    "texture": "custom/1-metal",
    "anvil 1": "custom/wood-light",
    "door iron lower": "guns/stone",
    "light blue": "guns/clay"
},
"elements": [ 
{
    "from": [ 6.75, 7.75, 7 ],
    "to": [ 8.25, 9.5, 9 ],
    "faces": {
        "down":  { "uv": [ 4.75, 7, 15, 9.25 ], "texture": "#texture", "cullface": "east" },
        "up":    { "uv": [ 4.75, 7, 15, 9.25 ], "texture": "#texture", "cullface": "east" },
        "north": { "uv": [ 4.75, 6.75, 15, 8.5 ], "texture": "#texture", "cullface": "east" },
        "south": { "uv": [ 4.75, 6.75, 15, 8.5 ], "texture": "#texture", "cullface": "east" },
        "west":  { "uv": [ 7, 6.75, 9.25, 8.5 ], "texture": "#texture", "cullface": "east" },
        "east":  { "uv": [ 7, 6.75, 9.25, 8.5 ], "texture": "#texture", "cullface": "east" }
    }
},
{
    "from": [ 13.75, 6.25, 7.25 ],
    "to": [ 16, 7.5, 8.75 ],
    "faces": {
        "down":  { "uv": [ 2.25, 8.75, 0, 7.25 ], "texture": "#texture", "cullface": "east" },
        "north": { "uv": [ 0, 8.5, 2.25, 9.75 ], "texture": "#texture", "cullface": "east" },
        "south": { "uv": [ 13.75, 8.5, 16, 9.75 ], "texture": "#texture", "cullface": "east" },
        "west":  { "uv": [ 7.25, 8.5, 8.75, 9.75 ], "texture": "#texture", "cullface": "east" },
        "east":  { "uv": [ 7.25, 8.5, 8.75, 9.75 ], "texture": "#texture", "cullface": "east" }
    }
},
{
    "from": [ 15.25, 6.27329, 7.25 ],
    "to": [ 17.25, 7.27329, 8.75 ],
    "rotation": { "origin": [ 15.25, 7.27329, 7.25 ], "axis": "z", "angle": 45 },
    "faces": {
        "down":  { "uv": [ 14, 7.25, 16, 8.75 ], "texture": "#texture", "cullface": "east" },
        "up":    { "uv": [ 14, 7.25, 16, 8.75 ], "texture": "#texture", "cullface": "east" },
        "north": { "uv": [ 14, 8.6875, 16, 9.6875 ], "texture": "#texture", "cullface": "east" },
        "south": { "uv": [ 14, 8.6875, 16, 9.6875 ], "texture": "#texture", "cullface": "east" },
        "west":  { "uv": [ 7.25, 8.6875, 8.75, 9.6875 ], "texture": "#texture", "cullface": "east" },
        "east":  { "uv": [ 7.25, 8.6875, 8.75, 9.6875 ], "texture": "#texture", "cullface": "east" }
    }
},
{
    "from": [ 15.25, 6.75, 7.5 ],
    "to": [ 17.5, 7.25, 8.5 ],
    "rotation": { "origin": [ 15.25, 7.25, 7.5 ], "axis": "z", "angle": 22.5 },
    "faces": {
        "down":  { "uv": [ 8.5, 8.5, 6.25, 7.5 ], "texture": "#texture", "cullface": "east" },
        "up":    { "uv": [ 7.5, 7.5, 9.75, 8.5 ], "texture": "#texture", "cullface": "east" },
        "north": { "uv": [ 6.25, 0, 8.5, 0.5 ], "texture": "#texture", "cullface": "east" },
        "south": { "uv": [ 7.5, 0, 9.75, 0.5 ], "texture": "#texture", "cullface": "east" },
        "west":  { "uv": [ 7.5, 0, 8.5, 0.5 ], "texture": "#texture", "cullface": "east" },
        "east":  { "uv": [ 7.5, 0, 8.5, 0.5 ], "texture": "#texture", "cullface": "east" }
    }
},
{
    "from": [ 16, 6.75, 7.5 ],
    "to": [ 17.5, 7.5, 8.5 ],
    "faces": {
        "down":  { "uv": [ 0, 8.5, 0, 7.5 ], "texture": "#texture" },
        "up":    { "uv": [ 16, 7.5, 16, 8.5 ], "texture": "#texture" },
        "north": { "uv": [ 0, 8.5, 0, 9.25 ], "texture": "#texture" },
        "south": { "uv": [ 16, 8.5, 16, 9.25 ], "texture": "#texture" },
        "west":  { "uv": [ 7.5, 8.5, 8.5, 9.25 ], "texture": "#texture" },
        "east":  { "uv": [ 7.5, 8.5, 8.5, 9.25 ], "texture": "#texture" }
    }
},
{
    "from": [ 13.75, 5.5, 7.25 ],
    "to": [ 16, 6.25, 8.75 ],
    "faces": {
        "down":  { "uv": [ 2.25, 8.75, 0, 7.25 ], "texture": "#anvil 1" },
        "up":    { "uv": [ 13.75, 7.25, 16, 8.75 ], "texture": "#anvil 1" },
        "north": { "uv": [ 0, 9.75, 2.25, 10.5 ], "texture": "#anvil 1" },
        "south": { "uv": [ 13.75, 9.75, 16, 10.5 ], "texture": "#anvil 1" },
        "west":  { "uv": [ 7.25, 9.75, 8.75, 10.5 ], "texture": "#anvil 1" },
        "east":  { "uv": [ 7.25, 9.75, 8.75, 10.5 ], "texture": "#anvil 1" }
    }
},
{
    "from": [ 13.75, 2, 7.25 ],
    "to": [ 15.75, 5.5, 8.75 ],
    "rotation": { "origin": [ 13.75, 5.5, 7.25 ], "axis": "z", "angle": 22.5 },
    "faces": {
        "down":  { "uv": [ 2.25, 8.5, 0, 7.5 ], "texture": "#anvil 1" },
        "up":    { "uv": [ 13.75, 7.5, 16, 8.5 ], "texture": "#anvil 1" },
        "north": { "uv": [ 0, 10.5, 2.25, 15 ], "texture": "#anvil 1" },
        "south": { "uv": [ 13.75, 10.5, 16, 15 ], "texture": "#anvil 1" },
        "west":  { "uv": [ 7.5, 10.5, 8.5, 15 ], "texture": "#anvil 1" },
        "east":  { "uv": [ 7.5, 10.5, 8.5, 15 ], "texture": "#anvil 1" }
    }
},
{
    "from": [ 15.5, 3, 7.5 ],
    "to": [ 15.75, 6.25, 8.5 ],
    "rotation": { "origin": [ 15.5, 6.25, 7.5 ], "axis": "z", "angle": 22.5 },
    "faces": {
        "down":  { "uv": [ 0.25, 8.75, 0, 7.25 ], "texture": "#anvil 1" },
        "up":    { "uv": [ 15.75, 7.25, 16, 8.75 ], "texture": "#anvil 1" },
        "north": { "uv": [ 0, 10.5, 0.25, 13.75 ], "texture": "#anvil 1" },
        "south": { "uv": [ 15.75, 10.5, 16, 13.75 ], "texture": "#anvil 1" },
        "west":  { "uv": [ 7.25, 10.5, 8.75, 13.75 ], "texture": "#anvil 1" },
        "east":  { "uv": [ 7.25, 10.5, 8.75, 13.75 ], "texture": "#anvil 1" }
    }
},
{
    "from": [ 11.25, 5.5, 7.5 ],
    "to": [ 13.75, 5.75, 8.5 ],
    "faces": {
        "down":  { "uv": [ 4.75, 8.5, 2.25, 7.5 ], "texture": "#texture" },
        "up":    { "uv": [ 11.25, 7.5, 13.75, 8.5 ], "texture": "#texture" },
        "north": { "uv": [ 2.25, 10.25, 4.75, 10.5 ], "texture": "#texture" },
        "south": { "uv": [ 11.25, 10.25, 13.75, 10.5 ], "texture": "#texture" },
        "west":  { "uv": [ 7.5, 10.25, 8.5, 10.5 ], "texture": "#texture" },
        "east":  { "uv": [ 7.5, 10.25, 8.5, 10.5 ], "texture": "#texture" }
    }
},
{
    "from": [ 10.25, 5.5, 7.5 ],
    "to": [ 11.25, 7.5, 8.5 ],
    "faces": {
        "down":  { "uv": [ 5.75, 8.5, 4.75, 7.5 ], "texture": "#texture" },
        "up":    { "uv": [ 10.25, 7.5, 11.25, 8.5 ], "texture": "#texture" },
        "north": { "uv": [ 4.75, 8.5, 5.75, 10.5 ], "texture": "#texture" },
        "south": { "uv": [ 10.25, 8.5, 11.25, 10.5 ], "texture": "#texture" },
        "west":  { "uv": [ 7.5, 8.5, 8.5, 10.5 ], "texture": "#texture" },
        "east":  { "uv": [ 7.5, 8.5, 8.5, 10.5 ], "texture": "#texture" }
    }
},
{
    "from": [ 11.75, 6.5, 7.5 ],
    "to": [ 12.5, 8, 8.5 ],
    "rotation": { "origin": [ 11.75, 8, 7.5 ], "axis": "z", "angle": -45 },
    "faces": {
        "down":  { "uv": [ 6.75, 8.5, 6, 7.5 ], "texture": "#texture" },
        "up":    { "uv": [ 9.25, 7.5, 10, 8.5 ], "texture": "#texture" },
        "north": { "uv": [ 6, 2.75, 6.75, 4.25 ], "texture": "#texture" },
        "south": { "uv": [ 9.25, 2.75, 10, 4.25 ], "texture": "#texture" },
        "west":  { "uv": [ 7.5, 2.75, 8.5, 4.25 ], "texture": "#texture" },
        "east":  { "uv": [ 7.5, 2.75, 8.5, 4.25 ], "texture": "#texture" }
    }
},
{
    "from": [ 11.125, 6.3125, 7.5 ],
    "to": [ 12.375, 6.5625, 8.5 ],
    "rotation": { "origin": [ 11.125, 6.5625, 7.5 ], "axis": "z", "angle": -45 },
    "faces": {
        "down":  { "uv": [ 8.5, 8.5, 7, 7.5 ], "texture": "#texture" },
        "up":    { "uv": [ 7.5, 7.5, 9, 8.5 ], "texture": "#texture" },
        "north": { "uv": [ 7, 0, 8.5, 0.5 ], "texture": "#texture" },
        "south": { "uv": [ 7.5, 0, 9, 0.5 ], "texture": "#texture" },
        "west":  { "uv": [ 7.5, 0, 8.5, 0.5 ], "texture": "#texture" },
        "east":  { "uv": [ 7.5, 0, 8.5, 0.5 ], "texture": "#texture" }
    }
},
{
    "from": [ 11.0625, 5.5625, 7.5 ],
    "to": [ 11.5625, 6.0625, 8.5 ],
    "faces": {
        "down":  { "uv": [ 4.9375, 8.5, 4.4375, 7.5 ], "texture": "#texture" },
        "up":    { "uv": [ 11.0625, 7.5, 11.5625, 8.5 ], "texture": "#texture" },
        "north": { "uv": [ 4.4375, 9.9375, 4.9375, 10.4375 ], "texture": "#texture" },
        "south": { "uv": [ 11.0625, 9.9375, 11.5625, 10.4375 ], "texture": "#texture" },
        "west":  { "uv": [ 7.5, 9.9375, 8.5, 10.4375 ], "texture": "#texture" },
        "east":  { "uv": [ 7.5, 9.9375, 8.5, 10.4375 ], "texture": "#texture" }
    }
},
{
    "from": [ 13.25, 7.5625, 7.5 ],
    "to": [ 15.25, 8.0625, 8.5 ],
    "rotation": { "origin": [ 13.25, 8.0625, 7.5 ], "axis": "z", "angle": -45 },
    "faces": {
        "down":  { "uv": [ 8.5, 8.5, 6.5, 7.5 ], "texture": "#texture" },
        "up":    { "uv": [ 7.5, 7.5, 9.5, 8.5 ], "texture": "#texture" },
        "north": { "uv": [ 6.5, 0, 8.5, 0.5 ], "texture": "#texture" },
        "south": { "uv": [ 7.5, 0, 9.5, 0.5 ], "texture": "#texture" },
        "west":  { "uv": [ 7.5, 0, 8.5, 0.5 ], "texture": "#texture" },
        "east":  { "uv": [ 7.5, 0, 8.5, 0.5 ], "texture": "#texture" }
    }
},
{
    "from": [ 11.5, 7.25, 7.5 ],
    "to": [ 13.5, 7.5, 8.5 ],
    "faces": {
        "down":  { "uv": [ 4.5, 8.5, 2.5, 7.5 ], "texture": "#texture" },
        "up":    { "uv": [ 11.5, 7.5, 13.5, 8.5 ], "texture": "#texture" },
        "north": { "uv": [ 2.5, 8.5, 4.5, 8.75 ], "texture": "#texture" },
        "south": { "uv": [ 11.5, 8.5, 13.5, 8.75 ], "texture": "#texture" },
        "west":  { "uv": [ 7.5, 8.5, 8.5, 8.75 ], "texture": "#texture" },
        "east":  { "uv": [ 7.5, 8.5, 8.5, 8.75 ], "texture": "#texture" }
    }
},
{
    "from": [ 11.125, 6.0625, 7.5 ],
    "to": [ 11.625, 6.8125, 8.5 ],
    "faces": {
        "down":  { "uv": [ 4.875, 8.5, 4.375, 7.5 ], "texture": "#texture" },
        "up":    { "uv": [ 11.125, 7.5, 11.625, 8.5 ], "texture": "#texture" },
        "north": { "uv": [ 4.375, 9.1875, 4.875, 9.9375 ], "texture": "#texture" },
        "south": { "uv": [ 11.125, 9.1875, 11.625, 9.9375 ], "texture": "#texture" },
        "west":  { "uv": [ 7.5, 9.1875, 8.5, 9.9375 ], "texture": "#texture" },
        "east":  { "uv": [ 7.5, 9.1875, 8.5, 9.9375 ], "texture": "#texture" }
    }
},
{
    "from": [ 13.25, 6, 7.875 ],
    "to": [ 13.5, 7.75, 8.125 ],
    "rotation": { "origin": [ 13.25, 7.75, 7.875 ], "axis": "z", "angle": -22.5 },
    "faces": {
        "down":  { "uv": [ 9.5, 8.5, 9.25, 7.5 ], "texture": "#texture" },
        "up":    { "uv": [ 6.5, 7.5, 6.75, 8.5 ], "texture": "#texture" },
        "north": { "uv": [ 9.25, 0, 9.5, 1.5 ], "texture": "#texture" },
        "south": { "uv": [ 6.5, 0, 6.75, 1.5 ], "texture": "#texture" },
        "west":  { "uv": [ 7.5, 0, 8.5, 1.5 ], "texture": "#texture" },
        "east":  { "uv": [ 7.5, 0, 8.5, 1.5 ], "texture": "#texture" }
    }
},
{
    "from": [ 13.25, 6.5, 7.875 ],
    "to": [ 14.25, 7.25, 8.125 ],
    "rotation": { "origin": [ 13.25, 7.25, 7.875 ], "axis": "z", "angle": -22.5 },
    "faces": {
        "down":  { "uv": [ 2.75, 8.25, 1.75, 7.75 ], "texture": "#texture" },
        "up":    { "uv": [ 13.25, 7.75, 14.25, 8.25 ], "texture": "#texture" },
        "north": { "uv": [ 1.75, 8.75, 2.75, 9.5 ], "texture": "#texture" },
        "south": { "uv": [ 13.25, 8.75, 14.25, 9.5 ], "texture": "#texture" },
        "west":  { "uv": [ 7.75, 8.75, 8.25, 9.5 ], "texture": "#texture" },
        "east":  { "uv": [ 7.75, 8.75, 8.25, 9.5 ], "texture": "#texture" }
    }
},
{
    "from": [ 17.5, 6.25, 7.25 ],
    "to": [ 19.75, 7.5, 8.75 ],
    "faces": {
        "down":  { "uv": [ 0, 8.75, 0, 7.25 ], "texture": "#anvil 1" },
        "up":    { "uv": [ 16, 7.25, 16, 8.75 ], "texture": "#anvil 1" },
        "north": { "uv": [ 0, 8.5, 0, 9.75 ], "texture": "#anvil 1" },
        "south": { "uv": [ 16, 8.5, 16, 9.75 ], "texture": "#anvil 1" },
        "west":  { "uv": [ 7.25, 8.5, 8.75, 9.75 ], "texture": "#anvil 1" },
        "east":  { "uv": [ 7.25, 8.5, 8.75, 9.75 ], "texture": "#anvil 1" }
    }
},
{
    "from": [ 18.25, 6, 7.25 ],
    "to": [ 28.25, 8, 8.75 ],
    "rotation": { "origin": [ 18.25, 8, 7.25 ], "axis": "z", "angle": -22.5 },
    "faces": {
        "down":  { "uv": [ 0, 8.75, 0, 7.25 ], "texture": "#anvil 1" },
        "up":    { "uv": [ 16, 7.25, 16, 8.75 ], "texture": "#anvil 1" },
        "north": { "uv": [ 0, 9.75, 0, 11.75 ], "texture": "#anvil 1" },
        "south": { "uv": [ 16, 9.75, 16, 11.75 ], "texture": "#anvil 1" },
        "west":  { "uv": [ 7.25, 9.75, 8.75, 11.75 ], "texture": "#anvil 1" },
        "east":  { "uv": [ 7.25, 9.75, 8.75, 11.75 ], "texture": "#anvil 1" }
    }
},
{
    "from": [ 22.4375, 4.6875, 7.25 ],
    "to": [ 28.9375, 6.1875, 8.75 ],
    "rotation": { "origin": [ 22.4375, 6.1875, 7.25 ], "axis": "z", "angle": -45 },
    "faces": {
        "down":  { "uv": [ 0.5, 8.75, 0.5, 7.25 ], "texture": "#anvil 1" },
        "up":    { "uv": [ 15.5, 7.25, 15.5, 8.75 ], "texture": "#anvil 1" },
        "north": { "uv": [ 0.5, 6.25, 0.5, 7.75 ], "texture": "#anvil 1" },
        "south": { "uv": [ 15.25, 6.25, 15.25, 7.75 ], "texture": "#anvil 1" },
        "west":  { "uv": [ 7.25, 6.25, 8.75, 7.75 ], "texture": "#anvil 1" },
        "east":  { "uv": [ 7.25, 6.25, 8.75, 7.75 ], "texture": "#anvil 1" }
    }
},
{
    "from": [ 26, 0.5, 7.25 ],
    "to": [ 30, 4.75, 8.75 ],
    "faces": {
        "down":  { "uv": [ 0.75, 8.75, 0.75, 7.25 ], "texture": "#anvil 1" },
        "up":    { "uv": [ 15.5, 7.25, 15.5, 8.75 ], "texture": "#anvil 1" },
        "north": { "uv": [ 0.5, 9.25, 0.5, 15.5 ], "texture": "#anvil 1" },
        "south": { "uv": [ 15.5, 9.25, 15.5, 15.5 ], "texture": "#anvil 1" },
        "west":  { "uv": [ 7.25, 9.25, 8.75, 15.5 ], "texture": "#anvil 1" },
        "east":  { "uv": [ 7.25, 9.25, 8.75, 15.5 ], "texture": "#anvil 1" }
    }
},
{
    "from": [ 23.25, 5.5, 7.25 ],
    "to": [ 30.5, 7.5, 8.75 ],
    "rotation": { "origin": [ 23.25, 7.5, 7.25 ], "axis": "z", "angle": -22.5 },
    "faces": {
        "down":  { "uv": [ 0.25, 8.75, 0.25, 7.25 ], "texture": "#anvil 1" },
        "up":    { "uv": [ 15.75, 7.25, 15.75, 8.75 ], "texture": "#anvil 1" },
        "north": { "uv": [ 0.25, 4.25, 0.25, 5.25 ], "texture": "#anvil 1" },
        "south": { "uv": [ 15.75, 4.25, 15.75, 5.25 ], "texture": "#anvil 1" },
        "west":  { "uv": [ 7.25, 4.25, 8.75, 5.25 ], "texture": "#anvil 1" },
        "east":  { "uv": [ 7.25, 4.25, 8.75, 5.25 ], "texture": "#anvil 1" }
    }
},
{
    "from": [ 21.6875, 4.625, 7.25 ],
    "to": [ 23.4375, 6.875, 8.75 ],
    "rotation": { "origin": [ 21.6875, 6.875, 7.25 ], "axis": "z", "angle": 22.5 },
    "faces": {
        "down":  { "uv": [ 0, 8.75, 0, 7.25 ], "texture": "#anvil 1" },
        "up":    { "uv": [ 16, 7.25, 16, 8.75 ], "texture": "#anvil 1" },
        "north": { "uv": [ 0, 8.75, 0, 9.25 ], "texture": "#anvil 1" },
        "south": { "uv": [ 16, 8.75, 16, 9.25 ], "texture": "#anvil 1" },
        "west":  { "uv": [ 7.25, 8.75, 8.75, 9.25 ], "texture": "#anvil 1" },
        "east":  { "uv": [ 7.25, 8.75, 8.75, 9.25 ], "texture": "#anvil 1" }
    }
},
{
    "from": [ 20.5, 6.25, 7.25 ],
    "to": [ 22.25, 7, 8.75 ],
    "faces": {
        "down":  { "uv": [ 0, 8.75, 0, 7.25 ], "texture": "#anvil 1" },
        "up":    { "uv": [ 16, 7.25, 16, 8.75 ], "texture": "#anvil 1" },
        "north": { "uv": [ 0, 9, 0, 9.75 ], "texture": "#anvil 1" },
        "south": { "uv": [ 16, 9, 16, 9.75 ], "texture": "#anvil 1" },
        "west":  { "uv": [ 7.25, 9, 8.75, 9.75 ], "texture": "#anvil 1" },
        "east":  { "uv": [ 7.25, 9, 8.75, 9.75 ], "texture": "#anvil 1" }
    }
},
{
    "from": [ 18, 6.5, 7 ],
    "to": [ 18.75, 7.25, 9 ],
    "faces": {
        "down":  { "uv": [ 0, 9, 0, 7 ], "texture": "#texture" },
        "up":    { "uv": [ 16, 7, 16, 9 ], "texture": "#texture" },
        "north": { "uv": [ 0, 8.75, 0, 9.5 ], "texture": "#texture" },
        "south": { "uv": [ 16, 8.75, 16, 9.5 ], "texture": "#texture" },
        "west":  { "uv": [ 7, 8.75, 9, 9.5 ], "texture": "#texture" },
        "east":  { "uv": [ 7, 8.75, 9, 9.5 ], "texture": "#texture" }
    }
},
{
    "from": [ 14.75, 5, 7.125 ],
    "to": [ 15.25, 5.5, 8.875 ],
    "faces": {
        "down":  { "uv": [ 1.25, 8.875, 0.75, 7.125 ], "texture": "#texture" },
        "up":    { "uv": [ 14.75, 7.125, 15.25, 8.875 ], "texture": "#texture" },
        "north": { "uv": [ 0.75, 10.5, 1.25, 11 ], "texture": "#texture" },
        "south": { "uv": [ 14.75, 10.5, 15.25, 11 ], "texture": "#texture" },
        "west":  { "uv": [ 7.125, 10.5, 8.875, 11 ], "texture": "#texture" },
        "east":  { "uv": [ 7.125, 10.5, 8.875, 11 ], "texture": "#texture" }
    }
},
{
    "from": [ 15.5, 3, 7.125 ],
    "to": [ 16, 3.5, 8.875 ],
    "faces": {
        "down":  { "uv": [ 0.5, 8.875, 0, 7.125 ], "texture": "#texture" },
        "up":    { "uv": [ 15.5, 7.125, 16, 8.875 ], "texture": "#texture" },
        "north": { "uv": [ 0, 12.5, 0.5, 13 ], "texture": "#texture" },
        "south": { "uv": [ 15.5, 12.5, 16, 13 ], "texture": "#texture" },
        "west":  { "uv": [ 7.125, 12.5, 8.875, 13 ], "texture": "#texture" },
        "east":  { "uv": [ 7.125, 12.5, 8.875, 13 ], "texture": "#texture" }
    }
},
{
    "from": [ 8.25, 1.75, 7.25 ],
    "to": [ 10.25, 8, 8.75 ],
    "faces": {
        "down":  { "uv": [ 7.75, 8.75, 5.75, 7.25 ], "texture": "#texture" },
        "up":    { "uv": [ 8.25, 7.25, 10.25, 8.75 ], "texture": "#texture" },
        "north": { "uv": [ 5.75, 8, 7.75, 14.25 ], "texture": "#texture" },
        "south": { "uv": [ 8.25, 8, 10.25, 14.25 ], "texture": "#texture" },
        "west":  { "uv": [ 7.25, 8, 8.75, 14.25 ], "texture": "#texture" },
        "east":  { "uv": [ 7.25, 8, 8.75, 14.25 ], "texture": "#texture" }
    }
},
{
    "from": [ 8.25, 4, 5 ],
    "to": [ 10.25, 5.75, 11 ],
    "faces": {
        "down":  { "uv": [ 7.75, 11, 5.75, 5 ], "texture": "#texture" },
        "up":    { "uv": [ 8.25, 5, 10.25, 11 ], "texture": "#texture" },
        "north": { "uv": [ 5.75, 10.25, 7.75, 12 ], "texture": "#texture" },
        "south": { "uv": [ 8.25, 10.25, 10.25, 12 ], "texture": "#texture" },
        "west":  { "uv": [ 5, 10.25, 11, 12 ], "texture": "#texture" },
        "east":  { "uv": [ 5, 10.25, 11, 12 ], "texture": "#texture" }
    }
},
{
    "from": [ 8.25, 2, 6.5 ],
    "to": [ 10.25, 7.75, 9.5 ],
    "faces": {
        "down":  { "uv": [ 7.75, 9.5, 5.75, 6.5 ], "texture": "#texture" },
        "up":    { "uv": [ 8.25, 6.5, 10.25, 9.5 ], "texture": "#texture" },
        "north": { "uv": [ 5.75, 8.25, 7.75, 14 ], "texture": "#texture" },
        "south": { "uv": [ 8.25, 8.25, 10.25, 14 ], "texture": "#texture" },
        "west":  { "uv": [ 6.5, 8.25, 9.5, 14 ], "texture": "#texture" },
        "east":  { "uv": [ 6.5, 8.25, 9.5, 14 ], "texture": "#texture" }
    }
},
{
    "from": [ 8.25, 3.25, 5.25 ],
    "to": [ 10.25, 6.5, 10.75 ],
    "faces": {
        "down":  { "uv": [ 7.75, 10.75, 5.75, 5.25 ], "texture": "#texture" },
        "up":    { "uv": [ 8.25, 5.25, 10.25, 10.75 ], "texture": "#texture" },
        "north": { "uv": [ 5.75, 9.5, 7.75, 12.75 ], "texture": "#texture" },
        "south": { "uv": [ 8.25, 9.5, 10.25, 12.75 ], "texture": "#texture" },
        "west":  { "uv": [ 5.25, 9.5, 10.75, 12.75 ], "texture": "#texture" },
        "east":  { "uv": [ 5.25, 9.5, 10.75, 12.75 ], "texture": "#texture" }
    }
},
{
    "from": [ 8.25, 2.75, 5.5 ],
    "to": [ 10.25, 7, 10.5 ],
    "faces": {
        "down":  { "uv": [ 7.75, 10.5, 5.75, 5.5 ], "texture": "#texture" },
        "up":    { "uv": [ 8.25, 5.5, 10.25, 10.5 ], "texture": "#texture" },
        "north": { "uv": [ 5.75, 9, 7.75, 13.25 ], "texture": "#texture" },
        "south": { "uv": [ 8.25, 9, 10.25, 13.25 ], "texture": "#texture" },
        "west":  { "uv": [ 5.5, 9, 10.5, 13.25 ], "texture": "#texture" },
        "east":  { "uv": [ 5.5, 9, 10.5, 13.25 ], "texture": "#texture" }
    }
},
{
    "from": [ 8.25, 2.25, 6 ],
    "to": [ 10.25, 7.5, 10 ],
    "faces": {
        "down":  { "uv": [ 7.75, 10, 5.75, 6 ], "texture": "#texture" },
        "up":    { "uv": [ 8.25, 6, 10.25, 10 ], "texture": "#texture" },
        "north": { "uv": [ 5.75, 8.5, 7.75, 13.75 ], "texture": "#texture" },
        "south": { "uv": [ 8.25, 8.5, 10.25, 13.75 ], "texture": "#texture" },
        "west":  { "uv": [ 6, 8.5, 10, 13.75 ], "texture": "#texture" },
        "east":  { "uv": [ 6, 8.5, 10, 13.75 ], "texture": "#texture" }
    }
},
{
    "from": [ 8.25, 2.5, 5.75 ],
    "to": [ 10.25, 7.25, 10.25 ],
    "faces": {
        "down":  { "uv": [ 7.75, 10.25, 5.75, 5.75 ], "texture": "#texture" },
        "up":    { "uv": [ 8.25, 5.75, 10.25, 10.25 ], "texture": "#texture" },
        "north": { "uv": [ 5.75, 8.75, 7.75, 13.5 ], "texture": "#texture" },
        "south": { "uv": [ 8.25, 8.75, 10.25, 13.5 ], "texture": "#texture" },
        "west":  { "uv": [ 5.75, 8.75, 10.25, 13.5 ], "texture": "#texture" },
        "east":  { "uv": [ 5.75, 8.75, 10.25, 13.5 ], "texture": "#texture" }
    }
},
{
    "from": [ 8, 4.125, 7.25 ],
    "to": [ 8.25, 5.625, 8.75 ],
    "faces": {
        "down":  { "uv": [ 8, 8.75, 7.75, 7.25 ], "texture": "#texture" },
        "up":    { "uv": [ 8, 7.25, 8.25, 8.75 ], "texture": "#texture" },
        "north": { "uv": [ 7.75, 10.375, 8, 11.875 ], "texture": "#texture" },
        "south": { "uv": [ 8, 10.375, 8.25, 11.875 ], "texture": "#texture" },
        "west":  { "uv": [ 7.25, 10.375, 8.75, 11.875 ], "texture": "#texture" },
        "east":  { "uv": [ 7.25, 10.375, 8.75, 11.875 ], "texture": "#texture" }
    }
},
{
    "from": [ 8.25, 8, 7.25 ],
    "to": [ 10.25, 9.25, 8.75 ],
    "faces": {
        "down":  { "uv": [ 7.75, 8.75, 5.75, 7.25 ], "texture": "#texture" },
        "up":    { "uv": [ 8.25, 7.25, 10.25, 8.75 ], "texture": "#texture" },
        "north": { "uv": [ 5.75, 6.75, 7.75, 8 ], "texture": "#texture" },
        "south": { "uv": [ 8.25, 6.75, 10.25, 8 ], "texture": "#texture" },
        "west":  { "uv": [ 7.25, 6.75, 8.75, 8 ], "texture": "#texture" },
        "east":  { "uv": [ 7.25, 6.75, 8.75, 8 ], "texture": "#texture" }
    }
},
{
    "from": [ 10.25, 7.5, 6.9375 ],
    "to": [ 20.5, 9.5, 8.9375 ],
    "faces": {
        "down":  { "uv": [ 4.75, 7, 15, 9.25 ], "texture": "#texture", "cullface": "east" },
        "up":    { "uv": [ 4.75, 7, 15, 9.25 ], "texture": "#texture", "cullface": "east" },
        "north": { "uv": [ 4.75, 6.75, 15, 8.5 ], "texture": "#texture", "cullface": "east" },
        "south": { "uv": [ 4.75, 6.75, 15, 8.5 ], "texture": "#texture", "cullface": "east" },
        "west":  { "uv": [ 7, 6.75, 9.25, 8.5 ], "texture": "#texture", "cullface": "east" },
        "east":  { "uv": [ 7, 6.75, 9.25, 8.5 ], "texture": "#texture", "cullface": "east" }
    }
},
{
    "from": [ 8.25, 9.25, 7 ],
    "to": [ 10.25, 9.5, 9 ],
    "faces": {
        "down":  { "uv": [ 7.75, 9, 5.75, 7 ], "texture": "#texture" },
        "up":    { "uv": [ 8.25, 7, 10.25, 9 ], "texture": "#texture" },
        "north": { "uv": [ 5.75, 6.5, 7.75, 6.75 ], "texture": "#texture" },
        "south": { "uv": [ 8.25, 6.5, 10.25, 6.75 ], "texture": "#texture" },
        "west":  { "uv": [ 7, 6.5, 9, 6.75 ], "texture": "#texture" },
        "east":  { "uv": [ 7, 6.5, 9, 6.75 ], "texture": "#texture" }
    }
},
{
    "from": [ -3, 8.25, 7.75 ],
    "to": [ 6.75, 9.25, 8.25 ],
    "faces": {
        "down":  { "uv": [ 16, 8.25, 9.25, 7.75 ], "texture": "#texture" },
        "up":    { "uv": [ 0, 7.75, 6.75, 8.25 ], "texture": "#texture" },
        "north": { "uv": [ 9.25, 6.75, 16, 7.75 ], "texture": "#texture" },
        "south": { "uv": [ 0, 6.75, 6.75, 7.75 ], "texture": "#texture" },
        "west":  { "uv": [ 7.75, 6.75, 8.25, 7.75 ], "texture": "#texture" },
        "east":  { "uv": [ 7.75, 6.75, 8.25, 7.75 ], "texture": "#texture" }
    }
},
{
    "from": [ -3, 8.5, 7.5 ],
    "to": [ 6.75, 9, 8.5 ],
    "faces": {
        "down":  { "uv": [ 16, 8.5, 9.25, 7.5 ], "texture": "#texture" },
        "up":    { "uv": [ 0, 7.5, 6.75, 8.5 ], "texture": "#texture" },
        "north": { "uv": [ 9.25, 7, 16, 7.5 ], "texture": "#texture" },
        "south": { "uv": [ 0, 7, 6.75, 7.5 ], "texture": "#texture" },
        "west":  { "uv": [ 7.5, 7, 8.5, 7.5 ], "texture": "#texture" },
        "east":  { "uv": [ 7.5, 7, 8.5, 7.5 ], "texture": "#texture" }
    }
},
{
    "from": [ -3.5, 8, 7.375 ],
    "to": [ -3, 9.5, 8.625 ],
    "faces": {
        "down":  { "uv": [ 16, 8.625, 16, 7.375 ], "texture": "#texture" },
        "up":    { "uv": [ 0, 7.375, 0, 8.625 ], "texture": "#texture" },
        "north": { "uv": [ 16, 6.5, 16, 8 ], "texture": "#texture" },
        "south": { "uv": [ 0, 6.5, 0, 8 ], "texture": "#texture" },
        "west":  { "uv": [ 7.375, 6.5, 8.625, 8 ], "texture": "#texture" },
        "east":  { "uv": [ 7.375, 6.5, 8.625, 8 ], "texture": "#texture" }
    }
},
{
    "from": [ -5.75, 8.25, 7.375 ],
    "to": [ -3.5, 9.25, 7.625 ],
    "faces": {
        "down":  { "uv": [ 16, 7.625, 16, 7.375 ], "texture": "#texture" },
        "up":    { "uv": [ 0, 7.375, 0, 7.625 ], "texture": "#texture" },
        "north": { "uv": [ 16, 6.75, 16, 7.75 ], "texture": "#texture" },
        "south": { "uv": [ 0, 6.75, 0, 7.75 ], "texture": "#texture" },
        "west":  { "uv": [ 7.375, 6.75, 7.625, 7.75 ], "texture": "#texture" },
        "east":  { "uv": [ 8.375, 6.75, 8.625, 7.75 ], "texture": "#texture" }
    }
},
{
    "from": [ -5.75, 8.25, 8.375 ],
    "to": [ -3.5, 9.25, 8.625 ],
    "faces": {
        "down":  { "uv": [ 16, 8.625, 16, 8.375 ], "texture": "#texture" },
        "up":    { "uv": [ 0, 8.375, 0, 8.625 ], "texture": "#texture" },
        "north": { "uv": [ 16, 6.75, 16, 7.75 ], "texture": "#texture" },
        "south": { "uv": [ 0, 6.75, 0, 7.75 ], "texture": "#texture" },
        "west":  { "uv": [ 8.375, 6.75, 8.625, 7.75 ], "texture": "#texture" },
        "east":  { "uv": [ 7.375, 6.75, 7.625, 7.75 ], "texture": "#texture" }
    }
},
{
    "from": [ -5.75, 9.125, 7.5 ],
    "to": [ -3.5, 9.375, 8.5 ],
    "faces": {
        "down":  { "uv": [ 16, 8.5, 16, 7.5 ], "texture": "#texture" },
        "up":    { "uv": [ 0, 7.5, 0, 8.5 ], "texture": "#texture" },
        "north": { "uv": [ 16, 6.625, 16, 6.875 ], "texture": "#texture" },
        "south": { "uv": [ 0, 6.625, 0, 6.875 ], "texture": "#texture" },
        "west":  { "uv": [ 7.5, 6.625, 8.5, 6.875 ], "texture": "#texture" },
        "east":  { "uv": [ 7.5, 6.625, 8.5, 6.875 ], "texture": "#texture" }
    }
},
{
    "from": [ -5.75, 8.125, 7.5 ],
    "to": [ -3.5, 8.375, 8.5 ],
    "faces": {
        "down":  { "uv": [ 16, 8.5, 16, 7.5 ], "texture": "#texture" },
        "up":    { "uv": [ 0, 7.5, 0, 8.5 ], "texture": "#texture" },
        "north": { "uv": [ 16, 7.625, 16, 7.875 ], "texture": "#texture" },
        "south": { "uv": [ 0, 7.625, 0, 7.875 ], "texture": "#texture" },
        "west":  { "uv": [ 7.5, 7.625, 8.5, 7.875 ], "texture": "#texture" },
        "east":  { "uv": [ 7.5, 7.625, 8.5, 7.875 ], "texture": "#texture" }
    }
},
{
    "from": [ -1.5, 7.75, 7.25 ],
    "to": [ 6.75, 8.75, 8.75 ],
    "faces": {
        "down":  { "uv": [ 16, 8.75, 9.25, 7.25 ], "texture": "#anvil 1" },
        "up":    { "uv": [ 0, 7.25, 6.75, 8.75 ], "texture": "#anvil 1" },
        "north": { "uv": [ 9.25, 7.25, 16, 8.25 ], "texture": "#anvil 1" },
        "south": { "uv": [ 0, 7.25, 6.75, 8.25 ], "texture": "#anvil 1" },
        "west":  { "uv": [ 7.25, 7.25, 8.75, 8.25 ], "texture": "#anvil 1" },
        "east":  { "uv": [ 7.25, 7.25, 8.75, 8.25 ], "texture": "#anvil 1" }
    }
},
{
    "from": [ -1, 7.5, 7.5 ],
    "to": [ 6.75, 7.75, 8.5 ],
    "faces": {
        "down":  { "uv": [ 16, 8.5, 9.25, 7.5 ], "texture": "#anvil 1" },
        "up":    { "uv": [ 0, 7.5, 6.75, 8.5 ], "texture": "#anvil 1" },
        "north": { "uv": [ 9.25, 8.25, 16, 8.5 ], "texture": "#anvil 1" },
        "south": { "uv": [ 0, 8.25, 6.75, 8.5 ], "texture": "#anvil 1" },
        "west":  { "uv": [ 7.5, 8.25, 8.5, 8.5 ], "texture": "#anvil 1" },
        "east":  { "uv": [ 7.5, 8.25, 8.5, 8.5 ], "texture": "#anvil 1" }
    }
},
{
    "from": [ -3.375, 9.3125, 7.875 ],
    "to": [ -3.125, 9.8125, 8.125 ],
    "faces": {
        "down":  { "uv": [ 16, 8.125, 16, 7.875 ], "texture": "#texture" },
        "up":    { "uv": [ 0, 7.875, 0, 8.125 ], "texture": "#texture" },
        "north": { "uv": [ 16, 6.1875, 16, 6.6875 ], "texture": "#texture" },
        "south": { "uv": [ 0, 6.1875, 0, 6.6875 ], "texture": "#texture" },
        "west":  { "uv": [ 7.875, 6.1875, 8.125, 6.6875 ], "texture": "#texture" },
        "east":  { "uv": [ 7.875, 6.1875, 8.125, 6.6875 ], "texture": "#texture" }
    }
},
{
    "from": [ -3.5, 8.125, 7.25 ],
    "to": [ -3, 9.375, 8.75 ],
    "faces": {
        "down":  { "uv": [ 16, 8.75, 16, 7.25 ], "texture": "#texture" },
        "up":    { "uv": [ 0, 7.25, 0, 8.75 ], "texture": "#texture" },
        "north": { "uv": [ 16, 6.625, 16, 7.875 ], "texture": "#texture" },
        "south": { "uv": [ 0, 6.625, 0, 7.875 ], "texture": "#texture" },
        "west":  { "uv": [ 7.25, 6.625, 8.75, 7.875 ], "texture": "#texture" },
        "east":  { "uv": [ 7.25, 6.625, 8.75, 7.875 ], "texture": "#texture" }
    }
},
{
    "from": [ 17, 9.5, 7.25 ],
    "to": [ 20, 9.75, 8.75 ],
    "faces": {
        "down":  { "uv": [ 0, 8.75, 0, 7.25 ], "texture": "#texture" },
        "up":    { "uv": [ 16, 7.25, 16, 8.75 ], "texture": "#texture" },
        "north": { "uv": [ 0, 6.25, 0, 6.5 ], "texture": "#texture" },
        "south": { "uv": [ 16, 6.25, 16, 6.5 ], "texture": "#texture" },
        "west":  { "uv": [ 7.25, 6.25, 8.75, 6.5 ], "texture": "#texture" },
        "east":  { "uv": [ 7.25, 6.25, 8.75, 6.5 ], "texture": "#texture" }
    }
},
{
    "from": [ 17.25, 9.75, 7.25 ],
    "to": [ 19.75, 10.25, 7.5 ],
    "faces": {
        "down":  { "uv": [ 0, 7.5, 0, 7.25 ], "texture": "#texture" },
        "up":    { "uv": [ 16, 7.25, 16, 7.5 ], "texture": "#texture" },
        "north": { "uv": [ 0, 5.75, 0, 6.25 ], "texture": "#texture" },
        "south": { "uv": [ 16, 5.75, 16, 6.25 ], "texture": "#texture" },
        "west":  { "uv": [ 7.25, 5.75, 7.5, 6.25 ], "texture": "#texture" },
        "east":  { "uv": [ 8.5, 5.75, 8.75, 6.25 ], "texture": "#texture" }
    }
},
{
    "from": [ 17.25, 9.75, 8.5 ],
    "to": [ 19.75, 10.25, 8.75 ],
    "faces": {
        "down":  { "uv": [ 0, 8.75, 0, 8.5 ], "texture": "#texture" },
        "up":    { "uv": [ 16, 8.5, 16, 8.75 ], "texture": "#texture" },
        "north": { "uv": [ 0, 5.75, 0, 6.25 ], "texture": "#texture" },
        "south": { "uv": [ 16, 5.75, 16, 6.25 ], "texture": "#texture" },
        "west":  { "uv": [ 8.5, 5.75, 8.75, 6.25 ], "texture": "#texture" },
        "east":  { "uv": [ 7.25, 5.75, 7.5, 6.25 ], "texture": "#texture" }
    }
},
{
    "from": [ 12.5, 9.5, 7.75 ],
    "to": [ 13, 9.75, 8.25 ],
    "faces": {
        "down":  { "uv": [ 3.5, 8.25, 3, 7.75 ], "texture": "#texture" },
        "up":    { "uv": [ 12.5, 7.75, 13, 8.25 ], "texture": "#texture" },
        "north": { "uv": [ 3, 6.25, 3.5, 6.5 ], "texture": "#texture" },
        "south": { "uv": [ 12.5, 6.25, 13, 6.5 ], "texture": "#texture" },
        "west":  { "uv": [ 7.75, 6.25, 8.25, 6.5 ], "texture": "#texture" },
        "east":  { "uv": [ 7.75, 6.25, 8.25, 6.5 ], "texture": "#texture" }
    }
},
{
    "from": [ 12.5, 9.75, 7.5 ],
    "to": [ 13, 10.25, 7.75 ],
    "faces": {
        "down":  { "uv": [ 3.5, 7.75, 3, 7.5 ], "texture": "#texture" },
        "up":    { "uv": [ 12.5, 7.5, 13, 7.75 ], "texture": "#texture" },
        "north": { "uv": [ 3, 5.75, 3.5, 6.25 ], "texture": "#texture" },
        "south": { "uv": [ 12.5, 5.75, 13, 6.25 ], "texture": "#texture" },
        "west":  { "uv": [ 7.5, 5.75, 7.75, 6.25 ], "texture": "#texture" },
        "east":  { "uv": [ 8.25, 5.75, 8.5, 6.25 ], "texture": "#texture" }
    }
},
{
    "from": [ 12.5, 9.75, 8.25 ],
    "to": [ 13, 10.25, 8.5 ],
    "faces": {
        "down":  { "uv": [ 3.5, 8.5, 3, 8.25 ], "texture": "#texture" },
        "up":    { "uv": [ 12.5, 8.25, 13, 8.5 ], "texture": "#texture" },
        "north": { "uv": [ 3, 5.75, 3.5, 6.25 ], "texture": "#texture" },
        "south": { "uv": [ 12.5, 5.75, 13, 6.25 ], "texture": "#texture" },
        "west":  { "uv": [ 8.25, 5.75, 8.5, 6.25 ], "texture": "#texture" },
        "east":  { "uv": [ 7.5, 5.75, 7.75, 6.25 ], "texture": "#texture" }
    }
},
{
    "from": [ 12.625, 9.75, 7.875 ],
    "to": [ 12.875, 10, 8.125 ],
    "faces": {
        "down":  { "uv": [ 3.375, 8.125, 3.125, 7.875 ], "texture": "#texture" },
        "up":    { "uv": [ 12.625, 7.875, 12.875, 8.125 ], "texture": "#texture" },
        "north": { "uv": [ 3.125, 6, 3.375, 6.25 ], "texture": "#texture" },
        "south": { "uv": [ 12.625, 6, 12.875, 6.25 ], "texture": "#texture" },
        "west":  { "uv": [ 7.875, 6, 8.125, 6.25 ], "texture": "#texture" },
        "east":  { "uv": [ 7.875, 6, 8.125, 6.25 ], "texture": "#texture" }
    }
},
{
    "from": [ 17.5, 9.75, 7.5 ],
    "to": [ 19.5, 10, 7.75 ],
    "faces": {
        "down":  { "uv": [ 0, 7.75, 0, 7.5 ], "texture": "#texture" },
        "up":    { "uv": [ 16, 7.5, 16, 7.75 ], "texture": "#texture" },
        "north": { "uv": [ 0, 6, 0, 6.25 ], "texture": "#texture" },
        "south": { "uv": [ 16, 6, 16, 6.25 ], "texture": "#texture" },
        "west":  { "uv": [ 7.5, 6, 7.75, 6.25 ], "texture": "#texture" },
        "east":  { "uv": [ 8.25, 6, 8.5, 6.25 ], "texture": "#texture" }
    }
},
{
    "from": [ 17.5, 9.75, 8.25 ],
    "to": [ 19.5, 10, 8.5 ],
    "faces": {
        "down":  { "uv": [ 0, 8.5, 0, 8.25 ], "texture": "#texture" },
        "up":    { "uv": [ 16, 8.25, 16, 8.5 ], "texture": "#texture" },
        "north": { "uv": [ 0, 6, 0, 6.25 ], "texture": "#texture" },
        "south": { "uv": [ 16, 6, 16, 6.25 ], "texture": "#texture" },
        "west":  { "uv": [ 8.25, 6, 8.5, 6.25 ], "texture": "#texture" },
        "east":  { "uv": [ 7.5, 6, 7.75, 6.25 ], "texture": "#texture" }
    }
}
],
"display": {
    "thirdperson_righthand": {
        "rotation": [ -180, -90, -180 ],
        "translation": [ 0, 0.76, -5.1 ],
        "scale": [ 0.7, 0.7, 0.7 ]
    },
    "thirdperson_lefthand": {
        "rotation": [ -180, 90, -180 ],
        "translation": [ 0, 0.76, -5.1 ],
        "scale": [ 0.7, 0.7, 0.7 ]
    },
    "ground": {
        "rotation": [ 90, 0, 0 ],
        "translation": [ 0, 0, 0 ],
        "scale": [ 1, 1, 1 ]
    },
    "fixed": {
        "rotation": [ 0, 0, -45 ],
        "translation": [ -1.13, 2.27, 0 ],
        "scale": [ 0.5, 0.5, 0.5 ]
    },
    "firstperson_righthand": {
        "rotation": [ 4, -90, 0 ],
        "translation": [ -4.72, 4.16, -2.08 ],
        "scale": [ 0.9, 0.9, 0.9 ]
    },
    "firstperson_lefthand": {
        "rotation": [ 4, 90, 0 ],
        "translation": [ -6.43, 4.16, -2.08 ],
        "scale": [ 0.9, 0.9, 0.9 ]
    },
    "gui": {
        "rotation": [ 0, 0, -45 ],
        "translation": [ -1.13, 2.27, 0 ],
        "scale": [ 0.5, 0.5, 0.5 ]
    }
}
}